Pid,Uid,Catname,Region,Time,neighbors,forward_neighbors
0_57_0,"[0, 0, 0, 0, 0, 2, 2, 2, 2, 2, 2, 2, 2, 5, 5, 5, 6, 6, 12, 21]",[0],[57],"[0, 1, 2, 3, 4, 5, 6, 7, 8, 9, 10, 11, 12, 13, 14, 15, 17, 19, 20, 21]","[0, 0, 0, 0, 0, 2, 2, 2, 2, 2, 2, 2, 2, 5, 5, 5, 6, 6, 12, 21]","[0, 0, 0, 0, 0, 2, 2, 2, 2, 2, 2, 2, 2, 5, 5, 5, 6, 6, 12, 21]"
0_55_1,"[2, 2, 2, 2, 2, 6, 7, 9, 10, 11, 11, 11, 14, 14, 14, 14, 14, 14, 16, 20]",[0],[55],"[0, 1, 2, 3, 4, 5, 6, 7, 8, 9, 10, 11, 12, 13, 14, 15, 16, 18, 19, 20]","[2, 2, 2, 2, 2, 6, 7, 9, 10, 11, 11, 11, 14, 14, 14, 14, 14, 14, 16, 20]","[2, 2, 2, 2, 2, 6, 7, 9, 10, 11, 11, 11, 14, 14, 14, 14, 14, 14, 16, 20]"
0_65_2,"[3, 5, 6, 6, 6, 6, 6, 6, 6, 6, 6, 6, 6, 6, 6, 6, 6, 6, 6, 6]",[0],[65],"[0, 1, 2, 3, 4, 5, 6, 7, 8, 9, 10, 11, 12, 13, 14, 15, 16, 19, 20, 21]","[3, 5, 6, 6, 6, 6, 6, 6, 6, 6, 6, 6, 6, 6, 6, 6, 6, 6, 6, 6]","[3, 5, 6, 6, 6, 6, 6, 6, 6, 6, 6, 6, 6, 6, 6, 6, 6, 6, 6, 6]"
0_45_3,"[5, 5, 6, 6, 6, 6, 7, 7, 11, 11, 12, 13, 13, 14, 14, 14, 14, 14, 14, 14]",[0],[45],"[0, 1, 2, 3, 4, 5, 6, 7, 8, 9, 10, 11, 12, 13, 14, 15, 16, 19, 20, 21]","[5, 5, 6, 6, 6, 6, 7, 7, 11, 11, 12, 13, 13, 14, 14, 14, 14, 14, 14, 14]","[5, 5, 6, 6, 6, 6, 7, 7, 11, 11, 12, 13, 13, 14, 14, 14, 14, 14, 14, 14]"
0_46_4,"[0, 2, 2, 3, 3, 5, 7, 7, 7, 7, 18, 19, 21, 21, 21, 21, 21, 21, 21, 21]",[0],[46],"[0, 1, 2, 3, 4, 5, 6, 7, 8, 9, 10, 11, 12, 13, 14, 15, 16, 19, 20, 21]","[0, 2, 2, 3, 3, 5, 7, 7, 7, 7, 18, 19, 21, 21, 21, 21, 21, 21, 21, 21]","[0, 2, 2, 3, 3, 5, 7, 7, 7, 7, 18, 19, 21, 21, 21, 21, 21, 21, 21, 21]"
0_36_5,"[24, 35, 43, 46, 57, 62, 62, 62, 62, 62, 73, 75, 75, 79, 84, 96, 96, 118, 128, 128]",[0],[36],"[0, 1, 2, 3, 4, 5, 6, 7, 8, 9, 10, 11, 12, 13, 14, 15, 16, 20, 21, 22]","[24, 35, 43, 46, 57, 62, 62, 62, 62, 62, 73, 75, 75, 79, 84, 96, 96, 118, 128, 128]","[24, 35, 43, 46, 57, 62, 62, 62, 62, 62, 73, 75, 75, 79, 84, 96, 96, 118, 128, 128]"
0_57_6,"[0, 0, 9, 9, 13, 20, 20, 31, 31, 31, 31, 44, 49, 49, 49, 60, 60, 64, 64, 65]",[0],[57],"[0, 1, 2, 3, 4, 5, 6, 7, 8, 9, 10, 11, 12, 13, 14, 15, 16, 19, 20, 21]","[0, 0, 9, 9, 13, 20, 20, 31, 31, 31, 31, 44, 49, 49, 49, 60, 60, 64, 64, 65]","[0, 0, 9, 9, 13, 20, 20, 31, 31, 31, 31, 44, 49, 49, 49, 60, 60, 64, 64, 65]"
1_57_7,"[0, 12, 21, 21, 21, 21, 21, 21, 21, 26, 31, 34, 38, 45, 58, 63, 64, 74, 75, 77]",[1],[57],"[0, 1, 2, 3, 4, 5, 6, 7, 8, 9, 10, 11, 12, 13, 20]","[0, 12, 21, 21, 21, 21, 21, 21, 21, 26, 31, 34, 38, 45, 58, 63, 64, 74, 75, 77]","[0, 12, 21, 21, 21, 21, 21, 21, 21, 26, 31, 34, 38, 45, 58, 63, 64, 74, 75, 77]"
0_5_8,"[5, 5, 29, 33, 34, 37, 75, 75, 75, 75, 75, 75, 75, 75, 75, 75, 75, 75, 75, 75]",[0],[5],"[0, 1, 2, 3, 4, 5, 6, 7, 8, 9, 10, 11, 12, 13, 14, 15, 20, 21, 22, 23]","[5, 5, 29, 33, 34, 37, 75, 75, 75, 75, 75, 75, 75, 75, 75, 75, 75, 75, 75, 75]","[5, 5, 29, 33, 34, 37, 75, 75, 75, 75, 75, 75, 75, 75, 75, 75, 75, 75, 75, 75]"
0_46_9,"[8, 44, 64, 74, 75, 77, 84, 88, 104, 104, 105, 106, 106, 128, 149, 149, 149, 149, 160, 165]",[0],[46],"[0, 1, 2, 3, 4, 5, 6, 7, 8, 9, 10, 11, 12, 13, 14, 15, 16, 21, 22, 23]","[8, 44, 64, 74, 75, 77, 84, 88, 104, 104, 105, 106, 106, 128, 149, 149, 149, 149, 160, 165]","[8, 44, 64, 74, 75, 77, 84, 88, 104, 104, 105, 106, 106, 128, 149, 149, 149, 149, 160, 165]"
0_36_10,"[18, 23, 24, 30, 62, 62, 62, 62, 62, 131, 131, 131, 131, 131, 132, 149, 149, 149, 226, 226]",[0],[36],"[0, 1, 2, 3, 4, 5, 6, 7, 8, 9, 10, 11, 12, 13, 14, 15, 16, 21, 22, 23]","[18, 23, 24, 30, 62, 62, 62, 62, 62, 131, 131, 131, 131, 131, 132, 149, 149, 149, 226, 226]","[18, 23, 24, 30, 62, 62, 62, 62, 62, 131, 131, 131, 131, 131, 132, 149, 149, 149, 226, 226]"
0_75_11,"[20, 27, 27, 27, 62, 62, 62, 62, 62, 62, 62, 62, 62, 62, 62, 62, 62, 62, 92, 126]",[0],[75],"[0, 1, 2, 3, 4, 5, 6, 7, 8, 9, 10, 11, 12, 13, 14, 15, 20, 21, 22, 23]","[20, 27, 27, 27, 62, 62, 62, 62, 62, 62, 62, 62, 62, 62, 62, 62, 62, 62, 92, 126]","[20, 27, 27, 27, 62, 62, 62, 62, 62, 62, 62, 62, 62, 62, 62, 62, 62, 62, 92, 126]"
0_52_12,"[50, 114, 114, 114, 114, 114, 114, 114, 114, 114, 114, 114, 114, 114, 114, 114, 114, 114, 114, 114]",[0],[52],"[0, 1, 2, 3, 4, 5, 6, 7, 8, 9, 10, 11, 12, 13, 14, 15, 16, 20, 21, 22]","[50, 114, 114, 114, 114, 114, 114, 114, 114, 114, 114, 114, 114, 114, 114, 114, 114, 114, 114, 114]","[50, 114, 114, 114, 114, 114, 114, 114, 114, 114, 114, 114, 114, 114, 114, 114, 114, 114, 114, 114]"
0_36_13,"[18, 21, 21, 21, 21, 21, 21, 21, 21, 21, 21, 21, 47, 119, 148, 148, 191, 196, 226, 226]",[0],[36],"[0, 1, 2, 3, 4, 5, 6, 7, 8, 9, 10, 11, 12, 13, 14, 15, 20, 21, 22, 23]","[18, 21, 21, 21, 21, 21, 21, 21, 21, 21, 21, 21, 47, 119, 148, 148, 191, 196, 226, 226]","[18, 21, 21, 21, 21, 21, 21, 21, 21, 21, 21, 21, 47, 119, 148, 148, 191, 196, 226, 226]"
0_67_14,"[0, 8, 9, 9, 9, 9, 9, 9, 9, 9, 9, 9, 9, 9, 9, 9, 9, 9, 9, 9]",[0],[67],"[0, 1, 2, 3, 4, 5, 6, 7, 8, 9, 10, 11, 12, 13, 14, 15, 16, 20, 21, 22]","[0, 8, 9, 9, 9, 9, 9, 9, 9, 9, 9, 9, 9, 9, 9, 9, 9, 9, 9, 9]","[0, 8, 9, 9, 9, 9, 9, 9, 9, 9, 9, 9, 9, 9, 9, 9, 9, 9, 9, 9]"
0_26_15,"[6, 15, 21, 21, 128, 129, 129, 131, 131, 141, 157, 157, 157, 177, 226, 249, 249, 251, 263, 275]",[0],[26],"[0, 1, 2, 3, 4, 5, 6, 7, 8, 9, 10, 11, 12, 13, 14, 15, 21, 22, 23]","[6, 15, 21, 21, 128, 129, 129, 131, 131, 141, 157, 157, 157, 177, 226, 249, 249, 251, 263, 275]","[6, 15, 21, 21, 128, 129, 129, 131, 131, 141, 157, 157, 157, 177, 226, 249, 249, 251, 263, 275]"
0_55_16,"[6, 12, 12, 22, 31, 44, 65, 65, 65, 68, 76, 88, 88, 88, 126, 130, 130, 130, 130, 136]",[0],[55],"[0, 1, 2, 3, 4, 5, 6, 7, 8, 9, 10, 11, 12, 13, 14, 15, 17, 19, 20, 21]","[6, 12, 12, 22, 31, 44, 65, 65, 65, 68, 76, 88, 88, 88, 126, 130, 130, 130, 130, 136]","[6, 12, 12, 22, 31, 44, 65, 65, 65, 68, 76, 88, 88, 88, 126, 130, 130, 130, 130, 136]"
0_45_17,"[5, 28, 38, 58, 58, 61, 108, 126, 134, 141, 144, 144, 162, 219, 219, 243, 270, 270, 283, 302]",[0],[45],"[0, 1, 2, 3, 4, 5, 6, 7, 8, 9, 10, 11, 12, 13, 14, 15, 20, 21, 22, 23]","[5, 28, 38, 58, 58, 61, 108, 126, 134, 141, 144, 144, 162, 219, 219, 243, 270, 270, 283, 302]","[5, 28, 38, 58, 58, 61, 108, 126, 134, 141, 144, 144, 162, 219, 219, 243, 270, 270, 283, 302]"
0_36_18,"[4, 4, 4, 18, 21, 44, 53, 63, 63, 63, 63, 75, 77, 85, 104, 104, 104, 104, 104, 104]",[0],[36],"[0, 1, 2, 3, 4, 5, 6, 7, 8, 9, 10, 11, 12, 13, 14, 15, 20, 21, 22, 23]","[4, 4, 4, 18, 21, 44, 53, 63, 63, 63, 63, 75, 77, 85, 104, 104, 104, 104, 104, 104]","[4, 4, 4, 18, 21, 44, 53, 63, 63, 63, 63, 75, 77, 85, 104, 104, 104, 104, 104, 104]"
0_31_19,"[16, 16, 16, 19, 19, 30, 33, 35, 55, 55, 55, 55, 55, 55, 55, 55, 55, 55, 55, 55]",[0],[31],"[0, 1, 2, 3, 4, 5, 6, 7, 8, 9, 10, 11, 12, 13, 14, 15, 18, 20, 21, 22]","[16, 16, 16, 19, 19, 30, 33, 35, 55, 55, 55, 55, 55, 55, 55, 55, 55, 55, 55, 55]","[16, 16, 16, 19, 19, 30, 33, 35, 55, 55, 55, 55, 55, 55, 55, 55, 55, 55, 55, 55]"
0_67_20,"[9, 9, 9, 9, 9, 9, 9, 9, 9, 9, 9, 9, 9, 9, 9, 9, 9, 37, 65, 65]",[0],[67],"[0, 1, 2, 3, 4, 5, 6, 7, 8, 9, 10, 11, 12, 13, 14, 15, 16, 20, 21, 22]","[9, 9, 9, 9, 9, 9, 9, 9, 9, 9, 9, 9, 9, 9, 9, 9, 9, 37, 65, 65]","[9, 9, 9, 9, 9, 9, 9, 9, 9, 9, 9, 9, 9, 9, 9, 9, 9, 37, 65, 65]"
0_52_21,"[2, 2, 6, 21, 22, 22, 36, 81, 102, 113, 114, 114, 114, 124, 138, 159, 162, 173, 173, 186]",[0],[52],"[0, 1, 2, 3, 4, 5, 6, 7, 8, 9, 10, 11, 12, 13, 14, 15, 16, 17, 20, 21]","[2, 2, 6, 21, 22, 22, 36, 81, 102, 113, 114, 114, 114, 124, 138, 159, 162, 173, 173, 186]","[2, 2, 6, 21, 22, 22, 36, 81, 102, 113, 114, 114, 114, 124, 138, 159, 162, 173, 173, 186]"
0_56_22,"[5, 6, 6, 6, 6, 6, 6, 6, 6, 6, 6, 6, 6, 6, 6, 6, 6, 31, 36, 36]",[0],[56],"[0, 1, 2, 3, 4, 5, 6, 7, 8, 9, 10, 11, 12, 13, 14, 15, 20, 21, 22, 23]","[5, 6, 6, 6, 6, 6, 6, 6, 6, 6, 6, 6, 6, 6, 6, 6, 6, 31, 36, 36]","[5, 6, 6, 6, 6, 6, 6, 6, 6, 6, 6, 6, 6, 6, 6, 6, 6, 31, 36, 36]"
0_54_23,"[10, 21, 22, 34, 74, 137, 138, 138, 159, 159, 159, 159, 159, 169, 170, 173, 173, 201, 207, 274]",[0],[54],"[0, 1, 2, 3, 4, 5, 6, 7, 8, 9, 10, 11, 12, 13, 14, 15, 16, 19, 21, 22]","[10, 21, 22, 34, 74, 137, 138, 138, 159, 159, 159, 159, 159, 169, 170, 173, 173, 201, 207, 274]","[10, 21, 22, 34, 74, 137, 138, 138, 159, 159, 159, 159, 159, 169, 170, 173, 173, 201, 207, 274]"
0_14_24,"[46, 46, 75, 75, 75, 87, 87, 87, 87, 105, 105, 125, 131, 131, 131, 131, 131, 131, 131, 131]",[0],[14],"[0, 1, 2, 3, 4, 5, 6, 7, 8, 9, 10, 11, 12, 13, 14, 15, 20, 22, 23]","[46, 46, 75, 75, 75, 87, 87, 87, 87, 105, 105, 125, 131, 131, 131, 131, 131, 131, 131, 131]","[46, 46, 75, 75, 75, 87, 87, 87, 87, 105, 105, 125, 131, 131, 131, 131, 131, 131, 131, 131]"
0_56_25,"[2, 2, 2, 14, 22, 31, 31, 31, 31, 31, 31, 31, 38, 40, 46, 51, 51, 51, 51, 51]",[0],[56],"[0, 1, 2, 3, 4, 5, 6, 7, 8, 9, 10, 11, 12, 13, 14, 15, 20, 21, 22, 23]","[2, 2, 2, 14, 22, 31, 31, 31, 31, 31, 31, 31, 38, 40, 46, 51, 51, 51, 51, 51]","[2, 2, 2, 14, 22, 31, 31, 31, 31, 31, 31, 31, 38, 40, 46, 51, 51, 51, 51, 51]"
0_56_26,"[6, 6, 14, 14, 36, 38, 38, 46, 46, 46, 46, 46, 46, 46, 53, 58, 61, 65, 74, 132]",[0],[56],"[0, 1, 2, 3, 4, 5, 6, 7, 8, 9, 10, 11, 12, 13, 14, 15, 20, 21, 22, 23]","[6, 6, 14, 14, 36, 38, 38, 46, 46, 46, 46, 46, 46, 46, 53, 58, 61, 65, 74, 132]","[6, 6, 14, 14, 36, 38, 38, 46, 46, 46, 46, 46, 46, 46, 53, 58, 61, 65, 74, 132]"
0_16_27,"[20, 75, 75, 75, 75, 75, 75, 75, 75, 75, 75, 75, 75, 75, 75, 75, 75, 75, 75, 75]",[0],[16],"[0, 1, 2, 3, 4, 5, 6, 7, 8, 9, 10, 11, 12, 13, 14, 15, 17, 20, 22, 23]","[20, 75, 75, 75, 75, 75, 75, 75, 75, 75, 75, 75, 75, 75, 75, 75, 75, 75, 75, 75]","[20, 75, 75, 75, 75, 75, 75, 75, 75, 75, 75, 75, 75, 75, 75, 75, 75, 75, 75, 75]"
0_15_28,"[17, 75, 106, 128, 152, 207, 210, 222, 226, 226, 226, 226, 226, 226, 275, 278, 282, 334, 347, 347]",[0],[15],"[0, 1, 2, 3, 4, 5, 6, 7, 8, 9, 10, 11, 12, 13, 14, 15, 19, 20, 22, 23]","[17, 75, 106, 128, 152, 207, 210, 222, 226, 226, 226, 226, 226, 226, 275, 278, 282, 334, 347, 347]","[17, 75, 106, 128, 152, 207, 210, 222, 226, 226, 226, 226, 226, 226, 275, 278, 282, 334, 347, 347]"
0_94_29,"[74, 142, 169, 173, 173, 173, 244, 244, 244, 244, 244, 244, 244, 244, 244, 244, 244, 244, 244, 244]",[0],[94],"[0, 1, 2, 3, 4, 5, 6, 7, 8, 9, 10, 11, 12, 13, 14, 15, 18, 20, 21, 22]","[74, 142, 169, 173, 173, 173, 244, 244, 244, 244, 244, 244, 244, 244, 244, 244, 244, 244, 244, 244]","[74, 142, 169, 173, 173, 173, 244, 244, 244, 244, 244, 244, 244, 244, 244, 244, 244, 244, 244, 244]"
0_20_30,"[41, 41, 41, 41, 41, 41, 41, 41, 41, 41, 41, 41, 41, 41, 41, 41, 41, 41, 41, 41]",[0],[20],"[0, 1, 2, 3, 4, 5, 6, 7, 8, 9, 10, 11, 12, 13, 14, 15, 20, 21, 22, 23]","[41, 41, 41, 41, 41, 41, 41, 41, 41, 41, 41, 41, 41, 41, 41, 41, 41, 41, 41, 41]","[41, 41, 41, 41, 41, 41, 41, 41, 41, 41, 41, 41, 41, 41, 41, 41, 41, 41, 41, 41]"
0_45_31,"[47, 47, 47, 47, 47, 47, 47, 47, 51, 55, 55, 55, 55, 55, 55, 55, 55, 102, 135, 135]",[0],[45],"[0, 1, 2, 3, 4, 5, 6, 7, 8, 9, 10, 11, 12, 13, 14, 15, 20, 21, 22, 23]","[47, 47, 47, 47, 47, 47, 47, 47, 51, 55, 55, 55, 55, 55, 55, 55, 55, 102, 135, 135]","[47, 47, 47, 47, 47, 47, 47, 47, 51, 55, 55, 55, 55, 55, 55, 55, 55, 102, 135, 135]"
0_36_32,"[21, 21, 47, 47, 58, 58, 70, 70, 71, 73, 96, 96, 96, 96, 96, 96, 96, 96, 96, 96]",[0],[36],"[0, 1, 2, 3, 4, 5, 6, 7, 8, 9, 10, 11, 12, 13, 14, 15, 20, 21, 22, 23]","[21, 21, 47, 47, 58, 58, 70, 70, 71, 73, 96, 96, 96, 96, 96, 96, 96, 96, 96, 96]","[21, 21, 47, 47, 58, 58, 70, 70, 71, 73, 96, 96, 96, 96, 96, 96, 96, 96, 96, 96]"
0_58_33,"[62, 77, 79, 79, 79, 79, 79, 79, 80, 106, 126, 128, 130, 155, 177, 184, 184, 205, 205, 226]",[0],[58],"[0, 1, 2, 3, 4, 5, 6, 7, 8, 9, 10, 11, 12, 13, 14, 15, 16, 21, 22, 23]","[62, 77, 79, 79, 79, 79, 79, 79, 80, 106, 126, 128, 130, 155, 177, 184, 184, 205, 205, 226]","[62, 77, 79, 79, 79, 79, 79, 79, 80, 106, 126, 128, 130, 155, 177, 184, 184, 205, 205, 226]"
0_35_34,"[13, 13, 14, 14, 14, 14, 14, 62, 62, 62, 62, 62, 62, 62, 77, 94, 122, 128, 128, 162]",[0],[35],"[0, 1, 2, 3, 4, 5, 6, 7, 8, 9, 10, 11, 12, 13, 14, 15, 16, 21, 22, 23]","[13, 13, 14, 14, 14, 14, 14, 62, 62, 62, 62, 62, 62, 62, 77, 94, 122, 128, 128, 162]","[13, 13, 14, 14, 14, 14, 14, 62, 62, 62, 62, 62, 62, 62, 77, 94, 122, 128, 128, 162]"
0_26_35,"[14, 17, 46, 46, 46, 46, 46, 46, 46, 53, 62, 85, 126, 129, 157, 157, 157, 157, 157, 157]",[0],[26],"[0, 1, 2, 3, 4, 5, 6, 7, 8, 9, 10, 11, 12, 13, 14, 15, 16, 20, 21, 22]","[14, 17, 46, 46, 46, 46, 46, 46, 46, 53, 62, 85, 126, 129, 157, 157, 157, 157, 157, 157]","[14, 17, 46, 46, 46, 46, 46, 46, 46, 53, 62, 85, 126, 129, 157, 157, 157, 157, 157, 157]"
0_50_36,"[2, 75, 75, 75, 75, 75, 75, 75, 75, 75, 75, 75, 75, 75, 114, 114, 137, 138, 138, 138]",[0],[50],"[0, 1, 2, 3, 4, 5, 6, 7, 8, 9, 10, 11, 12, 13, 14, 15, 16, 19, 20, 21]","[2, 75, 75, 75, 75, 75, 75, 75, 75, 75, 75, 75, 75, 75, 114, 114, 137, 138, 138, 138]","[2, 75, 75, 75, 75, 75, 75, 75, 75, 75, 75, 75, 75, 75, 114, 114, 137, 138, 138, 138]"
0_65_37,"[30, 30, 30, 45, 70, 70, 70, 70, 70, 106, 127, 127, 127, 141, 141, 141, 141, 141, 141, 141]",[0],[65],"[0, 1, 2, 3, 4, 5, 6, 7, 8, 9, 10, 11, 12, 13, 14, 15, 20, 21, 22, 23]","[30, 30, 30, 45, 70, 70, 70, 70, 70, 106, 127, 127, 127, 141, 141, 141, 141, 141, 141, 141]","[30, 30, 30, 45, 70, 70, 70, 70, 70, 106, 127, 127, 127, 141, 141, 141, 141, 141, 141, 141]"
0_15_38,"[37, 58, 58, 75, 75, 87, 126, 152, 163, 163, 163, 163, 163, 210, 226, 238, 238, 262, 295, 368]",[0],[15],"[0, 1, 2, 3, 4, 5, 6, 7, 8, 9, 10, 11, 12, 13, 14, 15, 16, 20, 21, 22]","[37, 58, 58, 75, 75, 87, 126, 152, 163, 163, 163, 163, 163, 210, 226, 238, 238, 262, 295, 368]","[37, 58, 58, 75, 75, 87, 126, 152, 163, 163, 163, 163, 163, 210, 226, 238, 238, 262, 295, 368]"
0_24_39,"[14, 14, 14, 14, 14, 14, 14, 14, 14, 14, 14, 14, 14, 14, 14, 14, 14, 14, 29, 46]",[0],[24],"[0, 1, 2, 3, 4, 5, 6, 7, 8, 9, 10, 11, 12, 13, 14, 15, 16, 20, 21, 22]","[14, 14, 14, 14, 14, 14, 14, 14, 14, 14, 14, 14, 14, 14, 14, 14, 14, 14, 29, 46]","[14, 14, 14, 14, 14, 14, 14, 14, 14, 14, 14, 14, 14, 14, 14, 14, 14, 14, 29, 46]"
0_65_40,"[45, 88, 88, 88, 88, 88, 88, 88, 88, 88, 88, 88, 88, 88, 88, 88, 88, 88, 92, 92]",[0],[65],"[0, 1, 2, 3, 4, 5, 6, 7, 8, 9, 10, 11, 12, 13, 14, 15, 20, 21, 22, 23]","[45, 88, 88, 88, 88, 88, 88, 88, 88, 88, 88, 88, 88, 88, 88, 88, 88, 88, 92, 92]","[45, 88, 88, 88, 88, 88, 88, 88, 88, 88, 88, 88, 88, 88, 88, 88, 88, 88, 92, 92]"
0_44_41,"[47, 65, 65, 135, 135, 138, 150, 150, 168, 168, 168, 168, 168, 168, 168, 168, 168, 168, 168, 168]",[0],[44],"[0, 1, 2, 3, 4, 5, 6, 7, 8, 9, 10, 11, 12, 13, 14, 15, 16, 19, 20, 21]","[47, 65, 65, 135, 135, 138, 150, 150, 168, 168, 168, 168, 168, 168, 168, 168, 168, 168, 168, 168]","[47, 65, 65, 135, 135, 138, 150, 150, 168, 168, 168, 168, 168, 168, 168, 168, 168, 168, 168, 168]"
0_57_42,"[2, 21, 31, 31, 31, 31, 31, 31, 31, 65, 106, 121, 134, 143, 165, 165, 173, 186, 186, 207]",[0],[57],"[0, 1, 2, 3, 4, 5, 6, 7, 8, 9, 10, 11, 12, 13, 14, 15, 19, 20, 22, 23]","[2, 21, 31, 31, 31, 31, 31, 31, 31, 65, 106, 121, 134, 143, 165, 165, 173, 186, 186, 207]","[2, 21, 31, 31, 31, 31, 31, 31, 31, 65, 106, 121, 134, 143, 165, 165, 173, 186, 186, 207]"
0_4_43,"[14, 28, 46, 68, 84, 84, 100, 101, 117, 270, 299, 299, 299, 299, 299, 299, 299, 299, 299, 307]",[0],[4],"[0, 1, 2, 3, 4, 5, 6, 7, 8, 9, 10, 11, 12, 13, 14, 15, 16, 17, 20, 21]","[14, 28, 46, 68, 84, 84, 100, 101, 117, 270, 299, 299, 299, 299, 299, 299, 299, 299, 299, 307]","[14, 28, 46, 68, 84, 84, 100, 101, 117, 270, 299, 299, 299, 299, 299, 299, 299, 299, 299, 307]"
0_45_44,"[5, 20, 29, 29, 29, 29, 50, 50, 50, 50, 61, 61, 61, 61, 67, 67, 67, 87, 96, 96]",[0],[45],"[0, 1, 2, 3, 4, 5, 6, 7, 8, 9, 10, 11, 12, 13, 14, 15, 22, 23]","[5, 20, 29, 29, 29, 29, 50, 50, 50, 50, 61, 61, 61, 61, 67, 67, 67, 87, 96, 96]","[5, 20, 29, 29, 29, 29, 50, 50, 50, 50, 61, 61, 61, 61, 67, 67, 67, 87, 96, 96]"
0_45_45,"[3, 5, 5, 11, 41, 58, 58, 58, 86, 115, 126, 126, 137, 137, 152, 152, 169, 169, 178, 188]",[0],[45],"[0, 1, 2, 3, 4, 5, 6, 7, 8, 9, 10, 11, 12, 13, 14, 15, 21, 22, 23]","[3, 5, 5, 11, 41, 58, 58, 58, 86, 115, 126, 126, 137, 137, 152, 152, 169, 169, 178, 188]","[3, 5, 5, 11, 41, 58, 58, 58, 86, 115, 126, 126, 137, 137, 152, 152, 169, 169, 178, 188]"
2_45_46,"[14, 20, 29, 94, 94, 109, 122, 128, 128, 144, 153, 153, 156, 162, 168, 174, 192, 202, 208, 216]",[2],[45],"[0, 1, 2, 3, 4, 5, 6, 7, 8, 9, 10, 11, 12, 13, 14, 21, 23]","[14, 20, 29, 94, 94, 109, 122, 128, 128, 144, 153, 153, 156, 162, 168, 174, 192, 202, 208, 216]","[14, 20, 29, 94, 94, 109, 122, 128, 128, 144, 153, 153, 156, 162, 168, 174, 192, 202, 208, 216]"
3_7_47,"[4, 4, 7, 31, 34, 34, 47, 47, 47, 63, 96, 100, 100, 106, 106, 182, 182, 186, 190, 190]",[3],[7],"[0, 1, 2, 3, 4, 5, 6, 7, 8, 9, 10, 11, 12, 13, 14, 15, 20, 21, 22, 23]","[4, 4, 7, 31, 34, 34, 47, 47, 47, 63, 96, 100, 100, 106, 106, 182, 182, 186, 190, 190]","[4, 4, 7, 31, 34, 34, 47, 47, 47, 63, 96, 100, 100, 106, 106, 182, 182, 186, 190, 190]"
0_45_48,"[6, 6, 6, 20, 27, 45, 51, 64, 64, 71, 72, 72, 77, 85, 86, 88, 88, 128, 130, 130]",[0],[45],"[0, 1, 2, 3, 4, 5, 6, 7, 8, 9, 10, 11, 12, 13, 14, 21, 22, 23]","[6, 6, 6, 20, 27, 45, 51, 64, 64, 71, 72, 72, 77, 85, 86, 88, 88, 128, 130, 130]","[6, 6, 6, 20, 27, 45, 51, 64, 64, 71, 72, 72, 77, 85, 86, 88, 88, 128, 130, 130]"
0_35_49,"[3, 46, 46, 46, 46, 46, 46, 85, 128, 128, 131, 131, 131, 131, 131, 154, 194, 194, 194, 194]",[0],[35],"[0, 1, 2, 3, 4, 5, 6, 7, 8, 9, 10, 11, 12, 13, 14, 15, 19, 20, 21, 22]","[3, 46, 46, 46, 46, 46, 46, 85, 128, 128, 131, 131, 131, 131, 131, 154, 194, 194, 194, 194]","[3, 46, 46, 46, 46, 46, 46, 85, 128, 128, 131, 131, 131, 131, 131, 154, 194, 194, 194, 194]"
0_46_50,"[13, 13, 21, 34, 79, 104, 104, 156, 165, 165, 165, 165, 172, 172, 179, 205, 205, 205, 214, 214]",[0],[46],"[0, 1, 2, 3, 4, 5, 6, 7, 8, 9, 10, 11, 12, 13, 14, 15, 19, 20, 21, 22]","[13, 13, 21, 34, 79, 104, 104, 156, 165, 165, 165, 165, 172, 172, 179, 205, 205, 205, 214, 214]","[13, 13, 21, 34, 79, 104, 104, 156, 165, 165, 165, 165, 172, 172, 179, 205, 205, 205, 214, 214]"
0_54_51,"[23, 41, 71, 264, 323, 323, 330, 330, 330, 330, 367, 367, 415, 415, 415, 415, 415, 415, 415, 415]",[0],[54],"[0, 1, 2, 3, 4, 5, 6, 7, 8, 9, 10, 11, 12, 13, 14, 15, 16, 19, 20, 21]","[23, 41, 71, 264, 323, 323, 330, 330, 330, 330, 367, 367, 415, 415, 415, 415, 415, 415, 415, 415]","[23, 41, 71, 264, 323, 323, 330, 330, 330, 330, 367, 367, 415, 415, 415, 415, 415, 415, 415, 415]"
0_23_52,"[11, 53, 53, 53, 53, 53, 53, 53, 53, 53, 53, 53, 53, 53, 53, 53, 53, 53, 53, 53]",[0],[23],"[0, 1, 2, 3, 4, 5, 6, 7, 8, 9, 10, 11, 12, 13, 14, 15, 21, 22, 23]","[11, 53, 53, 53, 53, 53, 53, 53, 53, 53, 53, 53, 53, 53, 53, 53, 53, 53, 53, 53]","[11, 53, 53, 53, 53, 53, 53, 53, 53, 53, 53, 53, 53, 53, 53, 53, 53, 53, 53, 53]"
0_38_53,"[0, 5, 5, 6, 6, 6, 6, 6, 8, 30, 30, 36, 36, 36, 62, 74, 167, 195, 195, 195]",[0],[38],"[0, 1, 2, 3, 4, 5, 6, 7, 8, 9, 10, 11, 12, 13, 14, 15, 16, 19, 20, 21]","[0, 5, 5, 6, 6, 6, 6, 6, 8, 30, 30, 36, 36, 36, 62, 74, 167, 195, 195, 195]","[0, 5, 5, 6, 6, 6, 6, 6, 8, 30, 30, 36, 36, 36, 62, 74, 167, 195, 195, 195]"
0_35_54,"[101, 128, 128, 131, 141, 147, 147, 149, 152, 152, 152, 152, 152, 152, 152, 162, 162, 194, 251, 275]",[0],[35],"[0, 1, 2, 3, 4, 5, 6, 7, 8, 9, 10, 11, 12, 13, 14, 15, 19, 20, 22, 23]","[101, 128, 128, 131, 141, 147, 147, 149, 152, 152, 152, 152, 152, 152, 152, 162, 162, 194, 251, 275]","[101, 128, 128, 131, 141, 147, 147, 149, 152, 152, 152, 152, 152, 152, 152, 162, 162, 194, 251, 275]"
0_37_55,"[0, 2, 6, 6, 6, 46, 46, 46, 85, 90, 129, 129, 162, 186, 186, 187, 221, 229, 229, 233]",[0],[37],"[0, 1, 2, 3, 4, 5, 6, 7, 8, 9, 10, 11, 12, 13, 14, 15, 20, 21, 22, 23]","[0, 2, 6, 6, 6, 46, 46, 46, 85, 90, 129, 129, 162, 186, 186, 187, 221, 229, 229, 233]","[0, 2, 6, 6, 6, 46, 46, 46, 85, 90, 129, 129, 162, 186, 186, 187, 221, 229, 229, 233]"
0_57_56,"[22, 22, 22, 45, 45, 45, 173, 183, 189, 212, 213, 226, 247, 255, 257, 260, 306, 323, 395, 427]",[0],[57],"[0, 1, 2, 3, 4, 5, 6, 7, 8, 9, 10, 11, 12, 13, 14, 21, 22, 23]","[22, 22, 22, 45, 45, 45, 173, 183, 189, 212, 213, 226, 247, 255, 257, 260, 306, 323, 395, 427]","[22, 22, 22, 45, 45, 45, 173, 183, 189, 212, 213, 226, 247, 255, 257, 260, 306, 323, 395, 427]"
0_40_57,"[29, 47, 47, 47, 47, 47, 47, 47, 47, 47, 47, 51, 51, 51, 51, 51, 74, 74, 78, 114]",[0],[40],"[0, 1, 2, 3, 4, 5, 6, 7, 8, 9, 10, 11, 12, 13, 14, 15, 16, 20, 21, 22]","[29, 47, 47, 47, 47, 47, 47, 47, 47, 47, 47, 51, 51, 51, 51, 51, 74, 74, 78, 114]","[29, 47, 47, 47, 47, 47, 47, 47, 47, 47, 47, 51, 51, 51, 51, 51, 74, 74, 78, 114]"
0_22_58,"[53, 53, 53, 53, 53, 53, 53, 53, 53, 53, 53, 53, 53, 53, 53, 53, 53, 53, 53, 53]",[0],[22],"[0, 1, 2, 3, 4, 5, 6, 7, 8, 9, 10, 11, 12, 13, 14, 15, 20, 22, 23]","[53, 53, 53, 53, 53, 53, 53, 53, 53, 53, 53, 53, 53, 53, 53, 53, 53, 53, 53, 53]","[53, 53, 53, 53, 53, 53, 53, 53, 53, 53, 53, 53, 53, 53, 53, 53, 53, 53, 53, 53]"
4_45_59,"[13, 16, 34, 34, 61, 75, 79, 84, 88, 106, 128, 180, 192, 227, 248, 275, 287, 339, 339, 339]",[4],[45],"[0, 1, 2, 3, 4, 5, 6, 7, 8, 9, 10, 11, 12, 13, 14, 15, 21, 22, 23]","[13, 16, 34, 34, 61, 75, 79, 84, 88, 106, 128, 180, 192, 227, 248, 275, 287, 339, 339, 339]","[13, 16, 34, 34, 61, 75, 79, 84, 88, 106, 128, 180, 192, 227, 248, 275, 287, 339, 339, 339]"
0_25_60,"[46, 46, 46, 46, 46, 46, 46, 46, 46, 46, 46, 46, 46, 46, 46, 46, 46, 46, 46, 46]",[0],[25],"[0, 1, 2, 3, 4, 5, 6, 7, 8, 9, 10, 11, 12, 13, 14, 15, 19, 21, 22, 23]","[46, 46, 46, 46, 46, 46, 46, 46, 46, 46, 46, 46, 46, 46, 46, 46, 46, 46, 46, 46]","[46, 46, 46, 46, 46, 46, 46, 46, 46, 46, 46, 46, 46, 46, 46, 46, 46, 46, 46, 46]"
5_37_61,"[0, 2, 5, 6, 6, 14, 14, 27, 34, 36, 46, 68, 86, 122, 122, 132, 186, 221, 226, 229]",[5],[37],"[0, 1, 2, 3, 4, 5, 6, 7, 8, 9, 10, 11, 12, 14, 16, 20, 21, 22, 23]","[0, 2, 5, 6, 6, 14, 14, 27, 34, 36, 46, 68, 86, 122, 122, 132, 186, 221, 226, 229]","[0, 2, 5, 6, 6, 14, 14, 27, 34, 36, 46, 68, 86, 122, 122, 132, 186, 221, 226, 229]"
0_58_62,"[4, 10, 38, 128, 184, 226, 230, 230, 230, 230, 240, 251, 260, 260, 315, 336, 337, 344, 352, 363]",[0],[58],"[0, 1, 2, 3, 4, 5, 6, 7, 8, 9, 10, 11, 12, 13, 14, 15, 21, 22, 23]","[4, 10, 38, 128, 184, 226, 230, 230, 230, 230, 240, 251, 260, 260, 315, 336, 337, 344, 352, 363]","[4, 10, 38, 128, 184, 226, 230, 230, 230, 230, 240, 251, 260, 260, 315, 336, 337, 344, 352, 363]"
0_66_63,"[9, 9, 31, 31, 79, 79, 79, 79, 79, 79, 92, 92, 171, 205, 209, 209, 209, 209, 209, 209]",[0],[66],"[0, 1, 2, 3, 4, 5, 6, 7, 8, 9, 10, 11, 12, 13, 14, 15, 19, 21, 22, 23]","[9, 9, 31, 31, 79, 79, 79, 79, 79, 79, 92, 92, 171, 205, 209, 209, 209, 209, 209, 209]","[9, 9, 31, 31, 79, 79, 79, 79, 79, 79, 92, 92, 171, 205, 209, 209, 209, 209, 209, 209]"
0_14_64,"[75, 87, 87, 87, 87, 87, 87, 87, 87, 87, 87, 87, 87, 87, 100, 100, 100, 100, 100, 100]",[0],[14],"[0, 1, 2, 3, 4, 5, 6, 7, 8, 9, 10, 11, 12, 13, 14, 15, 22, 23]","[75, 87, 87, 87, 87, 87, 87, 87, 87, 87, 87, 87, 87, 87, 100, 100, 100, 100, 100, 100]","[75, 87, 87, 87, 87, 87, 87, 87, 87, 87, 87, 87, 87, 87, 100, 100, 100, 100, 100, 100]"
0_57_65,"[60, 80, 80, 80, 80, 80, 80, 80, 80, 80, 80, 97, 151, 151, 170, 231, 231, 231, 231, 231]",[0],[57],"[0, 1, 2, 3, 4, 5, 6, 7, 8, 9, 10, 11, 12, 13, 14, 15, 21, 22, 23]","[60, 80, 80, 80, 80, 80, 80, 80, 80, 80, 80, 97, 151, 151, 170, 231, 231, 231, 231, 231]","[60, 80, 80, 80, 80, 80, 80, 80, 80, 80, 80, 97, 151, 151, 170, 231, 231, 231, 231, 231]"
0_57_66,"[110, 138, 191, 235, 235, 235, 266, 303, 303, 303, 303, 303, 303, 303, 303, 303, 303, 303, 303, 303]",[0],[57],"[0, 1, 2, 3, 4, 5, 6, 7, 8, 9, 10, 11, 12, 13, 14, 15, 22, 23]","[110, 138, 191, 235, 235, 235, 266, 303, 303, 303, 303, 303, 303, 303, 303, 303, 303, 303, 303, 303]","[110, 138, 191, 235, 235, 235, 266, 303, 303, 303, 303, 303, 303, 303, 303, 303, 303, 303, 303, 303]"
0_66_67,"[31, 31, 31, 48, 126, 126, 126, 209, 209, 209, 209, 209, 209, 209, 220, 292, 292, 292, 292, 292]",[0],[66],"[0, 1, 2, 3, 4, 5, 6, 7, 8, 9, 10, 11, 12, 13, 14, 15, 20, 22, 23]","[31, 31, 31, 48, 126, 126, 126, 209, 209, 209, 209, 209, 209, 209, 220, 292, 292, 292, 292, 292]","[31, 31, 31, 48, 126, 126, 126, 209, 209, 209, 209, 209, 209, 209, 220, 292, 292, 292, 292, 292]"
4_57_68,"[5, 5, 5, 89, 89, 205, 205, 205, 273, 277, 396, 401, 417, 426, 476, 476, 480, 480, 480, 480]",[4],[57],"[0, 1, 2, 3, 4, 5, 6, 7, 8, 9, 10, 11, 12, 13, 14, 15, 23]","[5, 5, 5, 89, 89, 205, 205, 205, 273, 277, 396, 401, 417, 426, 476, 476, 480, 480, 480, 480]","[5, 5, 5, 89, 89, 205, 205, 205, 273, 277, 396, 401, 417, 426, 476, 476, 480, 480, 480, 480]"
0_85_69,"[56, 56, 126, 126, 126, 126, 147, 147, 147, 147, 147, 169, 390, 420, 614, 717, 717, 717, 717, 717]",[0],[85],"[0, 1, 2, 3, 4, 5, 6, 7, 8, 9, 10, 11, 12, 13, 14, 15, 20, 22, 23]","[56, 56, 126, 126, 126, 126, 147, 147, 147, 147, 147, 169, 390, 420, 614, 717, 717, 717, 717, 717]","[56, 56, 126, 126, 126, 126, 147, 147, 147, 147, 147, 169, 390, 420, 614, 717, 717, 717, 717, 717]"
4_57_70,"[63, 63, 63, 63, 63, 63, 63, 63, 63, 63, 106, 139, 206, 210, 226, 240, 261, 261, 261, 261]",[4],[57],"[0, 1, 2, 3, 4, 5, 6, 7, 8, 9, 10, 11, 12, 13, 14, 21, 22, 23]","[63, 63, 63, 63, 63, 63, 63, 63, 63, 63, 106, 139, 206, 210, 226, 240, 261, 261, 261, 261]","[63, 63, 63, 63, 63, 63, 63, 63, 63, 63, 106, 139, 206, 210, 226, 240, 261, 261, 261, 261]"
0_56_71,"[2, 14, 31, 47, 47, 56, 65, 65, 65, 65, 65, 78, 100, 148, 205, 205, 205, 205, 205, 214]",[0],[56],"[0, 1, 2, 3, 4, 5, 6, 7, 8, 9, 10, 11, 12, 13, 14, 15, 19, 21, 22, 23]","[2, 14, 31, 47, 47, 56, 65, 65, 65, 65, 65, 78, 100, 148, 205, 205, 205, 205, 205, 214]","[2, 14, 31, 47, 47, 56, 65, 65, 65, 65, 65, 78, 100, 148, 205, 205, 205, 205, 205, 214]"
0_44_72,"[6, 49, 54, 62, 64, 87, 96, 105, 118, 118, 128, 128, 128, 128, 128, 128, 128, 128, 128, 128]",[0],[44],"[0, 1, 2, 3, 4, 5, 6, 7, 8, 9, 10, 11, 12, 13, 14, 15, 16, 20, 21, 22]","[6, 49, 54, 62, 64, 87, 96, 105, 118, 118, 128, 128, 128, 128, 128, 128, 128, 128, 128, 128]","[6, 49, 54, 62, 64, 87, 96, 105, 118, 118, 128, 128, 128, 128, 128, 128, 128, 128, 128, 128]"
6_57_73,"[33, 45, 84, 126, 126, 126, 126, 126, 126, 187, 187, 187, 187, 189, 226, 226, 226, 226, 226, 285]",[6],[57],"[0, 1, 2, 3, 4, 5, 6, 7, 8, 9, 10, 11, 12, 13, 14, 15]","[33, 45, 84, 126, 126, 126, 126, 126, 126, 187, 187, 187, 187, 189, 226, 226, 226, 226, 226, 285]","[33, 45, 84, 126, 126, 126, 126, 126, 126, 187, 187, 187, 187, 189, 226, 226, 226, 226, 226, 285]"
0_85_74,"[92, 126, 126, 210, 469, 469, 643, 900, 1028, 1028, 1028, 1028, 1028, 1028, 1028, 1028, 1028, 1028, 1028, 1028]",[0],[85],"[0, 1, 2, 3, 4, 5, 6, 7, 8, 9, 10, 11, 12, 13, 14, 15, 16, 20, 21, 22]","[92, 126, 126, 210, 469, 469, 643, 900, 1028, 1028, 1028, 1028, 1028, 1028, 1028, 1028, 1028, 1028, 1028, 1028]","[92, 126, 126, 210, 469, 469, 643, 900, 1028, 1028, 1028, 1028, 1028, 1028, 1028, 1028, 1028, 1028, 1028, 1028]"
0_59_75,"[106, 134, 183, 183, 183, 183, 183, 183, 183, 183, 183, 183, 183, 183, 183, 183, 183, 183, 183, 183]",[0],[59],"[0, 1, 2, 3, 4, 5, 6, 7, 8, 9, 10, 11, 12, 13, 14, 15, 20, 22, 23]","[106, 134, 183, 183, 183, 183, 183, 183, 183, 183, 183, 183, 183, 183, 183, 183, 183, 183, 183, 183]","[106, 134, 183, 183, 183, 183, 183, 183, 183, 183, 183, 183, 183, 183, 183, 183, 183, 183, 183, 183]"
0_36_76,"[21, 47, 56, 85, 85, 135, 135, 135, 135, 135, 135, 135, 149, 149, 247, 247, 289, 308, 329, 348]",[0],[36],"[0, 1, 2, 3, 4, 5, 6, 7, 8, 9, 10, 11, 12, 13, 14, 15, 20, 21, 22, 23]","[21, 47, 56, 85, 85, 135, 135, 135, 135, 135, 135, 135, 149, 149, 247, 247, 289, 308, 329, 348]","[21, 47, 56, 85, 85, 135, 135, 135, 135, 135, 135, 135, 149, 149, 247, 247, 289, 308, 329, 348]"
4_47_77,"[5, 5, 5, 5, 5, 5, 5, 5, 5, 5, 5, 5, 5, 5, 5, 5, 5, 5, 5, 5]",[4],[47],"[0, 1, 2, 3, 4, 5, 6, 7, 8, 9, 10, 11, 12, 13, 14, 15, 22, 23]","[5, 5, 5, 5, 5, 5, 5, 5, 5, 5, 5, 5, 5, 5, 5, 5, 5, 5, 5, 5]","[5, 5, 5, 5, 5, 5, 5, 5, 5, 5, 5, 5, 5, 5, 5, 5, 5, 5, 5, 5]"
0_37_78,"[6, 8, 14, 120, 128, 129, 148, 148, 148, 152, 228, 245, 257, 275, 285, 315, 326, 353, 353, 361]",[0],[37],"[0, 1, 2, 3, 4, 5, 6, 7, 8, 9, 10, 11, 12, 13, 14, 20, 23]","[6, 8, 14, 120, 128, 129, 148, 148, 148, 152, 228, 245, 257, 275, 285, 315, 326, 353, 353, 361]","[6, 8, 14, 120, 128, 129, 148, 148, 148, 152, 228, 245, 257, 275, 285, 315, 326, 353, 353, 361]"
0_82_79,"[22, 36, 88, 169, 175, 175, 175, 175, 175, 175, 175, 175, 175, 175, 175, 175, 175, 175, 175, 175]",[0],[82],"[0, 1, 2, 3, 4, 5, 6, 7, 8, 9, 10, 11, 12, 13, 14, 15, 22, 23]","[22, 36, 88, 169, 175, 175, 175, 175, 175, 175, 175, 175, 175, 175, 175, 175, 175, 175, 175, 175]","[22, 36, 88, 169, 175, 175, 175, 175, 175, 175, 175, 175, 175, 175, 175, 175, 175, 175, 175, 175]"
0_82_80,"[22, 36, 88, 169, 169, 175, 175, 175, 175, 175, 175, 175, 175, 175, 175, 175, 175, 175, 175, 175]",[0],[82],"[0, 1, 2, 3, 4, 5, 6, 7, 8, 9, 10, 11, 12, 13, 14, 15, 20, 22, 23]","[22, 36, 88, 169, 169, 175, 175, 175, 175, 175, 175, 175, 175, 175, 175, 175, 175, 175, 175, 175]","[22, 36, 88, 169, 169, 175, 175, 175, 175, 175, 175, 175, 175, 175, 175, 175, 175, 175, 175, 175]"
0_45_81,"[6, 14, 14, 14, 14, 14, 27, 27, 27, 27, 36, 46, 46, 46, 46, 59, 65, 65, 65, 65]",[0],[45],"[0, 1, 2, 3, 4, 5, 6, 7, 8, 9, 10, 11, 12, 13, 14, 15, 21, 22, 23]","[6, 14, 14, 14, 14, 14, 27, 27, 27, 27, 36, 46, 46, 46, 46, 59, 65, 65, 65, 65]","[6, 14, 14, 14, 14, 14, 27, 27, 27, 27, 36, 46, 46, 46, 46, 59, 65, 65, 65, 65]"
0_45_82,"[87, 105, 105, 128, 128, 128, 128, 128, 128, 128, 128, 128, 128, 128, 128, 128, 184, 264, 264, 283]",[0],[45],"[0, 1, 2, 3, 4, 5, 6, 7, 8, 9, 10, 11, 12, 13, 14, 15, 20, 21, 22, 23]","[87, 105, 105, 128, 128, 128, 128, 128, 128, 128, 128, 128, 128, 128, 128, 128, 184, 264, 264, 283]","[87, 105, 105, 128, 128, 128, 128, 128, 128, 128, 128, 128, 128, 128, 128, 128, 184, 264, 264, 283]"
0_55_83,"[76, 76, 76, 76, 76, 76, 76, 76, 76, 76, 76, 76, 76, 76, 76, 76, 76, 76, 76, 76]",[0],[55],"[0, 1, 2, 3, 4, 5, 6, 7, 8, 9, 10, 11, 12, 13, 14, 15, 22, 23]","[76, 76, 76, 76, 76, 76, 76, 76, 76, 76, 76, 76, 76, 76, 76, 76, 76, 76, 76, 76]","[76, 76, 76, 76, 76, 76, 76, 76, 76, 76, 76, 76, 76, 76, 76, 76, 76, 76, 76, 76]"
0_61_84,"[30, 30, 30, 30, 30, 30, 30, 30, 30, 30, 30, 30, 30, 30, 30, 30, 30, 30, 30, 141]",[0],[61],"[0, 1, 2, 3, 4, 5, 6, 7, 8, 9, 10, 11, 12, 13, 14, 15, 20, 21, 22, 23]","[30, 30, 30, 30, 30, 30, 30, 30, 30, 30, 30, 30, 30, 30, 30, 30, 30, 30, 30, 141]","[30, 30, 30, 30, 30, 30, 30, 30, 30, 30, 30, 30, 30, 30, 30, 30, 30, 30, 30, 141]"
0_23_85,"[53, 53, 53, 53, 53, 53, 53, 53, 53, 53, 53, 53, 53, 53, 53, 53, 53, 53, 53, 53]",[0],[23],"[0, 1, 2, 3, 4, 5, 6, 7, 8, 9, 10, 11, 12, 13, 14, 15, 20, 22, 23]","[53, 53, 53, 53, 53, 53, 53, 53, 53, 53, 53, 53, 53, 53, 53, 53, 53, 53, 53, 53]","[53, 53, 53, 53, 53, 53, 53, 53, 53, 53, 53, 53, 53, 53, 53, 53, 53, 53, 53, 53]"
7_57_86,"[0, 0, 21, 21, 173, 187, 187, 187, 226, 226, 226, 274, 274, 274, 274, 276, 323, 323, 323, 486]",[7],[57],"[2, 3, 5, 6, 7, 8, 9, 10, 11, 12, 13, 14, 18]","[0, 0, 21, 21, 173, 187, 187, 187, 226, 226, 226, 274, 274, 274, 274, 276, 323, 323, 323, 486]","[0, 0, 21, 21, 173, 187, 187, 187, 226, 226, 226, 274, 274, 274, 274, 276, 323, 323, 323, 486]"
0_45_87,"[11, 11, 50, 115, 115, 115, 129, 154, 219, 248, 248, 307, 307, 307, 307, 307, 307, 307, 326, 328]",[0],[45],"[0, 1, 2, 3, 4, 5, 6, 7, 8, 9, 10, 11, 12, 13, 14, 15, 21, 22, 23]","[11, 11, 50, 115, 115, 115, 129, 154, 219, 248, 248, 307, 307, 307, 307, 307, 307, 307, 326, 328]","[11, 11, 50, 115, 115, 115, 129, 154, 219, 248, 248, 307, 307, 307, 307, 307, 307, 307, 326, 328]"
0_66_88,"[31, 31, 33, 45, 45, 65, 65, 65, 65, 65, 65, 65, 65, 65, 65, 65, 65, 154, 162, 162]",[0],[66],"[0, 1, 2, 3, 4, 5, 6, 7, 8, 9, 10, 11, 12, 13, 14, 15, 20, 21, 22, 23]","[31, 31, 33, 45, 45, 65, 65, 65, 65, 65, 65, 65, 65, 65, 65, 65, 65, 154, 162, 162]","[31, 31, 33, 45, 45, 65, 65, 65, 65, 65, 65, 65, 65, 65, 65, 65, 65, 154, 162, 162]"
0_35_89,"[7, 14, 14, 14, 14, 14, 14, 14, 14, 14, 14, 14, 14, 14, 20, 46, 46, 59, 62, 62]",[0],[35],"[0, 1, 2, 3, 4, 5, 6, 7, 8, 9, 10, 11, 12, 13, 14, 15, 20, 22, 23]","[7, 14, 14, 14, 14, 14, 14, 14, 14, 14, 14, 14, 14, 14, 20, 46, 46, 59, 62, 62]","[7, 14, 14, 14, 14, 14, 14, 14, 14, 14, 14, 14, 14, 14, 20, 46, 46, 59, 62, 62]"
0_44_90,"[2, 14, 16, 16, 16, 16, 16, 16, 16, 16, 29, 29, 29, 29, 65, 65, 71, 72, 138, 138]",[0],[44],"[0, 1, 2, 3, 4, 5, 6, 7, 8, 9, 10, 11, 12, 13, 14, 15, 20, 21, 22, 23]","[2, 14, 16, 16, 16, 16, 16, 16, 16, 16, 29, 29, 29, 29, 65, 65, 71, 72, 138, 138]","[2, 14, 16, 16, 16, 16, 16, 16, 16, 16, 29, 29, 29, 29, 65, 65, 71, 72, 138, 138]"
0_51_91,"[19, 114, 173, 186, 186, 186, 186, 186, 186, 186, 186, 186, 186, 186, 186, 186, 186, 186, 186, 423]",[0],[51],"[0, 1, 2, 3, 4, 5, 6, 7, 8, 9, 10, 11, 12, 13, 14, 15, 20, 21, 22, 23]","[19, 114, 173, 186, 186, 186, 186, 186, 186, 186, 186, 186, 186, 186, 186, 186, 186, 186, 186, 423]","[19, 114, 173, 186, 186, 186, 186, 186, 186, 186, 186, 186, 186, 186, 186, 186, 186, 186, 186, 423]"
4_57_92,"[173, 192, 192, 192, 214, 218, 321, 323, 323, 343, 431, 506, 506, 506, 506, 506, 506, 506, 506, 506]",[4],[57],"[1, 2, 3, 4, 5, 6, 7, 8, 9, 10, 11, 12, 13, 14, 15, 16, 23]","[173, 192, 192, 192, 214, 218, 321, 323, 323, 343, 431, 506, 506, 506, 506, 506, 506, 506, 506, 506]","[173, 192, 192, 192, 214, 218, 321, 323, 323, 343, 431, 506, 506, 506, 506, 506, 506, 506, 506, 506]"
4_56_93,"[31, 33, 75, 75, 87, 87, 87, 87, 87, 129, 129, 179, 230, 235, 235, 273, 295, 306, 306, 306]",[4],[56],"[0, 1, 2, 3, 4, 5, 6, 7, 8, 9, 10, 11, 12, 13, 14, 15, 18, 22, 23]","[31, 33, 75, 75, 87, 87, 87, 87, 87, 129, 129, 179, 230, 235, 235, 273, 295, 306, 306, 306]","[31, 33, 75, 75, 87, 87, 87, 87, 87, 129, 129, 179, 230, 235, 235, 273, 295, 306, 306, 306]"
0_44_94,"[10, 33, 41, 41, 62, 128, 128, 128, 128, 128, 128, 128, 128, 128, 128, 128, 128, 139, 150, 172]",[0],[44],"[0, 1, 2, 3, 4, 5, 6, 7, 8, 9, 10, 11, 12, 13, 14, 15, 18, 20, 21, 22]","[10, 33, 41, 41, 62, 128, 128, 128, 128, 128, 128, 128, 128, 128, 128, 128, 128, 139, 150, 172]","[10, 33, 41, 41, 62, 128, 128, 128, 128, 128, 128, 128, 128, 128, 128, 128, 128, 139, 150, 172]"
0_32_95,"[41, 41, 41, 53, 53, 54, 54, 54, 54, 54, 54, 54, 54, 54, 54, 54, 61, 64, 67, 67]",[0],[32],"[0, 1, 2, 3, 4, 5, 6, 7, 8, 9, 10, 11, 12, 13, 14, 15, 20, 21, 22, 23]","[41, 41, 41, 53, 53, 54, 54, 54, 54, 54, 54, 54, 54, 54, 54, 54, 61, 64, 67, 67]","[41, 41, 41, 53, 53, 54, 54, 54, 54, 54, 54, 54, 54, 54, 54, 54, 61, 64, 67, 67]"
0_11_96,"[307, 307, 307, 307, 307, 307, 307, 307, 307, 307, 307, 307, 307, 307, 307, 307, 307, 307, 307, 307]",[0],[11],"[0, 1, 2, 3, 4, 5, 6, 7, 8, 9, 10, 11, 12, 13, 14, 15, 21, 22, 23]","[307, 307, 307, 307, 307, 307, 307, 307, 307, 307, 307, 307, 307, 307, 307, 307, 307, 307, 307, 307]","[307, 307, 307, 307, 307, 307, 307, 307, 307, 307, 307, 307, 307, 307, 307, 307, 307, 307, 307, 307]"
8_57_97,"[21, 21, 21, 21, 21, 21, 21, 21, 21, 21, 33, 58, 170, 170, 173, 173, 187, 226, 226, 226]",[8],[57],"[0, 3, 4, 5, 6, 7, 8, 9, 10, 11, 12, 13, 14]","[21, 21, 21, 21, 21, 21, 21, 21, 21, 21, 33, 58, 170, 170, 173, 173, 187, 226, 226, 226]","[21, 21, 21, 21, 21, 21, 21, 21, 21, 21, 33, 58, 170, 170, 173, 173, 187, 226, 226, 226]"
3_7_98,"[18, 18, 49, 63, 63, 63, 63, 79, 131, 196, 196, 196, 196, 196, 196, 231, 231, 231, 231, 240]",[3],[7],"[0, 1, 2, 3, 4, 5, 6, 7, 8, 9, 10, 11, 12, 13, 14, 15, 17, 19, 20, 21]","[18, 18, 49, 63, 63, 63, 63, 79, 131, 196, 196, 196, 196, 196, 196, 231, 231, 231, 231, 240]","[18, 18, 49, 63, 63, 63, 63, 79, 131, 196, 196, 196, 196, 196, 196, 231, 231, 231, 231, 240]"
0_65_99,"[20, 45, 45, 45, 76, 76, 76, 76, 88, 88, 88, 88, 88, 88, 88, 88, 88, 88, 88, 88]",[0],[65],"[0, 1, 2, 3, 4, 5, 6, 7, 8, 9, 10, 11, 12, 13, 14, 15, 20, 21, 22, 23]","[20, 45, 45, 45, 76, 76, 76, 76, 88, 88, 88, 88, 88, 88, 88, 88, 88, 88, 88, 88]","[20, 45, 45, 45, 76, 76, 76, 76, 88, 88, 88, 88, 88, 88, 88, 88, 88, 88, 88, 88]"
0_55_100,"[69, 76, 76, 76, 76, 76, 88, 136, 138, 146, 150, 159, 159, 173, 252, 277, 283, 283, 283, 283]",[0],[55],"[0, 1, 2, 3, 4, 5, 6, 7, 8, 9, 10, 11, 12, 13, 14, 15, 20, 21, 22, 23]","[69, 76, 76, 76, 76, 76, 88, 136, 138, 146, 150, 159, 159, 173, 252, 277, 283, 283, 283, 283]","[69, 76, 76, 76, 76, 76, 88, 136, 138, 146, 150, 159, 159, 173, 252, 277, 283, 283, 283, 283]"
9_57_101,"[22, 22, 22, 24, 45, 45, 45, 45, 45, 51, 55, 75, 120, 120, 143, 143, 165, 165, 189, 231]",[9],[57],"[0, 1, 2, 3, 4, 5, 6, 7, 8, 9, 10, 11, 12, 13, 14, 22]","[22, 22, 22, 24, 45, 45, 45, 45, 45, 51, 55, 75, 120, 120, 143, 143, 165, 165, 189, 231]","[22, 22, 22, 24, 45, 45, 45, 45, 45, 51, 55, 75, 120, 120, 143, 143, 165, 165, 189, 231]"
0_94_102,"[27, 27, 36, 142, 147, 195, 220, 220, 221, 221, 221, 244, 399, 418, 423, 489, 534, 534, 568, 575]",[0],[94],"[0, 1, 2, 3, 4, 5, 6, 7, 8, 9, 10, 11, 12, 13, 14, 15, 20, 21, 22, 23]","[27, 27, 36, 142, 147, 195, 220, 220, 221, 221, 221, 244, 399, 418, 423, 489, 534, 534, 568, 575]","[27, 27, 36, 142, 147, 195, 220, 220, 221, 221, 221, 244, 399, 418, 423, 489, 534, 534, 568, 575]"
0_3_103,"[14, 14, 14, 14, 14, 14, 84, 84, 84, 84, 84, 84, 84, 84, 84, 135, 144, 270, 299, 346]",[0],[3],"[0, 1, 2, 3, 4, 5, 6, 7, 8, 9, 10, 11, 12, 13, 14, 15, 16, 19, 20, 21]","[14, 14, 14, 14, 14, 14, 84, 84, 84, 84, 84, 84, 84, 84, 84, 135, 144, 270, 299, 346]","[14, 14, 14, 14, 14, 14, 84, 84, 84, 84, 84, 84, 84, 84, 84, 135, 144, 270, 299, 346]"
0_46_104,"[40, 40, 40, 40, 40, 40, 40, 40, 40, 40, 40, 40, 161, 161, 161, 161, 161, 183, 183, 195]",[0],[46],"[0, 1, 2, 3, 4, 5, 6, 7, 8, 9, 10, 11, 12, 13, 14, 21, 22, 23]","[40, 40, 40, 40, 40, 40, 40, 40, 40, 40, 40, 40, 161, 161, 161, 161, 161, 183, 183, 195]","[40, 40, 40, 40, 40, 40, 40, 40, 40, 40, 40, 40, 161, 161, 161, 161, 161, 183, 183, 195]"
0_46_105,"[31, 31, 31, 31, 31, 31, 31, 41, 72, 72, 75, 75, 94, 138, 138, 168, 173, 186, 186, 207]",[0],[46],"[0, 1, 2, 3, 4, 5, 6, 7, 8, 9, 10, 11, 12, 13, 14, 15, 22, 23]","[31, 31, 31, 31, 31, 31, 31, 41, 72, 72, 75, 75, 94, 138, 138, 168, 173, 186, 186, 207]","[31, 31, 31, 31, 31, 31, 31, 41, 72, 72, 75, 75, 94, 138, 138, 168, 173, 186, 186, 207]"
0_65_106,"[92, 92, 92, 92, 92, 92, 92, 92, 92, 92, 92, 92, 92, 92, 92, 92, 92, 92, 92, 92]",[0],[65],"[2, 3, 4, 5, 6, 7, 8, 9, 10, 11, 12, 13, 14, 15, 16, 22, 23]","[92, 92, 92, 92, 92, 92, 92, 92, 92, 92, 92, 92, 92, 92, 92, 92, 92, 92, 92, 92]","[92, 92, 92, 92, 92, 92, 92, 92, 92, 92, 92, 92, 92, 92, 92, 92, 92, 92, 92, 92]"
4_57_107,"[240, 260, 538, 538, 779, 779, 779, 857, 857, 1032, 1032, 1051, 1051, 1051, 1051, 1051, 1051, 1051, 1051, 1051]",[4],[57],"[0, 1, 2, 4, 5, 6, 8, 9, 10, 11, 12, 13, 14, 21, 22, 23]","[240, 260, 538, 538, 779, 779, 779, 857, 857, 1032, 1032, 1051, 1051, 1051, 1051, 1051, 1051, 1051, 1051, 1051]","[240, 260, 538, 538, 779, 779, 779, 857, 857, 1032, 1032, 1051, 1051, 1051, 1051, 1051, 1051, 1051, 1051, 1051]"
4_46_108,"[29, 61, 69, 69, 69, 69, 69, 69, 69, 69, 69, 69, 69, 69, 69, 69, 69, 69, 69, 69]",[4],[46],"[0, 1, 2, 3, 4, 5, 6, 7, 8, 9, 10, 11, 12, 13, 14, 15, 20, 21, 22, 23]","[29, 61, 69, 69, 69, 69, 69, 69, 69, 69, 69, 69, 69, 69, 69, 69, 69, 69, 69, 69]","[29, 61, 69, 69, 69, 69, 69, 69, 69, 69, 69, 69, 69, 69, 69, 69, 69, 69, 69, 69]"
0_23_109,"[53, 62, 62, 72, 72, 75, 87, 128, 248, 248, 248, 248, 300, 300, 300, 300, 306, 307, 307, 307]",[0],[23],"[0, 1, 2, 3, 4, 5, 6, 7, 8, 9, 10, 11, 12, 13, 14, 15, 21, 22, 23]","[53, 62, 62, 72, 72, 75, 87, 128, 248, 248, 248, 248, 300, 300, 300, 300, 306, 307, 307, 307]","[53, 62, 62, 72, 72, 75, 87, 128, 248, 248, 248, 248, 300, 300, 300, 300, 306, 307, 307, 307]"
0_66_110,"[43, 48, 48, 48, 48, 48, 48, 85, 85, 106, 209, 209, 209, 209, 210, 220, 220, 220, 220, 220]",[0],[66],"[0, 1, 2, 3, 4, 5, 6, 7, 8, 9, 10, 11, 12, 13, 14, 15, 18, 19, 20, 21]","[43, 48, 48, 48, 48, 48, 48, 85, 85, 106, 209, 209, 209, 209, 210, 220, 220, 220, 220, 220]","[43, 48, 48, 48, 48, 48, 48, 85, 85, 106, 209, 209, 209, 209, 210, 220, 220, 220, 220, 220]"
0_57_111,"[58, 58, 63, 111, 111, 111, 111, 111, 111, 133, 163, 189, 205, 298, 362, 623, 660, 660, 660, 660]",[0],[57],"[0, 1, 2, 3, 4, 5, 6, 7, 8, 9, 10, 11, 12, 13, 14, 15, 16, 17, 21, 22]","[58, 58, 63, 111, 111, 111, 111, 111, 111, 133, 163, 189, 205, 298, 362, 623, 660, 660, 660, 660]","[58, 58, 63, 111, 111, 111, 111, 111, 111, 133, 163, 189, 205, 298, 362, 623, 660, 660, 660, 660]"
4_46_112,"[43, 53, 81, 100, 104, 104, 104, 104, 131, 165, 165, 216, 246, 248, 248, 286, 286, 286, 292, 292]",[4],[46],"[0, 1, 2, 3, 4, 5, 6, 7, 8, 9, 10, 11, 12, 13, 14, 15, 21, 23]","[43, 53, 81, 100, 104, 104, 104, 104, 131, 165, 165, 216, 246, 248, 248, 286, 286, 286, 292, 292]","[43, 53, 81, 100, 104, 104, 104, 104, 131, 165, 165, 216, 246, 248, 248, 286, 286, 286, 292, 292]"
0_5_113,"[29, 33, 47, 100, 106, 140, 177, 182, 227, 313, 313, 406, 430, 430, 520, 537, 572, 573, 607, 696]",[0],[5],"[0, 1, 2, 3, 4, 5, 6, 7, 8, 9, 10, 11, 12, 13, 14, 20, 21, 22, 23]","[29, 33, 47, 100, 106, 140, 177, 182, 227, 313, 313, 406, 430, 430, 520, 537, 572, 573, 607, 696]","[29, 33, 47, 100, 106, 140, 177, 182, 227, 313, 313, 406, 430, 430, 520, 537, 572, 573, 607, 696]"
0_67_114,"[31, 31, 31, 31, 31, 31, 31, 31, 31, 31, 31, 31, 31, 31, 31, 31, 31, 31, 31, 31]",[0],[67],"[0, 1, 2, 3, 4, 5, 6, 7, 8, 9, 10, 11, 12, 13, 14, 15, 21, 22, 23]","[31, 31, 31, 31, 31, 31, 31, 31, 31, 31, 31, 31, 31, 31, 31, 31, 31, 31, 31, 31]","[31, 31, 31, 31, 31, 31, 31, 31, 31, 31, 31, 31, 31, 31, 31, 31, 31, 31, 31, 31]"
4_45_115,"[16, 16, 58, 179, 179, 179, 179, 179, 179, 179, 179, 179, 179, 179, 179, 179, 179, 179, 179, 179]",[4],[45],"[0, 1, 2, 3, 4, 5, 6, 7, 8, 9, 10, 11, 12, 13, 14, 23]","[16, 16, 58, 179, 179, 179, 179, 179, 179, 179, 179, 179, 179, 179, 179, 179, 179, 179, 179, 179]","[16, 16, 58, 179, 179, 179, 179, 179, 179, 179, 179, 179, 179, 179, 179, 179, 179, 179, 179, 179]"
0_94_116,"[137, 137, 160, 220, 221, 221, 221, 221, 221, 221, 221, 221, 221, 221, 221, 221, 221, 221, 221, 221]",[0],[94],"[0, 2, 3, 4, 5, 6, 7, 8, 9, 10, 11, 12, 13, 14, 15, 16, 17, 21, 22, 23]","[137, 137, 160, 220, 221, 221, 221, 221, 221, 221, 221, 221, 221, 221, 221, 221, 221, 221, 221, 221]","[137, 137, 160, 220, 221, 221, 221, 221, 221, 221, 221, 221, 221, 221, 221, 221, 221, 221, 221, 221]"
4_46_117,"[61, 167, 179, 179, 414, 419, 431, 458, 458, 485, 504, 805, 805, 805, 805, 805, 805, 805, 805, 805]",[4],[46],"[0, 1, 2, 3, 4, 5, 6, 8, 9, 10, 11, 12, 13, 14, 15, 22, 23]","[61, 167, 179, 179, 414, 419, 431, 458, 458, 485, 504, 805, 805, 805, 805, 805, 805, 805, 805, 805]","[61, 167, 179, 179, 414, 419, 431, 458, 458, 485, 504, 805, 805, 805, 805, 805, 805, 805, 805, 805]"
0_39_118,"[124, 124, 151, 151, 151, 151, 151, 151, 151, 151, 151, 151, 151, 151, 151, 151, 151, 151, 151, 151]",[0],[39],"[0, 1, 2, 3, 5, 6, 7, 8, 9, 10, 11, 12, 13, 14, 15, 19, 20, 21, 22, 23]","[124, 124, 151, 151, 151, 151, 151, 151, 151, 151, 151, 151, 151, 151, 151, 151, 151, 151, 151, 151]","[124, 124, 151, 151, 151, 151, 151, 151, 151, 151, 151, 151, 151, 151, 151, 151, 151, 151, 151, 151]"
0_56_119,"[6, 31, 36, 79, 79, 79, 79, 79, 79, 159, 195, 195, 195, 214, 235, 260, 260, 260, 303, 347]",[0],[56],"[0, 1, 2, 3, 4, 5, 6, 7, 8, 9, 10, 11, 12, 13, 14, 21, 22, 23]","[6, 31, 36, 79, 79, 79, 79, 79, 79, 159, 195, 195, 195, 214, 235, 260, 260, 260, 303, 347]","[6, 31, 36, 79, 79, 79, 79, 79, 79, 159, 195, 195, 195, 214, 235, 260, 260, 260, 303, 347]"
0_57_120,"[183, 205, 249, 274, 286, 286, 286, 303, 319, 590, 590, 619, 630, 630, 630, 631, 706, 875, 875, 875]",[0],[57],"[0, 1, 2, 3, 4, 5, 6, 7, 8, 9, 10, 11, 12, 13, 14, 15, 22, 23]","[183, 205, 249, 274, 286, 286, 286, 303, 319, 590, 590, 619, 630, 630, 630, 631, 706, 875, 875, 875]","[183, 205, 249, 274, 286, 286, 286, 303, 319, 590, 590, 619, 630, 630, 630, 631, 706, 875, 875, 875]"
4_46_121,"[86, 86, 86, 88, 148, 148, 148, 148, 148, 148, 148, 148, 148, 148, 148, 148, 148, 148, 148, 148]",[4],[46],"[0, 1, 2, 3, 4, 5, 6, 7, 8, 9, 10, 11, 12, 13, 14, 15, 22, 23]","[86, 86, 86, 88, 148, 148, 148, 148, 148, 148, 148, 148, 148, 148, 148, 148, 148, 148, 148, 148]","[86, 86, 86, 88, 148, 148, 148, 148, 148, 148, 148, 148, 148, 148, 148, 148, 148, 148, 148, 148]"
0_42_122,"[29, 29, 29, 29, 135, 135, 135, 168, 168, 168, 168, 168, 168, 168, 168, 168, 168, 168, 168, 168]",[0],[42],"[0, 1, 2, 3, 4, 5, 6, 7, 8, 9, 10, 11, 12, 13, 14, 15, 20, 21, 22, 23]","[29, 29, 29, 29, 135, 135, 135, 168, 168, 168, 168, 168, 168, 168, 168, 168, 168, 168, 168, 168]","[29, 29, 29, 29, 135, 135, 135, 168, 168, 168, 168, 168, 168, 168, 168, 168, 168, 168, 168, 168]"
0_43_123,"[49, 61, 168, 168, 168, 168, 168, 168, 168, 168, 168, 168, 168, 168, 168, 238, 410, 489, 489, 489]",[0],[43],"[0, 1, 2, 3, 4, 5, 6, 7, 8, 9, 10, 11, 12, 13, 14, 15, 22, 23]","[49, 61, 168, 168, 168, 168, 168, 168, 168, 168, 168, 168, 168, 168, 168, 238, 410, 489, 489, 489]","[49, 61, 168, 168, 168, 168, 168, 168, 168, 168, 168, 168, 168, 168, 168, 238, 410, 489, 489, 489]"
0_57_124,"[21, 31, 31, 31, 31, 31, 31, 31, 31, 31, 31, 31, 33, 86, 86, 86, 95, 126, 126, 168]",[0],[57],"[0, 1, 2, 3, 4, 5, 6, 7, 8, 9, 10, 11, 12, 13, 14, 15, 21, 22, 23]","[21, 31, 31, 31, 31, 31, 31, 31, 31, 31, 31, 31, 33, 86, 86, 86, 95, 126, 126, 168]","[21, 31, 31, 31, 31, 31, 31, 31, 31, 31, 31, 31, 33, 86, 86, 86, 95, 126, 126, 168]"
4_55_125,"[22, 33, 33, 41, 41, 41, 41, 41, 41, 41, 41, 94, 138, 223, 235, 255, 277, 280, 286, 360]",[4],[55],"[0, 1, 2, 3, 4, 5, 6, 7, 8, 9, 10, 11, 12, 13, 14, 15, 20, 23]","[22, 33, 33, 41, 41, 41, 41, 41, 41, 41, 41, 94, 138, 223, 235, 255, 277, 280, 286, 360]","[22, 33, 33, 41, 41, 41, 41, 41, 41, 41, 41, 94, 138, 223, 235, 255, 277, 280, 286, 360]"
0_69_126,"[31, 31, 31, 31, 31, 31, 31, 31, 31, 31, 31, 31, 31, 31, 31, 31, 31, 31, 31, 31]",[0],[69],"[0, 1, 2, 3, 4, 5, 6, 7, 8, 9, 10, 11, 12, 13, 14, 15, 19, 21, 22, 23]","[31, 31, 31, 31, 31, 31, 31, 31, 31, 31, 31, 31, 31, 31, 31, 31, 31, 31, 31, 31]","[31, 31, 31, 31, 31, 31, 31, 31, 31, 31, 31, 31, 31, 31, 31, 31, 31, 31, 31, 31]"
4_46_127,"[12, 12, 12, 12, 12, 12, 12, 12, 12, 12, 12, 12, 12, 12, 12, 12, 12, 12, 12, 12]",[4],[46],"[0, 1, 2, 3, 4, 5, 6, 7, 8, 9, 10, 11, 12, 13, 14, 15, 20, 21, 22, 23]","[12, 12, 12, 12, 12, 12, 12, 12, 12, 12, 12, 12, 12, 12, 12, 12, 12, 12, 12, 12]","[12, 12, 12, 12, 12, 12, 12, 12, 12, 12, 12, 12, 12, 12, 12, 12, 12, 12, 12, 12]"
0_35_128,"[20, 86, 90, 90, 167, 238, 304, 310, 310, 310, 364, 382, 414, 417, 460, 469, 482, 502, 504, 519]",[0],[35],"[0, 1, 2, 3, 4, 5, 6, 7, 8, 9, 10, 11, 12, 13, 14, 15, 22, 23]","[20, 86, 90, 90, 167, 238, 304, 310, 310, 310, 364, 382, 414, 417, 460, 469, 482, 502, 504, 519]","[20, 86, 90, 90, 167, 238, 304, 310, 310, 310, 364, 382, 414, 417, 460, 469, 482, 502, 504, 519]"
0_66_129,"[209, 209, 209, 209, 209, 209, 209, 209, 209, 209, 209, 209, 209, 209, 209, 209, 209, 209, 209, 209]",[0],[66],"[1, 2, 3, 4, 5, 6, 7, 8, 9, 10, 11, 12, 13, 14, 21, 22, 23]","[209, 209, 209, 209, 209, 209, 209, 209, 209, 209, 209, 209, 209, 209, 209, 209, 209, 209, 209, 209]","[209, 209, 209, 209, 209, 209, 209, 209, 209, 209, 209, 209, 209, 209, 209, 209, 209, 209, 209, 209]"
0_53_130,"[114, 173, 194, 207, 235, 276, 293, 293, 323, 338, 365, 365, 365, 367, 367, 367, 367, 367, 367, 367]",[0],[53],"[0, 1, 2, 3, 4, 5, 6, 7, 8, 9, 10, 11, 12, 13, 14, 15, 20, 22, 23]","[114, 173, 194, 207, 235, 276, 293, 293, 323, 338, 365, 365, 365, 367, 367, 367, 367, 367, 367, 367]","[114, 173, 194, 207, 235, 276, 293, 293, 323, 338, 365, 365, 365, 367, 367, 367, 367, 367, 367, 367]"
2_46_131,"[24, 69, 73, 104, 131, 132, 166, 207, 260, 302, 344, 362, 417, 439, 456, 600, 600, 600, 600, 600]",[2],[46],"[0, 1, 2, 3, 4, 5, 6, 7, 8, 9, 10, 11, 12, 13, 15, 20, 22, 23]","[24, 69, 73, 104, 131, 132, 166, 207, 260, 302, 344, 362, 417, 439, 456, 600, 600, 600, 600, 600]","[24, 69, 73, 104, 131, 132, 166, 207, 260, 302, 344, 362, 417, 439, 456, 600, 600, 600, 600, 600]"
10_58_132,"[10, 38, 71, 83, 89, 205, 230, 251, 256, 256, 256, 256, 256, 256, 285, 315, 363, 366, 383, 404]",[10],[58],"[0, 1, 2, 3, 4, 5, 6, 7, 8, 9, 10, 11, 12, 13, 14, 15, 16, 17, 18, 21]","[10, 38, 71, 83, 89, 205, 230, 251, 256, 256, 256, 256, 256, 256, 285, 315, 363, 366, 383, 404]","[10, 38, 71, 83, 89, 205, 230, 251, 256, 256, 256, 256, 256, 256, 285, 315, 363, 366, 383, 404]"
2_37_133,"[8, 20, 24, 54, 73, 77, 107, 128, 156, 161, 161, 268, 272, 275, 280, 317, 353, 353, 371, 371]",[2],[37],"[0, 1, 2, 3, 4, 5, 6, 7, 8, 9, 10, 11, 12, 13, 14, 15, 23]","[8, 20, 24, 54, 73, 77, 107, 128, 156, 161, 161, 268, 272, 275, 280, 317, 353, 353, 371, 371]","[8, 20, 24, 54, 73, 77, 107, 128, 156, 161, 161, 268, 272, 275, 280, 317, 353, 353, 371, 371]"
0_15_134,"[47, 100, 165, 182, 226, 226, 226, 235, 238, 240, 289, 422, 422, 430, 453, 482, 482, 482, 482, 486]",[0],[15],"[0, 1, 2, 3, 4, 5, 6, 7, 8, 9, 10, 11, 12, 13, 14, 20, 21, 22, 23]","[47, 100, 165, 182, 226, 226, 226, 235, 238, 240, 289, 422, 422, 430, 453, 482, 482, 482, 482, 486]","[47, 100, 165, 182, 226, 226, 226, 235, 238, 240, 289, 422, 422, 430, 453, 482, 482, 482, 482, 486]"
0_14_135,"[17, 29, 100, 100, 360, 360, 360, 360, 360, 360, 360, 360, 360, 360, 360, 360, 360, 360, 360, 360]",[0],[14],"[0, 1, 2, 3, 4, 5, 6, 7, 8, 9, 10, 11, 12, 13, 14, 15, 20, 21, 22, 23]","[17, 29, 100, 100, 360, 360, 360, 360, 360, 360, 360, 360, 360, 360, 360, 360, 360, 360, 360, 360]","[17, 29, 100, 100, 360, 360, 360, 360, 360, 360, 360, 360, 360, 360, 360, 360, 360, 360, 360, 360]"
4_45_136,"[86, 86, 86, 86, 135, 135, 135, 135, 169, 176, 176, 176, 176, 207, 207, 207, 207, 308, 308, 308]",[4],[45],"[0, 2, 3, 4, 5, 7, 8, 9, 10, 11, 12, 13, 14, 15, 22, 23]","[86, 86, 86, 86, 135, 135, 135, 135, 169, 176, 176, 176, 176, 207, 207, 207, 207, 308, 308, 308]","[86, 86, 86, 86, 135, 135, 135, 135, 169, 176, 176, 176, 176, 207, 207, 207, 207, 308, 308, 308]"
4_12_137,"[68, 427, 427, 427, 427, 427, 427, 427, 427, 427, 427, 427, 427, 427, 427, 427, 427, 427, 427, 427]",[4],[12],"[0, 1, 2, 3, 4, 5, 6, 7, 8, 9, 10, 11, 12, 22, 23]","[68, 427, 427, 427, 427, 427, 427, 427, 427, 427, 427, 427, 427, 427, 427, 427, 427, 427, 427, 427]","[68, 427, 427, 427, 427, 427, 427, 427, 427, 427, 427, 427, 427, 427, 427, 427, 427, 427, 427, 427]"
0_62_138,"[76, 76, 76, 76, 76, 76, 76, 76, 76, 76, 76, 76, 76, 76, 76, 76, 76, 76, 76, 76]",[0],[62],"[0, 1, 2, 3, 4, 5, 6, 7, 8, 9, 10, 11, 12, 13, 20, 21, 22, 23]","[76, 76, 76, 76, 76, 76, 76, 76, 76, 76, 76, 76, 76, 76, 76, 76, 76, 76, 76, 76]","[76, 76, 76, 76, 76, 76, 76, 76, 76, 76, 76, 76, 76, 76, 76, 76, 76, 76, 76, 76]"
0_11_139,"[75, 75, 75, 193, 300, 306, 306, 307, 307, 307, 307, 307, 307, 307, 307, 307, 307, 307, 307, 307]",[0],[11],"[0, 1, 2, 3, 4, 5, 6, 7, 8, 9, 10, 11, 12, 13, 14, 15, 16, 21, 22, 23]","[75, 75, 75, 193, 300, 306, 306, 307, 307, 307, 307, 307, 307, 307, 307, 307, 307, 307, 307, 307]","[75, 75, 75, 193, 300, 306, 306, 307, 307, 307, 307, 307, 307, 307, 307, 307, 307, 307, 307, 307]"
11_57_140,"[0, 22, 162, 187, 187, 187, 217, 233, 261, 261, 274, 300, 321, 328, 328, 328, 365, 371, 406, 430]",[11],[57],"[0, 1, 2, 3, 4, 5, 6, 7, 8, 9, 10, 11, 12, 13, 20, 22, 23]","[0, 22, 162, 187, 187, 187, 217, 233, 261, 261, 274, 300, 321, 328, 328, 328, 365, 371, 406, 430]","[0, 22, 162, 187, 187, 187, 217, 233, 261, 261, 274, 300, 321, 328, 328, 328, 365, 371, 406, 430]"
0_69_141,"[183, 195, 309, 309, 309, 309, 309, 309, 309, 309, 309, 309, 309, 309, 309, 309, 309, 309, 309, 309]",[0],[69],"[0, 1, 2, 3, 5, 6, 7, 8, 9, 10, 11, 12, 13, 14, 15, 16, 21, 22, 23]","[183, 195, 309, 309, 309, 309, 309, 309, 309, 309, 309, 309, 309, 309, 309, 309, 309, 309, 309, 309]","[183, 195, 309, 309, 309, 309, 309, 309, 309, 309, 309, 309, 309, 309, 309, 309, 309, 309, 309, 309]"
0_64_142,"[44, 146, 150, 215, 215, 237, 252, 330, 330, 330, 330, 349, 467, 475, 475, 491, 532, 563, 563, 568]",[0],[64],"[0, 1, 2, 3, 4, 5, 7, 8, 9, 10, 11, 12, 13, 14, 15, 16, 18, 20, 22, 23]","[44, 146, 150, 215, 215, 237, 252, 330, 330, 330, 330, 349, 467, 475, 475, 491, 532, 563, 563, 568]","[44, 146, 150, 215, 215, 237, 252, 330, 330, 330, 330, 349, 467, 475, 475, 491, 532, 563, 563, 568]"
0_14_143,"[18, 100, 100, 100, 135, 243, 243, 295, 322, 509, 543, 543, 566, 566, 566, 607, 607, 607, 607, 607]",[0],[14],"[0, 1, 2, 3, 4, 5, 6, 8, 9, 10, 11, 12, 13, 14, 15, 20, 21, 22, 23]","[18, 100, 100, 100, 135, 243, 243, 295, 322, 509, 543, 543, 566, 566, 566, 607, 607, 607, 607, 607]","[18, 100, 100, 100, 135, 243, 243, 295, 322, 509, 543, 543, 566, 566, 566, 607, 607, 607, 607, 607]"
0_46_144,"[4, 4, 4, 4, 18, 21, 21, 63, 85, 104, 132, 141, 176, 176, 287, 297, 330, 359, 420, 420]",[0],[46],"[0, 1, 2, 3, 4, 5, 6, 7, 8, 9, 10, 11, 12, 13, 14, 15, 22, 23]","[4, 4, 4, 4, 18, 21, 21, 63, 85, 104, 132, 141, 176, 176, 287, 297, 330, 359, 420, 420]","[4, 4, 4, 4, 18, 21, 21, 63, 85, 104, 132, 141, 176, 176, 287, 297, 330, 359, 420, 420]"
0_76_145,"[65, 126, 210, 210, 210, 210, 418, 682, 766, 766, 766, 766, 766, 766, 766, 766, 766, 766, 766, 766]",[0],[76],"[0, 1, 2, 3, 4, 5, 7, 8, 9, 10, 11, 12, 13, 14, 15, 19, 21, 22, 23]","[65, 126, 210, 210, 210, 210, 418, 682, 766, 766, 766, 766, 766, 766, 766, 766, 766, 766, 766, 766]","[65, 126, 210, 210, 210, 210, 418, 682, 766, 766, 766, 766, 766, 766, 766, 766, 766, 766, 766, 766]"
12_57_146,"[21, 38, 60, 94, 173, 226, 231, 231, 261, 261, 261, 261, 261, 261, 261, 274, 276, 276, 276, 276]",[12],[57],"[1, 2, 3, 4, 5, 6, 7, 8, 9, 10, 11, 12, 13]","[21, 38, 60, 94, 173, 226, 231, 231, 261, 261, 261, 261, 261, 261, 261, 274, 276, 276, 276, 276]","[21, 38, 60, 94, 173, 226, 231, 231, 261, 261, 261, 261, 261, 261, 261, 274, 276, 276, 276, 276]"
12_57_147,"[45, 45, 51, 51, 51, 187, 187, 226, 231, 231, 231, 231, 239, 261, 261, 261, 261, 261, 261, 353]",[12],[57],"[1, 2, 3, 4, 5, 6, 7, 8, 9, 10, 11, 12, 13, 14]","[45, 45, 51, 51, 51, 187, 187, 226, 231, 231, 231, 231, 239, 261, 261, 261, 261, 261, 261, 353]","[45, 45, 51, 51, 51, 187, 187, 226, 231, 231, 231, 231, 239, 261, 261, 261, 261, 261, 261, 353]"
0_22_148,"[41, 53, 105, 105, 105, 182, 218, 288, 288, 288, 288, 288, 400, 400, 400, 400, 400, 400, 400, 400]",[0],[22],"[0, 1, 2, 3, 4, 5, 6, 7, 8, 9, 10, 11, 12, 13, 14, 15, 16, 21, 22, 23]","[41, 53, 105, 105, 105, 182, 218, 288, 288, 288, 288, 288, 400, 400, 400, 400, 400, 400, 400, 400]","[41, 53, 105, 105, 105, 182, 218, 288, 288, 288, 288, 288, 400, 400, 400, 400, 400, 400, 400, 400]"
0_11_149,"[75, 75, 75, 75, 75, 75, 75, 75, 75, 75, 75, 75, 75, 75, 84, 84, 185, 185, 185, 185]",[0],[11],"[0, 1, 2, 3, 4, 5, 6, 7, 8, 9, 10, 11, 12, 13, 14, 20, 21, 22, 23]","[75, 75, 75, 75, 75, 75, 75, 75, 75, 75, 75, 75, 75, 75, 84, 84, 185, 185, 185, 185]","[75, 75, 75, 75, 75, 75, 75, 75, 75, 75, 75, 75, 75, 75, 84, 84, 185, 185, 185, 185]"
0_23_150,"[11, 75, 75, 75, 75, 75, 75, 75, 75, 75, 75, 75, 75, 75, 75, 75, 75, 75, 75, 75]",[0],[23],"[0, 1, 2, 3, 5, 6, 7, 8, 9, 10, 11, 12, 13, 14, 15, 20, 21, 22, 23]","[11, 75, 75, 75, 75, 75, 75, 75, 75, 75, 75, 75, 75, 75, 75, 75, 75, 75, 75, 75]","[11, 75, 75, 75, 75, 75, 75, 75, 75, 75, 75, 75, 75, 75, 75, 75, 75, 75, 75, 75]"
4_47_151,"[5, 5, 5, 5, 5, 5, 5, 5, 5, 5, 5, 5, 5, 5, 5, 5, 5, 5, 5, 5]",[4],[47],"[0, 1, 2, 3, 4, 5, 6, 7, 8, 9, 10, 11, 12, 13, 14, 23]","[5, 5, 5, 5, 5, 5, 5, 5, 5, 5, 5, 5, 5, 5, 5, 5, 5, 5, 5, 5]","[5, 5, 5, 5, 5, 5, 5, 5, 5, 5, 5, 5, 5, 5, 5, 5, 5, 5, 5, 5]"
4_46_152,"[0, 96, 106, 128, 134, 150, 150, 150, 167, 172, 282, 282, 309, 309, 309, 376, 438, 439, 439, 457]",[4],[46],"[0, 1, 2, 3, 4, 5, 6, 7, 8, 9, 10, 11, 12, 13, 14, 15, 20, 21, 23]","[0, 96, 106, 128, 134, 150, 150, 150, 167, 172, 282, 282, 309, 309, 309, 376, 438, 439, 439, 457]","[0, 96, 106, 128, 134, 150, 150, 150, 167, 172, 282, 282, 309, 309, 309, 376, 438, 439, 439, 457]"
0_50_153,"[2, 138, 173, 173, 255, 255, 289, 289, 387, 387, 423, 451, 451, 467, 517, 572, 588, 588, 650, 670]",[0],[50],"[0, 1, 2, 3, 4, 5, 6, 7, 8, 9, 10, 11, 12, 13, 14, 15, 21, 22, 23]","[2, 138, 173, 173, 255, 255, 289, 289, 387, 387, 423, 451, 451, 467, 517, 572, 588, 588, 650, 670]","[2, 138, 173, 173, 255, 255, 289, 289, 387, 387, 423, 451, 451, 467, 517, 572, 588, 588, 650, 670]"
1_46_154,"[40, 149, 149, 180, 195, 214, 235, 247, 325, 374, 375, 420, 420, 420, 440, 458, 458, 458, 468, 503]",[1],[46],"[1, 2, 3, 4, 5, 6, 7, 8, 9, 10, 11, 12, 13]","[40, 149, 149, 180, 195, 214, 235, 247, 325, 374, 375, 420, 420, 420, 440, 458, 458, 458, 468, 503]","[40, 149, 149, 180, 195, 214, 235, 247, 325, 374, 375, 420, 420, 420, 440, 458, 458, 458, 468, 503]"
0_73_155,"[4, 4, 4, 4, 4, 4, 4, 4, 4, 4, 4, 4, 4, 4, 22, 22, 22, 22, 22, 22]",[0],[73],"[0, 1, 2, 3, 4, 5, 6, 7, 8, 9, 10, 11, 12, 13, 14, 15, 20, 21, 22, 23]","[4, 4, 4, 4, 4, 4, 4, 4, 4, 4, 4, 4, 4, 4, 22, 22, 22, 22, 22, 22]","[4, 4, 4, 4, 4, 4, 4, 4, 4, 4, 4, 4, 4, 4, 22, 22, 22, 22, 22, 22]"
4_65_156,"[5, 22, 106, 141, 141, 141, 141, 141, 141, 141, 141, 141, 141, 141, 141, 141, 141, 141, 141, 141]",[4],[65],"[0, 1, 2, 3, 4, 5, 6, 7, 8, 9, 10, 11, 12, 13, 14, 15, 20, 21, 22, 23]","[5, 22, 106, 141, 141, 141, 141, 141, 141, 141, 141, 141, 141, 141, 141, 141, 141, 141, 141, 141]","[5, 22, 106, 141, 141, 141, 141, 141, 141, 141, 141, 141, 141, 141, 141, 141, 141, 141, 141, 141]"
0_58_157,"[134, 134, 134, 134, 303, 303, 303, 303, 303, 303, 303, 303, 303, 303, 303, 303, 303, 303, 303, 303]",[0],[58],"[0, 1, 3, 4, 5, 6, 7, 8, 9, 10, 11, 12, 13, 14, 15, 21, 22, 23]","[134, 134, 134, 134, 303, 303, 303, 303, 303, 303, 303, 303, 303, 303, 303, 303, 303, 303, 303, 303]","[134, 134, 134, 134, 303, 303, 303, 303, 303, 303, 303, 303, 303, 303, 303, 303, 303, 303, 303, 303]"
0_56_158,"[303, 311, 311, 376, 512, 604, 629, 629, 629, 629, 629, 629, 629, 629, 758, 765, 765, 765, 765, 765]",[0],[56],"[0, 1, 2, 3, 5, 6, 7, 8, 9, 10, 11, 12, 13, 14, 22, 23]","[303, 311, 311, 376, 512, 604, 629, 629, 629, 629, 629, 629, 629, 629, 758, 765, 765, 765, 765, 765]","[303, 311, 311, 376, 512, 604, 629, 629, 629, 629, 629, 629, 629, 629, 758, 765, 765, 765, 765, 765]"
13_36_159,"[4, 4, 4, 63, 75, 110, 194, 194, 194, 194, 194, 194, 194, 231, 231, 231, 249, 264, 319, 319]",[13],[36],"[0, 1, 2, 3, 4, 5, 6, 8, 9, 10, 11, 12, 13, 14, 15, 20, 21, 22, 23]","[4, 4, 4, 63, 75, 110, 194, 194, 194, 194, 194, 194, 194, 231, 231, 231, 249, 264, 319, 319]","[4, 4, 4, 63, 75, 110, 194, 194, 194, 194, 194, 194, 194, 231, 231, 231, 249, 264, 319, 319]"
0_22_160,"[29, 41, 41, 41, 105, 105, 105, 135, 182, 182, 362, 410, 479, 502, 543, 544, 544, 544, 544, 566]",[0],[22],"[0, 1, 2, 3, 4, 5, 6, 7, 8, 9, 10, 11, 12, 13, 14, 15, 16, 22, 23]","[29, 41, 41, 41, 105, 105, 105, 135, 182, 182, 362, 410, 479, 502, 543, 544, 544, 544, 544, 566]","[29, 41, 41, 41, 105, 105, 105, 135, 182, 182, 362, 410, 479, 502, 543, 544, 544, 544, 544, 566]"
14_85_161,"[565, 755, 849, 849, 849, 849, 849, 849, 849, 849, 849, 849, 849, 849, 849, 849, 849, 849, 849, 849]",[14],[85],"[0, 2, 4, 6, 7, 8, 9, 10, 11, 12, 13, 14, 15, 22, 23]","[565, 755, 849, 849, 849, 849, 849, 849, 849, 849, 849, 849, 849, 849, 849, 849, 849, 849, 849, 849]","[565, 755, 849, 849, 849, 849, 849, 849, 849, 849, 849, 849, 849, 849, 849, 849, 849, 849, 849, 849]"
4_56_162,"[48, 209, 221, 229, 229, 229, 229, 229, 229, 229, 229, 229, 229, 229, 229, 229, 229, 235, 246, 246]",[4],[56],"[1, 2, 3, 4, 5, 6, 7, 8, 9, 10, 11, 12, 13, 14, 15, 23]","[48, 209, 221, 229, 229, 229, 229, 229, 229, 229, 229, 229, 229, 229, 229, 229, 229, 235, 246, 246]","[48, 209, 221, 229, 229, 229, 229, 229, 229, 229, 229, 229, 229, 229, 229, 229, 229, 235, 246, 246]"
0_55_163,"[76, 76, 76, 76, 76, 76, 76, 76, 76, 76, 88, 126, 130, 136, 199, 348, 348, 348, 437, 437]",[0],[55],"[0, 2, 3, 4, 6, 7, 8, 9, 10, 11, 12, 13, 14, 15, 21, 22, 23]","[76, 76, 76, 76, 76, 76, 76, 76, 76, 76, 88, 126, 130, 136, 199, 348, 348, 348, 437, 437]","[76, 76, 76, 76, 76, 76, 76, 76, 76, 76, 88, 126, 130, 136, 199, 348, 348, 348, 437, 437]"
0_57_164,"[0, 24, 64, 106, 137, 174, 235, 235, 260, 260, 260, 260, 260, 260, 260, 260, 260, 273, 285, 303]",[0],[57],"[0, 1, 2, 3, 4, 5, 6, 7, 8, 9, 10, 11, 12, 13, 14, 21, 22, 23]","[0, 24, 64, 106, 137, 174, 235, 235, 260, 260, 260, 260, 260, 260, 260, 260, 260, 273, 285, 303]","[0, 24, 64, 106, 137, 174, 235, 235, 260, 260, 260, 260, 260, 260, 260, 260, 260, 273, 285, 303]"
0_64_165,"[4, 4, 36, 85, 166, 172, 215, 277, 338, 393, 467, 526, 544, 544, 544, 544, 544, 544, 653, 653]",[0],[64],"[0, 1, 2, 3, 4, 5, 6, 7, 8, 9, 10, 11, 12, 13, 14, 15, 16, 22, 23]","[4, 4, 36, 85, 166, 172, 215, 277, 338, 393, 467, 526, 544, 544, 544, 544, 544, 544, 653, 653]","[4, 4, 36, 85, 166, 172, 215, 277, 338, 393, 467, 526, 544, 544, 544, 544, 544, 544, 653, 653]"
0_66_166,"[31, 95, 95, 95, 95, 95, 214, 283, 325, 325, 349, 349, 395, 395, 395, 395, 395, 395, 403, 403]",[0],[66],"[0, 1, 2, 3, 4, 5, 6, 7, 8, 9, 10, 11, 12, 13, 14, 15, 18, 21, 22, 23]","[31, 95, 95, 95, 95, 95, 214, 283, 325, 325, 349, 349, 395, 395, 395, 395, 395, 395, 403, 403]","[31, 95, 95, 95, 95, 95, 214, 283, 325, 325, 349, 349, 395, 395, 395, 395, 395, 395, 403, 403]"
4_57_167,"[25, 25, 110, 170, 324, 540, 598, 598, 598, 598, 598, 598, 598, 598, 598, 598, 598, 598, 598, 598]",[4],[57],"[0, 1, 2, 3, 4, 6, 7, 9, 10, 11, 12, 13, 14, 15, 23]","[25, 25, 110, 170, 324, 540, 598, 598, 598, 598, 598, 598, 598, 598, 598, 598, 598, 598, 598, 598]","[25, 25, 110, 170, 324, 540, 598, 598, 598, 598, 598, 598, 598, 598, 598, 598, 598, 598, 598, 598]"
15_67_168,"[240, 650, 773, 925, 925, 925, 925, 925, 925, 925, 925, 925, 925, 925, 925, 925, 925, 925, 925, 925]",[15],[67],"[0, 1, 2, 3, 4, 5, 6, 7, 8, 9, 10, 11, 12, 13, 14, 23]","[240, 650, 773, 925, 925, 925, 925, 925, 925, 925, 925, 925, 925, 925, 925, 925, 925, 925, 925, 925]","[240, 650, 773, 925, 925, 925, 925, 925, 925, 925, 925, 925, 925, 925, 925, 925, 925, 925, 925, 925]"
0_40_169,"[29, 47, 51, 51, 51, 51, 51, 51, 61, 75, 75, 75, 75, 75, 98, 114, 154, 154, 154, 154]",[0],[40],"[0, 2, 3, 4, 5, 6, 7, 8, 9, 10, 11, 12, 13, 20, 22, 23]","[29, 47, 51, 51, 51, 51, 51, 51, 61, 75, 75, 75, 75, 75, 98, 114, 154, 154, 154, 154]","[29, 47, 51, 51, 51, 51, 51, 51, 61, 75, 75, 75, 75, 75, 98, 114, 154, 154, 154, 154]"
2_46_170,"[17, 167, 207, 268, 268, 312, 337, 363, 363, 363, 363, 363, 363, 363, 363, 363, 363, 406, 406, 414]",[2],[46],"[0, 1, 2, 3, 4, 5, 6, 7, 8, 9, 10, 11, 12, 13, 21, 22, 23]","[17, 167, 207, 268, 268, 312, 337, 363, 363, 363, 363, 363, 363, 363, 363, 363, 363, 406, 406, 414]","[17, 167, 207, 268, 268, 312, 337, 363, 363, 363, 363, 363, 363, 363, 363, 363, 363, 406, 406, 414]"
0_26_171,"[115, 115, 115, 115, 115, 115, 115, 115, 115, 115, 115, 115, 115, 115, 115, 115, 115, 115, 115, 157]",[0],[26],"[0, 1, 2, 3, 4, 5, 6, 7, 8, 9, 10, 11, 12, 13, 15, 20, 21, 22, 23]","[115, 115, 115, 115, 115, 115, 115, 115, 115, 115, 115, 115, 115, 115, 115, 115, 115, 115, 115, 157]","[115, 115, 115, 115, 115, 115, 115, 115, 115, 115, 115, 115, 115, 115, 115, 115, 115, 115, 115, 157]"
4_56_172,"[509, 529, 529, 529, 555, 619, 619, 619, 619, 619, 619, 619, 619, 619, 619, 619, 619, 619, 619, 619]",[4],[56],"[0, 1, 3, 5, 6, 7, 8, 9, 10, 11, 12, 13, 14, 22, 23]","[509, 529, 529, 529, 555, 619, 619, 619, 619, 619, 619, 619, 619, 619, 619, 619, 619, 619, 619, 619]","[509, 529, 529, 529, 555, 619, 619, 619, 619, 619, 619, 619, 619, 619, 619, 619, 619, 619, 619, 619]"
0_5_173,"[290, 359, 502, 535, 535, 584, 607, 607, 607, 607, 607, 607, 607, 637, 637, 649, 649, 649, 649, 649]",[0],[5],"[1, 4, 5, 6, 7, 8, 9, 10, 11, 12, 13, 14, 15, 20, 22, 23]","[290, 359, 502, 535, 535, 584, 607, 607, 607, 607, 607, 607, 607, 637, 637, 649, 649, 649, 649, 649]","[290, 359, 502, 535, 535, 584, 607, 607, 607, 607, 607, 607, 607, 637, 637, 649, 649, 649, 649, 649]"
0_45_174,"[63, 94, 94, 130, 130, 130, 130, 130, 130, 130, 132, 173, 184, 195, 271, 286, 286, 286, 286, 286]",[0],[45],"[0, 1, 2, 3, 4, 5, 6, 7, 8, 9, 10, 11, 12, 13, 14, 15, 21, 22, 23]","[63, 94, 94, 130, 130, 130, 130, 130, 130, 130, 132, 173, 184, 195, 271, 286, 286, 286, 286, 286]","[63, 94, 94, 130, 130, 130, 130, 130, 130, 130, 132, 173, 184, 195, 271, 286, 286, 286, 286, 286]"
2_5_175,"[37, 37, 37, 200, 257, 257, 257, 295, 295, 299, 406, 537, 549, 616, 623, 623, 623, 623, 623, 647]",[2],[5],"[0, 1, 2, 3, 4, 5, 6, 7, 8, 9, 10, 11, 13]","[37, 37, 37, 200, 257, 257, 257, 295, 295, 299, 406, 537, 549, 616, 623, 623, 623, 623, 623, 647]","[37, 37, 37, 200, 257, 257, 257, 295, 295, 299, 406, 537, 549, 616, 623, 623, 623, 623, 623, 647]"
0_35_176,"[88, 382, 382, 382, 535, 567, 617, 727, 898, 898, 898, 898, 898, 898, 898, 905, 1003, 1003, 1003, 1003]",[0],[35],"[0, 1, 2, 3, 4, 5, 6, 7, 8, 9, 10, 11, 12, 13, 14, 15, 21, 22, 23]","[88, 382, 382, 382, 535, 567, 617, 727, 898, 898, 898, 898, 898, 898, 898, 905, 1003, 1003, 1003, 1003]","[88, 382, 382, 382, 535, 567, 617, 727, 898, 898, 898, 898, 898, 898, 898, 905, 1003, 1003, 1003, 1003]"
0_12_177,"[75, 75, 75, 75, 75, 75, 75, 75, 75, 75, 75, 75, 75, 75, 75, 75, 75, 75, 75, 154]",[0],[12],"[0, 1, 2, 3, 5, 6, 7, 8, 9, 10, 11, 12, 13, 14, 16, 21, 22, 23]","[75, 75, 75, 75, 75, 75, 75, 75, 75, 75, 75, 75, 75, 75, 75, 75, 75, 75, 75, 154]","[75, 75, 75, 75, 75, 75, 75, 75, 75, 75, 75, 75, 75, 75, 75, 75, 75, 75, 75, 154]"
16_57_178,"[6, 51, 218, 231, 231, 231, 231, 231, 231, 231, 231, 231, 231, 231, 231, 231, 231, 231, 231, 261]",[16],[57],"[1, 2, 3, 4, 5, 6, 7, 8, 9, 10, 11, 12]","[6, 51, 218, 231, 231, 231, 231, 231, 231, 231, 231, 231, 231, 231, 231, 231, 231, 231, 231, 261]","[6, 51, 218, 231, 231, 231, 231, 231, 231, 231, 231, 231, 231, 231, 231, 231, 231, 231, 231, 261]"
1_57_179,"[21, 21, 60, 60, 60, 60, 60, 168, 210, 261, 321, 321, 373, 373, 373, 373, 373, 373, 373, 373]",[1],[57],"[0, 1, 2, 3, 4, 5, 6, 7, 8, 9, 10, 11, 12, 13, 14, 15, 23]","[21, 21, 60, 60, 60, 60, 60, 168, 210, 261, 321, 321, 373, 373, 373, 373, 373, 373, 373, 373]","[21, 21, 60, 60, 60, 60, 60, 168, 210, 261, 321, 321, 373, 373, 373, 373, 373, 373, 373, 373]"
0_57_180,"[24, 115, 128, 184, 256, 256, 256, 256, 256, 256, 256, 256, 256, 256, 256, 256, 256, 256, 256, 256]",[0],[57],"[0, 1, 2, 3, 4, 5, 6, 7, 8, 9, 10, 11, 12, 13, 14, 17, 22, 23]","[24, 115, 128, 184, 256, 256, 256, 256, 256, 256, 256, 256, 256, 256, 256, 256, 256, 256, 256, 256]","[24, 115, 128, 184, 256, 256, 256, 256, 256, 256, 256, 256, 256, 256, 256, 256, 256, 256, 256, 256]"
0_69_181,"[31, 31, 31, 31, 31, 31, 31, 31, 31, 31, 31, 31, 31, 31, 31, 31, 31, 31, 31, 31]",[0],[69],"[0, 1, 2, 3, 4, 5, 6, 7, 8, 9, 10, 11, 12, 13, 15, 20, 21, 22, 23]","[31, 31, 31, 31, 31, 31, 31, 31, 31, 31, 31, 31, 31, 31, 31, 31, 31, 31, 31, 31]","[31, 31, 31, 31, 31, 31, 31, 31, 31, 31, 31, 31, 31, 31, 31, 31, 31, 31, 31, 31]"
0_55_182,"[31, 85, 86, 86, 88, 88, 88, 88, 88, 130, 199, 220, 283, 362, 403, 436, 485, 526, 621, 621]",[0],[55],"[0, 1, 2, 3, 4, 5, 6, 7, 8, 9, 10, 11, 12, 13, 14, 23]","[31, 85, 86, 86, 88, 88, 88, 88, 88, 130, 199, 220, 283, 362, 403, 436, 485, 526, 621, 621]","[31, 85, 86, 86, 88, 88, 88, 88, 88, 130, 199, 220, 283, 362, 403, 436, 485, 526, 621, 621]"
0_67_183,"[467, 467, 467, 467, 467, 467, 467, 467, 467, 467, 467, 467, 467, 467, 467, 467, 467, 467, 467, 467]",[0],[67],"[0, 1, 2, 3, 4, 5, 6, 7, 8, 9, 10, 11, 12, 13, 14, 21, 22, 23]","[467, 467, 467, 467, 467, 467, 467, 467, 467, 467, 467, 467, 467, 467, 467, 467, 467, 467, 467, 467]","[467, 467, 467, 467, 467, 467, 467, 467, 467, 467, 467, 467, 467, 467, 467, 467, 467, 467, 467, 467]"
17_45_184,"[46, 61, 61, 61, 62, 129, 189, 216, 272, 300, 307, 307, 307, 328, 350, 435, 471, 506, 506, 506]",[17],[45],"[1, 2, 3, 4, 5, 6, 7, 8, 9, 10, 11, 12, 13, 21, 23]","[46, 61, 61, 61, 62, 129, 189, 216, 272, 300, 307, 307, 307, 328, 350, 435, 471, 506, 506, 506]","[46, 61, 61, 61, 62, 129, 189, 216, 272, 300, 307, 307, 307, 328, 350, 435, 471, 506, 506, 506]"
4_54_185,"[41, 41, 41, 323, 323, 323, 323, 323, 323, 323, 323, 323, 323, 323, 323, 323, 323, 323, 323, 323]",[4],[54],"[0, 1, 2, 3, 4, 5, 6, 7, 8, 9, 10, 11, 12, 13, 14, 15, 22, 23]","[41, 41, 41, 323, 323, 323, 323, 323, 323, 323, 323, 323, 323, 323, 323, 323, 323, 323, 323, 323]","[41, 41, 41, 323, 323, 323, 323, 323, 323, 323, 323, 323, 323, 323, 323, 323, 323, 323, 323, 323]"
4_45_186,"[88, 179, 179, 195, 248, 281, 281, 281, 281, 281, 281, 281, 281, 281, 281, 281, 281, 281, 281, 281]",[4],[45],"[0, 1, 2, 3, 4, 5, 6, 7, 8, 9, 10, 11, 12, 14, 15, 23]","[88, 179, 179, 195, 248, 281, 281, 281, 281, 281, 281, 281, 281, 281, 281, 281, 281, 281, 281, 281]","[88, 179, 179, 195, 248, 281, 281, 281, 281, 281, 281, 281, 281, 281, 281, 281, 281, 281, 281, 281]"
0_33_187,"[41, 41, 49, 64, 96, 96, 96, 96, 96, 96, 96, 96, 96, 96, 96, 96, 96, 96, 96, 105]",[0],[33],"[0, 1, 2, 3, 4, 5, 6, 7, 8, 9, 10, 11, 12, 13, 14, 15, 16, 22, 23]","[41, 41, 49, 64, 96, 96, 96, 96, 96, 96, 96, 96, 96, 96, 96, 96, 96, 96, 96, 105]","[41, 41, 49, 64, 96, 96, 96, 96, 96, 96, 96, 96, 96, 96, 96, 96, 96, 96, 96, 105]"
0_38_188,"[132, 195, 195, 195, 195, 195, 195, 195, 195, 195, 195, 195, 195, 195, 195, 195, 195, 195, 195, 195]",[0],[38],"[0, 1, 2, 3, 4, 5, 6, 7, 8, 9, 10, 11, 12, 13, 14, 15, 20, 21, 22, 23]","[132, 195, 195, 195, 195, 195, 195, 195, 195, 195, 195, 195, 195, 195, 195, 195, 195, 195, 195, 195]","[132, 195, 195, 195, 195, 195, 195, 195, 195, 195, 195, 195, 195, 195, 195, 195, 195, 195, 195, 195]"
12_57_189,"[22, 28, 28, 81, 110, 212, 231, 261, 261, 353, 395, 627, 627, 627, 630, 786, 850, 850, 850, 850]",[12],[57],"[1, 2, 3, 4, 5, 6, 7, 8, 9, 10, 11, 13]","[22, 28, 28, 81, 110, 212, 231, 261, 261, 353, 395, 627, 627, 627, 630, 786, 850, 850, 850, 850]","[22, 28, 28, 81, 110, 212, 231, 261, 261, 353, 395, 627, 627, 627, 630, 786, 850, 850, 850, 850]"
1_45_190,"[15, 33, 33, 33, 33, 33, 33, 46, 49, 96, 217, 239, 301, 301, 301, 332, 354, 371, 371, 371]",[1],[45],"[2, 3, 4, 5, 6, 7, 8, 9, 10, 11, 12]","[15, 33, 33, 33, 33, 33, 33, 46, 49, 96, 217, 239, 301, 301, 301, 332, 354, 371, 371, 371]","[15, 33, 33, 33, 33, 33, 33, 46, 49, 96, 217, 239, 301, 301, 301, 332, 354, 371, 371, 371]"
4_46_191,"[33, 361, 361, 361, 361, 361, 426, 489, 506, 506, 507, 562, 617, 617, 640, 640, 709, 742, 742, 742]",[4],[46],"[0, 1, 3, 4, 5, 6, 7, 8, 9, 10, 11, 12, 13, 14, 15, 21, 23]","[33, 361, 361, 361, 361, 361, 426, 489, 506, 506, 507, 562, 617, 617, 640, 640, 709, 742, 742, 742]","[33, 361, 361, 361, 361, 361, 426, 489, 506, 506, 507, 562, 617, 617, 640, 640, 709, 742, 742, 742]"
4_15_192,"[756, 880, 1011, 1149, 1367, 1367, 1367, 1367, 1367, 1367, 1367, 1367, 1367, 1367, 1367, 1367, 1367, 1367, 1497, 1497]",[4],[15],"[0, 2, 3, 4, 5, 6, 7, 8, 9, 10, 11, 12, 13, 14, 15, 22, 23]","[756, 880, 1011, 1149, 1367, 1367, 1367, 1367, 1367, 1367, 1367, 1367, 1367, 1367, 1367, 1367, 1367, 1367, 1497, 1497]","[756, 880, 1011, 1149, 1367, 1367, 1367, 1367, 1367, 1367, 1367, 1367, 1367, 1367, 1367, 1367, 1367, 1367, 1497, 1497]"
0_56_193,"[55, 55, 94, 134, 142, 155, 180, 188, 188, 212, 274, 307, 307, 411, 461, 481, 568, 575, 575, 575]",[0],[56],"[0, 1, 2, 3, 4, 5, 6, 7, 8, 9, 10, 11, 12, 13, 14, 15, 20, 22, 23]","[55, 55, 94, 134, 142, 155, 180, 188, 188, 212, 274, 307, 307, 411, 461, 481, 568, 575, 575, 575]","[55, 55, 94, 134, 142, 155, 180, 188, 188, 212, 274, 307, 307, 411, 461, 481, 568, 575, 575, 575]"
0_75_194,"[74, 152, 220, 237, 399, 438, 438, 438, 438, 438, 438, 438, 438, 438, 438, 438, 438, 438, 438, 438]",[0],[75],"[0, 1, 3, 4, 5, 6, 7, 8, 9, 10, 12, 13, 14, 22, 23]","[74, 152, 220, 237, 399, 438, 438, 438, 438, 438, 438, 438, 438, 438, 438, 438, 438, 438, 438, 438]","[74, 152, 220, 237, 399, 438, 438, 438, 438, 438, 438, 438, 438, 438, 438, 438, 438, 438, 438, 438]"
0_15_195,"[482, 482, 486, 538, 538, 538, 538, 538, 538, 538, 538, 538, 538, 538, 538, 538, 538, 538, 538, 538]",[0],[15],"[0, 1, 2, 3, 4, 5, 6, 7, 8, 9, 10, 11, 12, 13, 14, 17, 21, 22, 23]","[482, 482, 486, 538, 538, 538, 538, 538, 538, 538, 538, 538, 538, 538, 538, 538, 538, 538, 538, 538]","[482, 482, 486, 538, 538, 538, 538, 538, 538, 538, 538, 538, 538, 538, 538, 538, 538, 538, 538, 538]"
1_57_196,"[21, 22, 22, 51, 51, 55, 77, 138, 231, 231, 231, 240, 257, 300, 321, 321, 321, 321, 323, 353]",[1],[57],"[1, 2, 3, 4, 5, 6, 7, 8, 9, 10, 11, 12, 22]","[21, 22, 22, 51, 51, 55, 77, 138, 231, 231, 231, 240, 257, 300, 321, 321, 321, 321, 323, 353]","[21, 22, 22, 51, 51, 55, 77, 138, 231, 231, 231, 240, 257, 300, 321, 321, 321, 321, 323, 353]"
18_57_197,"[0, 2, 51, 60, 60, 80, 187, 212, 231, 231, 231, 231, 231, 231, 231, 261, 275, 321, 353, 373]",[18],[57],"[2, 3, 4, 5, 6, 7, 8, 9, 10, 11, 12, 13]","[0, 2, 51, 60, 60, 80, 187, 212, 231, 231, 231, 231, 231, 231, 231, 261, 275, 321, 353, 373]","[0, 2, 51, 60, 60, 80, 187, 212, 231, 231, 231, 231, 231, 231, 231, 261, 275, 321, 353, 373]"
0_97_198,"[8, 8, 8, 9, 9, 9, 9, 9, 9, 9, 9, 9, 9, 9, 126, 147, 147, 147, 147, 147]",[0],[97],"[0, 1, 2, 3, 4, 5, 6, 7, 9, 10, 11, 12, 13, 14, 15, 16, 20, 21, 22, 23]","[8, 8, 8, 9, 9, 9, 9, 9, 9, 9, 9, 9, 9, 9, 126, 147, 147, 147, 147, 147]","[8, 8, 8, 9, 9, 9, 9, 9, 9, 9, 9, 9, 9, 9, 126, 147, 147, 147, 147, 147]"
19_56_199,"[6, 14, 36, 36, 36, 46, 46, 46, 46, 46, 46, 132, 165, 186, 229, 229, 229, 229, 229, 229]",[19],[56],"[0, 1, 2, 3, 6, 7, 8, 9, 10, 11, 12, 23]","[6, 14, 36, 36, 36, 46, 46, 46, 46, 46, 46, 132, 165, 186, 229, 229, 229, 229, 229, 229]","[6, 14, 36, 36, 36, 46, 46, 46, 46, 46, 46, 132, 165, 186, 229, 229, 229, 229, 229, 229]"
4_46_200,"[205, 307, 307, 307, 307, 512, 637, 797, 847, 847, 847, 847, 847, 847, 847, 847, 847, 847, 847, 853]",[4],[46],"[0, 1, 2, 3, 4, 5, 6, 7, 8, 9, 10, 11, 12, 13, 14, 15, 21, 22, 23]","[205, 307, 307, 307, 307, 512, 637, 797, 847, 847, 847, 847, 847, 847, 847, 847, 847, 847, 847, 853]","[205, 307, 307, 307, 307, 512, 637, 797, 847, 847, 847, 847, 847, 847, 847, 847, 847, 847, 847, 853]"
4_56_201,"[4, 4, 144, 144, 144, 144, 144, 144, 144, 144, 144, 144, 144, 144, 144, 144, 144, 144, 144, 144]",[4],[56],"[0, 1, 2, 3, 4, 5, 6, 7, 8, 9, 10, 11, 12, 13, 14, 21, 23]","[4, 4, 144, 144, 144, 144, 144, 144, 144, 144, 144, 144, 144, 144, 144, 144, 144, 144, 144, 144]","[4, 4, 144, 144, 144, 144, 144, 144, 144, 144, 144, 144, 144, 144, 144, 144, 144, 144, 144, 144]"
0_45_202,"[67, 67, 101, 227, 258, 410, 411, 437, 437, 437, 437, 437, 479, 479, 652, 750, 768, 768, 768, 998]",[0],[45],"[0, 1, 2, 3, 4, 5, 6, 8, 9, 10, 11, 12, 13, 14, 15, 22, 23]","[67, 67, 101, 227, 258, 410, 411, 437, 437, 437, 437, 437, 479, 479, 652, 750, 768, 768, 768, 998]","[67, 67, 101, 227, 258, 410, 411, 437, 437, 437, 437, 437, 479, 479, 652, 750, 768, 768, 768, 998]"
0_46_203,"[8, 105, 132, 135, 149, 247, 330, 395, 482, 482, 535, 617, 647, 660, 847, 965, 965, 965, 978, 1119]",[0],[46],"[0, 1, 2, 3, 4, 5, 6, 7, 8, 9, 10, 11, 12, 13, 14, 15, 18, 23]","[8, 105, 132, 135, 149, 247, 330, 395, 482, 482, 535, 617, 647, 660, 847, 965, 965, 965, 978, 1119]","[8, 105, 132, 135, 149, 247, 330, 395, 482, 482, 535, 617, 647, 660, 847, 965, 965, 965, 978, 1119]"
0_32_204,"[67, 128, 128, 128, 128, 128, 128, 128, 128, 128, 128, 128, 128, 128, 128, 128, 128, 128, 128, 128]",[0],[32],"[0, 1, 2, 4, 5, 6, 7, 8, 9, 10, 11, 12, 13, 14, 16, 23]","[67, 128, 128, 128, 128, 128, 128, 128, 128, 128, 128, 128, 128, 128, 128, 128, 128, 128, 128, 128]","[67, 128, 128, 128, 128, 128, 128, 128, 128, 128, 128, 128, 128, 128, 128, 128, 128, 128, 128, 128]"
9_57_205,"[34, 34, 34, 34, 38, 45, 58, 75, 143, 165, 231, 261, 390, 470, 544, 555, 632, 632, 646, 716]",[9],[57],"[1, 2, 3, 4, 5, 6, 7, 8, 9, 10, 11, 12, 23]","[34, 34, 34, 34, 38, 45, 58, 75, 143, 165, 231, 261, 390, 470, 544, 555, 632, 632, 646, 716]","[34, 34, 34, 34, 38, 45, 58, 75, 143, 165, 231, 261, 390, 470, 544, 555, 632, 632, 646, 716]"
0_43_206,"[90, 273, 273, 310, 310, 310, 310, 417, 518, 518, 518, 518, 518, 518, 518, 518, 518, 518, 518, 634]",[0],[43],"[0, 1, 2, 3, 4, 5, 6, 7, 8, 9, 10, 11, 12, 13, 14, 15, 20, 22, 23]","[90, 273, 273, 310, 310, 310, 310, 417, 518, 518, 518, 518, 518, 518, 518, 518, 518, 518, 518, 634]","[90, 273, 273, 310, 310, 310, 310, 417, 518, 518, 518, 518, 518, 518, 518, 518, 518, 518, 518, 634]"
0_58_207,"[134, 134, 134, 134, 134, 134, 134, 134, 134, 134, 134, 134, 134, 134, 134, 134, 134, 134, 134, 134]",[0],[58],"[0, 1, 2, 3, 4, 6, 7, 8, 9, 10, 11, 12, 13, 14, 22, 23]","[134, 134, 134, 134, 134, 134, 134, 134, 134, 134, 134, 134, 134, 134, 134, 134, 134, 134, 134, 134]","[134, 134, 134, 134, 134, 134, 134, 134, 134, 134, 134, 134, 134, 134, 134, 134, 134, 134, 134, 134]"
4_36_208,"[18, 149, 149, 149, 311, 324, 329, 329, 329, 329, 329, 329, 329, 329, 329, 329, 329, 329, 329, 329]",[4],[36],"[1, 2, 5, 7, 8, 9, 10, 11, 12, 13, 14, 20, 22, 23]","[18, 149, 149, 149, 311, 324, 329, 329, 329, 329, 329, 329, 329, 329, 329, 329, 329, 329, 329, 329]","[18, 149, 149, 149, 311, 324, 329, 329, 329, 329, 329, 329, 329, 329, 329, 329, 329, 329, 329, 329]"
20_57_209,"[14, 24, 45, 46, 46, 46, 46, 46, 46, 186, 197, 209, 226, 231, 260, 260, 263, 266, 278, 278]",[20],[57],"[0, 1, 2, 3, 4, 5, 6, 7, 8, 9, 10, 11, 12, 13, 14, 15, 16, 18]","[14, 24, 45, 46, 46, 46, 46, 46, 46, 186, 197, 209, 226, 231, 260, 260, 263, 266, 278, 278]","[14, 24, 45, 46, 46, 46, 46, 46, 46, 186, 197, 209, 226, 231, 260, 260, 263, 266, 278, 278]"
0_60_210,"[169, 169, 268, 289, 289, 289, 289, 289, 289, 289, 289, 289, 289, 289, 289, 289, 289, 289, 289, 289]",[0],[60],"[0, 2, 3, 4, 5, 6, 7, 8, 9, 10, 11, 12, 13, 14, 15, 22, 23]","[169, 169, 268, 289, 289, 289, 289, 289, 289, 289, 289, 289, 289, 289, 289, 289, 289, 289, 289, 289]","[169, 169, 268, 289, 289, 289, 289, 289, 289, 289, 289, 289, 289, 289, 289, 289, 289, 289, 289, 289]"
0_26_211,"[163, 238, 248, 290, 306, 406, 427, 460, 479, 479, 479, 479, 479, 479, 479, 479, 479, 479, 479, 479]",[0],[26],"[0, 1, 2, 3, 5, 6, 7, 8, 9, 10, 11, 12, 13, 14, 15, 21, 22, 23]","[163, 238, 248, 290, 306, 406, 427, 460, 479, 479, 479, 479, 479, 479, 479, 479, 479, 479, 479, 479]","[163, 238, 248, 290, 306, 406, 427, 460, 479, 479, 479, 479, 479, 479, 479, 479, 479, 479, 479, 479]"
0_26_212,"[179, 179, 337, 358, 406, 470, 470, 470, 470, 470, 470, 470, 470, 470, 470, 470, 470, 470, 470, 470]",[0],[26],"[0, 1, 2, 3, 4, 5, 6, 7, 8, 9, 10, 11, 13, 14, 21, 22, 23]","[179, 179, 337, 358, 406, 470, 470, 470, 470, 470, 470, 470, 470, 470, 470, 470, 470, 470, 470, 470]","[179, 179, 337, 358, 406, 470, 470, 470, 470, 470, 470, 470, 470, 470, 470, 470, 470, 470, 470, 470]"
0_14_213,"[573, 649, 649, 649, 649, 649, 649, 649, 649, 649, 649, 649, 649, 649, 649, 649, 649, 649, 649, 649]",[0],[14],"[1, 4, 5, 6, 8, 9, 10, 11, 12, 13, 14, 15, 21, 22, 23]","[573, 649, 649, 649, 649, 649, 649, 649, 649, 649, 649, 649, 649, 649, 649, 649, 649, 649, 649, 649]","[573, 649, 649, 649, 649, 649, 649, 649, 649, 649, 649, 649, 649, 649, 649, 649, 649, 649, 649, 649]"
1_57_214,"[51, 55, 75, 143, 143, 231, 231, 231, 231, 231, 231, 231, 231, 231, 231, 231, 231, 231, 231, 231]",[1],[57],"[1, 2, 3, 4, 5, 6, 7, 8, 9, 10, 11]","[51, 55, 75, 143, 143, 231, 231, 231, 231, 231, 231, 231, 231, 231, 231, 231, 231, 231, 231, 231]","[51, 55, 75, 143, 143, 231, 231, 231, 231, 231, 231, 231, 231, 231, 231, 231, 231, 231, 231, 231]"
0_77_215,"[8, 8, 62, 63, 63, 124, 124, 124, 205, 240, 240, 256, 256, 256, 256, 256, 256, 256, 256, 256]",[0],[77],"[0, 1, 2, 3, 4, 5, 6, 7, 8, 9, 10, 11, 12, 13, 14, 15, 21, 22, 23]","[8, 8, 62, 63, 63, 124, 124, 124, 205, 240, 240, 256, 256, 256, 256, 256, 256, 256, 256, 256]","[8, 8, 62, 63, 63, 124, 124, 124, 205, 240, 240, 256, 256, 256, 256, 256, 256, 256, 256, 256]"
0_51_216,"[90, 173, 186, 186, 186, 186, 186, 186, 186, 187, 203, 309, 423, 517, 650, 650, 804, 868, 868, 868]",[0],[51],"[0, 1, 2, 3, 4, 5, 6, 7, 8, 9, 10, 11, 12, 13, 14, 15, 16, 17, 23]","[90, 173, 186, 186, 186, 186, 186, 186, 186, 187, 203, 309, 423, 517, 650, 650, 804, 868, 868, 868]","[90, 173, 186, 186, 186, 186, 186, 186, 186, 187, 203, 309, 423, 517, 650, 650, 804, 868, 868, 868]"
21_65_217,"[22, 22, 34, 48, 95, 95, 95, 95, 95, 95, 95, 95, 95, 95, 95, 95, 95, 95, 95, 95]",[21],[65],"[0, 1, 2, 3, 4, 5, 6, 7, 8, 9, 10, 11, 12, 23]","[22, 22, 34, 48, 95, 95, 95, 95, 95, 95, 95, 95, 95, 95, 95, 95, 95, 95, 95, 95]","[22, 22, 34, 48, 95, 95, 95, 95, 95, 95, 95, 95, 95, 95, 95, 95, 95, 95, 95, 95]"
1_5_218,"[17, 17, 75, 117, 177, 177, 177, 177, 536, 537, 541, 549, 607, 623, 623, 623, 623, 649, 649, 649]",[1],[5],"[0, 1, 2, 3, 4, 5, 6, 7, 8, 9, 10, 11, 12, 13, 21]","[17, 17, 75, 117, 177, 177, 177, 177, 536, 537, 541, 549, 607, 623, 623, 623, 623, 649, 649, 649]","[17, 17, 75, 117, 177, 177, 177, 177, 536, 537, 541, 549, 607, 623, 623, 623, 623, 649, 649, 649]"
0_71_219,"[141, 141, 141, 141, 141, 141, 141, 141, 141, 141, 141, 141, 141, 141, 141, 141, 141, 141, 141, 141]",[0],[71],"[0, 1, 2, 3, 4, 6, 8, 9, 10, 11, 12, 13, 14, 15, 20, 21, 22, 23]","[141, 141, 141, 141, 141, 141, 141, 141, 141, 141, 141, 141, 141, 141, 141, 141, 141, 141, 141, 141]","[141, 141, 141, 141, 141, 141, 141, 141, 141, 141, 141, 141, 141, 141, 141, 141, 141, 141, 141, 141]"
0_35_220,"[13, 14, 14, 14, 14, 14, 14, 14, 14, 14, 14, 14, 14, 14, 14, 14, 14, 14, 14, 14]",[0],[35],"[0, 1, 2, 3, 4, 5, 6, 7, 8, 9, 10, 11, 12, 13, 14, 15, 23]","[13, 14, 14, 14, 14, 14, 14, 14, 14, 14, 14, 14, 14, 14, 14, 14, 14, 14, 14, 14]","[13, 14, 14, 14, 14, 14, 14, 14, 14, 14, 14, 14, 14, 14, 14, 14, 14, 14, 14, 14]"
0_56_221,"[38, 134, 134, 134, 134, 134, 134, 134, 134, 134, 134, 134, 134, 134, 134, 134, 134, 134, 134, 134]",[0],[56],"[0, 1, 2, 3, 4, 5, 6, 7, 8, 9, 10, 11, 12, 13, 18, 23]","[38, 134, 134, 134, 134, 134, 134, 134, 134, 134, 134, 134, 134, 134, 134, 134, 134, 134, 134, 134]","[38, 134, 134, 134, 134, 134, 134, 134, 134, 134, 134, 134, 134, 134, 134, 134, 134, 134, 134, 134]"
0_85_222,"[126, 126, 126, 126, 717, 717, 717, 717, 717, 717, 717, 717, 717, 754, 981, 981, 981, 981, 1214, 1746]",[0],[85],"[0, 1, 2, 3, 4, 5, 6, 7, 9, 10, 11, 12, 13, 14, 15, 20, 22, 23]","[126, 126, 126, 126, 717, 717, 717, 717, 717, 717, 717, 717, 717, 754, 981, 981, 981, 981, 1214, 1746]","[126, 126, 126, 126, 717, 717, 717, 717, 717, 717, 717, 717, 717, 754, 981, 981, 981, 981, 1214, 1746]"
22_56_223,"[6, 161, 221, 224, 254, 323, 397, 397, 397, 397, 397, 447, 447, 457, 469, 469, 469, 485, 486, 498]",[22],[56],"[0, 1, 3, 4, 5, 6, 7, 8, 9, 10, 11, 12, 14, 23]","[6, 161, 221, 224, 254, 323, 397, 397, 397, 397, 397, 447, 447, 457, 469, 469, 469, 485, 486, 498]","[6, 161, 221, 224, 254, 323, 397, 397, 397, 397, 397, 447, 447, 457, 469, 469, 469, 485, 486, 498]"
0_74_224,"[198, 435, 1052, 1344, 1344, 1577, 1604, 1604, 1604, 1604, 1604, 1604, 1604, 1604, 1604, 1604, 1604, 1604, 1604, 1604]",[0],[74],"[1, 2, 3, 4, 5, 6, 7, 8, 9, 10, 11, 12, 13, 14, 15, 21, 22, 23]","[198, 435, 1052, 1344, 1344, 1577, 1604, 1604, 1604, 1604, 1604, 1604, 1604, 1604, 1604, 1604, 1604, 1604, 1604, 1604]","[198, 435, 1052, 1344, 1344, 1577, 1604, 1604, 1604, 1604, 1604, 1604, 1604, 1604, 1604, 1604, 1604, 1604, 1604, 1604]"
4_2_225,"[84, 84, 84, 185, 243, 243, 243, 243, 306, 328, 363, 363, 363, 363, 363, 463, 463, 463, 463, 463]",[4],[2],"[0, 1, 2, 3, 4, 5, 6, 8, 9, 10, 11, 12, 13, 14, 15, 22, 23]","[84, 84, 84, 185, 243, 243, 243, 243, 306, 328, 363, 363, 363, 363, 363, 463, 463, 463, 463, 463]","[84, 84, 84, 185, 243, 243, 243, 243, 306, 328, 363, 363, 363, 363, 363, 463, 463, 463, 463, 463]"
0_54_226,"[76, 159, 159, 159, 159, 159, 159, 159, 159, 159, 159, 159, 159, 159, 348, 348, 348, 348, 437, 467]",[0],[54],"[0, 1, 2, 3, 4, 5, 6, 7, 8, 9, 10, 11, 12, 14, 15, 22, 23]","[76, 159, 159, 159, 159, 159, 159, 159, 159, 159, 159, 159, 159, 159, 348, 348, 348, 348, 437, 467]","[76, 159, 159, 159, 159, 159, 159, 159, 159, 159, 159, 159, 159, 159, 348, 348, 348, 348, 437, 467]"
4_67_227,"[90, 150, 330, 561, 627, 627, 787, 787, 787, 787, 787, 787, 787, 787, 787, 787, 787, 787, 787, 787]",[4],[67],"[0, 1, 2, 3, 4, 5, 7, 8, 9, 10, 11, 12, 13, 14, 15, 20, 21, 22, 23]","[90, 150, 330, 561, 627, 627, 787, 787, 787, 787, 787, 787, 787, 787, 787, 787, 787, 787, 787, 787]","[90, 150, 330, 561, 627, 627, 787, 787, 787, 787, 787, 787, 787, 787, 787, 787, 787, 787, 787, 787]"
0_34_228,"[94, 94, 94, 128, 216, 273, 273, 300, 300, 300, 327, 327, 486, 615, 623, 623, 821, 821, 821, 821]",[0],[34],"[0, 1, 2, 3, 4, 5, 6, 7, 8, 9, 10, 11, 12, 13, 14, 15, 22, 23]","[94, 94, 94, 128, 216, 273, 273, 300, 300, 300, 327, 327, 486, 615, 623, 623, 821, 821, 821, 821]","[94, 94, 94, 128, 216, 273, 273, 300, 300, 300, 327, 327, 486, 615, 623, 623, 821, 821, 821, 821]"
4_49_229,"[74, 161, 316, 420, 420, 420, 420, 420, 420, 420, 420, 420, 420, 420, 420, 420, 420, 420, 420, 420]",[4],[49],"[0, 1, 2, 3, 4, 5, 7, 8, 9, 10, 12, 13, 14, 15, 17, 21, 22, 23]","[74, 161, 316, 420, 420, 420, 420, 420, 420, 420, 420, 420, 420, 420, 420, 420, 420, 420, 420, 420]","[74, 161, 316, 420, 420, 420, 420, 420, 420, 420, 420, 420, 420, 420, 420, 420, 420, 420, 420, 420]"
0_45_230,"[20, 129, 132, 150, 199, 284, 410, 417, 467, 467, 467, 467, 470, 538, 538, 652, 726, 726, 726, 726]",[0],[45],"[0, 1, 2, 3, 4, 5, 6, 7, 8, 9, 10, 11, 12, 13, 14, 15, 19, 20, 22, 23]","[20, 129, 132, 150, 199, 284, 410, 417, 467, 467, 467, 467, 470, 538, 538, 652, 726, 726, 726, 726]","[20, 129, 132, 150, 199, 284, 410, 417, 467, 467, 467, 467, 470, 538, 538, 652, 726, 726, 726, 726]"
23_31_231,"[19, 19, 19, 55, 55, 55, 55, 55, 55, 55, 55, 55, 55, 55, 55, 55, 55, 55, 225, 225]",[23],[31],"[0, 1, 3, 4, 5, 6, 7, 8, 9, 10, 11, 23]","[19, 19, 19, 55, 55, 55, 55, 55, 55, 55, 55, 55, 55, 55, 55, 55, 55, 55, 225, 225]","[19, 19, 19, 55, 55, 55, 55, 55, 55, 55, 55, 55, 55, 55, 55, 55, 55, 55, 225, 225]"
4_36_232,"[29, 29, 119, 149, 196, 226, 240, 290, 296, 337, 578, 744, 756, 886, 933, 1023, 1086, 1177, 1356, 1356]",[4],[36],"[0, 1, 2, 3, 4, 5, 6, 7, 8, 9, 10, 11, 12, 13, 14, 22, 23]","[29, 29, 119, 149, 196, 226, 240, 290, 296, 337, 578, 744, 756, 886, 933, 1023, 1086, 1177, 1356, 1356]","[29, 29, 119, 149, 196, 226, 240, 290, 296, 337, 578, 744, 756, 886, 933, 1023, 1086, 1177, 1356, 1356]"
4_54_233,"[86, 86, 86, 86, 86, 86, 86, 86, 86, 86, 86, 86, 86, 86, 86, 86, 86, 86, 86, 86]",[4],[54],"[0, 3, 4, 8, 9, 10, 11, 12, 13, 14, 21, 22, 23]","[86, 86, 86, 86, 86, 86, 86, 86, 86, 86, 86, 86, 86, 86, 86, 86, 86, 86, 86, 86]","[86, 86, 86, 86, 86, 86, 86, 86, 86, 86, 86, 86, 86, 86, 86, 86, 86, 86, 86, 86]"
4_56_234,"[34, 34, 79, 150, 150, 150, 275, 364, 393, 435, 435, 435, 435, 453, 464, 562, 577, 674, 761, 761]",[4],[56],"[0, 1, 2, 3, 4, 5, 7, 8, 9, 10, 11, 12, 13, 14, 17, 21, 22, 23]","[34, 34, 79, 150, 150, 150, 275, 364, 393, 435, 435, 435, 435, 453, 464, 562, 577, 674, 761, 761]","[34, 34, 79, 150, 150, 150, 275, 364, 393, 435, 435, 435, 435, 453, 464, 562, 577, 674, 761, 761]"
4_46_235,"[40, 149, 149, 167, 195, 555, 555, 593, 738, 787, 787, 787, 787, 787, 787, 787, 787, 787, 787, 787]",[4],[46],"[0, 1, 2, 3, 4, 5, 6, 7, 8, 9, 10, 11, 12, 13, 14, 20, 21, 23]","[40, 149, 149, 167, 195, 555, 555, 593, 738, 787, 787, 787, 787, 787, 787, 787, 787, 787, 787, 787]","[40, 149, 149, 167, 195, 555, 555, 593, 738, 787, 787, 787, 787, 787, 787, 787, 787, 787, 787, 787]"
0_4_236,"[126, 290, 502, 637, 733, 766, 766, 766, 766, 766, 766, 766, 766, 766, 766, 766, 766, 766, 766, 766]",[0],[4],"[0, 1, 2, 3, 4, 5, 6, 7, 10, 11, 12, 13, 14, 15, 22, 23]","[126, 290, 502, 637, 733, 766, 766, 766, 766, 766, 766, 766, 766, 766, 766, 766, 766, 766, 766, 766]","[126, 290, 502, 637, 733, 766, 766, 766, 766, 766, 766, 766, 766, 766, 766, 766, 766, 766, 766, 766]"
0_68_237,"[526, 526, 526, 526, 526, 526, 526, 526, 526, 526, 526, 526, 526, 526, 526, 526, 526, 526, 526, 526]",[0],[68],"[0, 1, 2, 4, 5, 7, 8, 9, 10, 11, 12, 13, 14, 15, 21, 22, 23]","[526, 526, 526, 526, 526, 526, 526, 526, 526, 526, 526, 526, 526, 526, 526, 526, 526, 526, 526, 526]","[526, 526, 526, 526, 526, 526, 526, 526, 526, 526, 526, 526, 526, 526, 526, 526, 526, 526, 526, 526]"
0_26_238,"[118, 129, 129, 129, 129, 129, 129, 129, 129, 129, 129, 129, 129, 365, 365, 365, 365, 365, 365, 365]",[0],[26],"[0, 1, 2, 3, 4, 5, 6, 7, 8, 9, 10, 11, 12, 13, 14, 21, 22, 23]","[118, 129, 129, 129, 129, 129, 129, 129, 129, 129, 129, 129, 129, 365, 365, 365, 365, 365, 365, 365]","[118, 129, 129, 129, 129, 129, 129, 129, 129, 129, 129, 129, 129, 365, 365, 365, 365, 365, 365, 365]"
0_95_239,"[126, 126, 126, 126, 126, 126, 126, 147, 147, 147, 173, 195, 246, 246, 269, 269, 304, 643, 643, 643]",[0],[95],"[0, 1, 2, 3, 4, 5, 6, 8, 9, 10, 11, 12, 13, 14, 15, 21, 22, 23]","[126, 126, 126, 126, 126, 126, 126, 147, 147, 147, 173, 195, 246, 246, 269, 269, 304, 643, 643, 643]","[126, 126, 126, 126, 126, 126, 126, 147, 147, 147, 173, 195, 246, 246, 269, 269, 304, 643, 643, 643]"
14_47_240,"[129, 156, 187, 384, 467, 700, 982, 1002, 1002, 1002, 1002, 1002, 1002, 1002, 1002, 1002, 1002, 1002, 1002, 1002]",[14],[47],"[0, 1, 2, 3, 4, 6, 7, 8, 9, 10, 11, 12, 13, 14, 20, 21, 22, 23]","[129, 156, 187, 384, 467, 700, 982, 1002, 1002, 1002, 1002, 1002, 1002, 1002, 1002, 1002, 1002, 1002, 1002, 1002]","[129, 156, 187, 384, 467, 700, 982, 1002, 1002, 1002, 1002, 1002, 1002, 1002, 1002, 1002, 1002, 1002, 1002, 1002]"
0_57_241,"[31, 31, 31, 31, 31, 31, 31, 31, 31, 31, 31, 31, 31, 31, 31, 31, 31, 31, 31, 31]",[0],[57],"[0, 1, 2, 3, 4, 6, 7, 8, 9, 10, 11, 12, 13, 14, 15, 16, 20, 21, 22]","[31, 31, 31, 31, 31, 31, 31, 31, 31, 31, 31, 31, 31, 31, 31, 31, 31, 31, 31, 31]","[31, 31, 31, 31, 31, 31, 31, 31, 31, 31, 31, 31, 31, 31, 31, 31, 31, 31, 31, 31]"
1_52_242,"[113, 146, 186, 252, 252, 252, 284, 316, 367, 367, 367, 388, 392, 423, 451, 451, 498, 498, 498, 512]",[1],[52],"[1, 2, 3, 4, 5, 6, 7, 8, 9, 10, 11, 12, 13]","[113, 146, 186, 252, 252, 252, 284, 316, 367, 367, 367, 388, 392, 423, 451, 451, 498, 498, 498, 512]","[113, 146, 186, 252, 252, 252, 284, 316, 367, 367, 367, 388, 392, 423, 451, 451, 498, 498, 498, 512]"
17_45_243,"[39, 61, 66, 66, 75, 98, 128, 131, 168, 181, 181, 220, 234, 263, 340, 400, 415, 426, 457, 493]",[17],[45],"[2, 3, 4, 5, 6, 7, 8, 9, 10, 11, 12, 13, 14]","[39, 61, 66, 66, 75, 98, 128, 131, 168, 181, 181, 220, 234, 263, 340, 400, 415, 426, 457, 493]","[39, 61, 66, 66, 75, 98, 128, 131, 168, 181, 181, 220, 234, 263, 340, 400, 415, 426, 457, 493]"
22_56_244,"[0, 20, 75, 129, 191, 286, 391, 391, 412, 413, 415, 415, 415, 435, 488, 531, 539, 653, 658, 658]",[22],[56],"[0, 1, 2, 3, 4, 5, 6, 7, 8, 9, 10, 11, 12, 13, 21, 22, 23]","[0, 20, 75, 129, 191, 286, 391, 391, 412, 413, 415, 415, 415, 435, 488, 531, 539, 653, 658, 658]","[0, 20, 75, 129, 191, 286, 391, 391, 412, 413, 415, 415, 415, 435, 488, 531, 539, 653, 658, 658]"
0_66_245,"[92, 92, 92, 126, 292, 292, 292, 292, 292, 292, 292, 292, 292, 487, 487, 487, 487, 487, 487, 487]",[0],[66],"[0, 1, 3, 4, 6, 7, 8, 9, 10, 11, 12, 13, 14, 21, 22, 23]","[92, 92, 92, 126, 292, 292, 292, 292, 292, 292, 292, 292, 292, 487, 487, 487, 487, 487, 487, 487]","[92, 92, 92, 126, 292, 292, 292, 292, 292, 292, 292, 292, 292, 487, 487, 487, 487, 487, 487, 487]"
4_46_246,"[4, 4, 8, 129, 129, 458, 627, 666, 678, 1021, 1034, 1062, 1277, 1277, 1277, 1277, 1277, 1277, 1337, 1337]",[4],[46],"[0, 1, 2, 3, 4, 6, 7, 8, 9, 10, 11, 12, 13, 14, 22, 23]","[4, 4, 8, 129, 129, 458, 627, 666, 678, 1021, 1034, 1062, 1277, 1277, 1277, 1277, 1277, 1277, 1337, 1337]","[4, 4, 8, 129, 129, 458, 627, 666, 678, 1021, 1034, 1062, 1277, 1277, 1277, 1277, 1277, 1277, 1337, 1337]"
0_57_247,"[22, 226, 226, 226, 226, 226, 226, 226, 226, 226, 226, 226, 843, 843, 843, 843, 843, 843, 843, 843]",[0],[57],"[0, 1, 2, 3, 4, 5, 6, 7, 8, 9, 10, 11, 12, 13, 14]","[22, 226, 226, 226, 226, 226, 226, 226, 226, 226, 226, 226, 843, 843, 843, 843, 843, 843, 843, 843]","[22, 226, 226, 226, 226, 226, 226, 226, 226, 226, 226, 226, 843, 843, 843, 843, 843, 843, 843, 843]"
0_34_248,"[153, 195, 208, 379, 469, 469, 555, 555, 555, 599, 599, 834, 855, 866, 866, 912, 951, 963, 963, 965]",[0],[34],"[0, 1, 2, 3, 4, 5, 6, 7, 8, 9, 10, 11, 12, 13, 14, 16, 21, 22, 23]","[153, 195, 208, 379, 469, 469, 555, 555, 555, 599, 599, 834, 855, 866, 866, 912, 951, 963, 963, 965]","[153, 195, 208, 379, 469, 469, 555, 555, 555, 599, 599, 834, 855, 866, 866, 912, 951, 963, 963, 965]"
0_35_249,"[162, 414, 414, 414, 414, 414, 414, 414, 414, 414, 414, 414, 414, 414, 414, 414, 414, 414, 630, 646]",[0],[35],"[0, 3, 4, 6, 7, 8, 9, 10, 11, 13, 14, 15, 22, 23]","[162, 414, 414, 414, 414, 414, 414, 414, 414, 414, 414, 414, 414, 414, 414, 414, 414, 414, 630, 646]","[162, 414, 414, 414, 414, 414, 414, 414, 414, 414, 414, 414, 414, 414, 414, 414, 414, 414, 630, 646]"
0_14_250,"[100, 100, 131, 131, 131, 131, 270, 270, 270, 299, 299, 299, 299, 299, 299, 361, 411, 411, 411, 649]",[0],[14],"[0, 1, 2, 3, 4, 5, 6, 7, 9, 10, 11, 13, 14, 16, 19, 20, 21, 22, 23]","[100, 100, 131, 131, 131, 131, 270, 270, 270, 299, 299, 299, 299, 299, 299, 361, 411, 411, 411, 649]","[100, 100, 131, 131, 131, 131, 270, 270, 270, 299, 299, 299, 299, 299, 299, 361, 411, 411, 411, 649]"
0_84_251,"[147, 147, 147, 147, 147, 147, 147, 147, 147, 147, 147, 147, 147, 147, 147, 147, 147, 147, 147, 244]",[0],[84],"[0, 1, 2, 4, 5, 6, 7, 8, 9, 10, 11, 12, 13, 14, 15, 21, 22, 23]","[147, 147, 147, 147, 147, 147, 147, 147, 147, 147, 147, 147, 147, 147, 147, 147, 147, 147, 147, 244]","[147, 147, 147, 147, 147, 147, 147, 147, 147, 147, 147, 147, 147, 147, 147, 147, 147, 147, 147, 244]"
24_2_252,"[117, 117, 117, 193, 305, 305, 305, 305, 305, 305, 305, 305, 305, 305, 305, 305, 305, 305, 305, 305]",[24],[2],"[0, 1, 3, 4, 5, 8, 9, 10, 11, 12, 13, 14, 15, 21, 22, 23]","[117, 117, 117, 193, 305, 305, 305, 305, 305, 305, 305, 305, 305, 305, 305, 305, 305, 305, 305, 305]","[117, 117, 117, 193, 305, 305, 305, 305, 305, 305, 305, 305, 305, 305, 305, 305, 305, 305, 305, 305]"
0_55_253,"[72, 88, 88, 88, 437, 437, 437, 647, 647, 647, 647, 647, 647, 647, 647, 647, 647, 647, 647, 647]",[0],[55],"[0, 1, 2, 6, 7, 8, 9, 10, 11, 12, 13, 15, 22, 23]","[72, 88, 88, 88, 437, 437, 437, 647, 647, 647, 647, 647, 647, 647, 647, 647, 647, 647, 647, 647]","[72, 88, 88, 88, 437, 437, 437, 647, 647, 647, 647, 647, 647, 647, 647, 647, 647, 647, 647, 647]"
12_57_254,"[51, 51, 55, 187, 226, 231, 231, 231, 231, 231, 231, 231, 231, 231, 231, 231, 231, 231, 231, 231]",[12],[57],"[3, 4, 5, 6, 7, 8, 9, 10, 11, 13]","[51, 51, 55, 187, 226, 231, 231, 231, 231, 231, 231, 231, 231, 231, 231, 231, 231, 231, 231, 231]","[51, 51, 55, 187, 226, 231, 231, 231, 231, 231, 231, 231, 231, 231, 231, 231, 231, 231, 231, 231]"
6_46_255,"[959, 959, 959, 959, 959, 959, 959, 959, 959, 959, 959, 959, 959, 959, 959, 959, 959, 959, 959, 959]",[6],[46],"[2, 3, 4, 5, 6, 7, 8, 9, 10, 11, 12, 13, 14, 15]","[959, 959, 959, 959, 959, 959, 959, 959, 959, 959, 959, 959, 959, 959, 959, 959, 959, 959, 959, 959]","[959, 959, 959, 959, 959, 959, 959, 959, 959, 959, 959, 959, 959, 959, 959, 959, 959, 959, 959, 959]"
0_39_256,"[43, 214, 214, 214, 214, 214, 214, 214, 214, 214, 214, 214, 214, 214, 214, 214, 229, 229, 324, 324]",[0],[39],"[0, 1, 2, 3, 4, 6, 7, 8, 9, 10, 11, 12, 13, 14, 15, 19, 22, 23]","[43, 214, 214, 214, 214, 214, 214, 214, 214, 214, 214, 214, 214, 214, 214, 214, 229, 229, 324, 324]","[43, 214, 214, 214, 214, 214, 214, 214, 214, 214, 214, 214, 214, 214, 214, 214, 229, 229, 324, 324]"
0_82_257,"[65, 74, 88, 88, 88, 172, 172, 172, 172, 172, 172, 172, 172, 172, 238, 414, 414, 414, 414, 522]",[0],[82],"[0, 1, 2, 3, 4, 5, 6, 7, 8, 9, 10, 11, 12, 13, 14, 15, 22, 23]","[65, 74, 88, 88, 88, 172, 172, 172, 172, 172, 172, 172, 172, 172, 238, 414, 414, 414, 414, 522]","[65, 74, 88, 88, 88, 172, 172, 172, 172, 172, 172, 172, 172, 172, 238, 414, 414, 414, 414, 522]"
25_57_258,"[0, 0, 0, 55, 75, 75, 143, 231, 264, 317, 325, 346, 349, 373, 463, 464, 529, 555, 646, 726]",[25],[57],"[0, 1, 2, 3, 4, 5, 6, 7, 8, 9, 10, 11, 12, 13, 20, 21, 23]","[0, 0, 0, 55, 75, 75, 143, 231, 264, 317, 325, 346, 349, 373, 463, 464, 529, 555, 646, 726]","[0, 0, 0, 55, 75, 75, 143, 231, 264, 317, 325, 346, 349, 373, 463, 464, 529, 555, 646, 726]"
0_62_259,"[68, 76, 76, 76, 76, 76, 76, 76, 76, 76, 76, 76, 76, 76, 76, 76, 76, 76, 76, 76]",[0],[62],"[0, 1, 2, 3, 4, 5, 6, 7, 8, 9, 10, 11, 12, 13, 14, 22, 23]","[68, 76, 76, 76, 76, 76, 76, 76, 76, 76, 76, 76, 76, 76, 76, 76, 76, 76, 76, 76]","[68, 76, 76, 76, 76, 76, 76, 76, 76, 76, 76, 76, 76, 76, 76, 76, 76, 76, 76, 76]"
4_48_260,"[138, 161, 161, 282, 282, 543, 662, 739, 815, 815, 910, 925, 947, 947, 947, 947, 947, 947, 947, 947]",[4],[48],"[0, 1, 2, 3, 4, 5, 6, 7, 8, 9, 10, 11, 12, 13, 14, 15, 22, 23]","[138, 161, 161, 282, 282, 543, 662, 739, 815, 815, 910, 925, 947, 947, 947, 947, 947, 947, 947, 947]","[138, 161, 161, 282, 282, 543, 662, 739, 815, 815, 910, 925, 947, 947, 947, 947, 947, 947, 947, 947]"
6_57_261,"[45, 45, 110, 126, 189, 213, 213, 226, 226, 240, 280, 315, 315, 476, 544, 621, 632, 632, 632, 632]",[6],[57],"[1, 2, 3, 4, 5, 6, 7, 8, 9, 10, 11, 12, 13, 14, 15]","[45, 45, 110, 126, 189, 213, 213, 226, 226, 240, 280, 315, 315, 476, 544, 621, 632, 632, 632, 632]","[45, 45, 110, 126, 189, 213, 213, 226, 226, 240, 280, 315, 315, 476, 544, 621, 632, 632, 632, 632]"
3_7_262,"[37, 74, 166, 196, 235, 235, 235, 235, 256, 256, 290, 312, 348, 354, 366, 386, 430, 474, 499, 499]",[3],[7],"[0, 1, 2, 3, 4, 5, 7, 8, 9, 10, 11, 12, 13, 14, 19, 20, 21, 22, 23]","[37, 74, 166, 196, 235, 235, 235, 235, 256, 256, 290, 312, 348, 354, 366, 386, 430, 474, 499, 499]","[37, 74, 166, 196, 235, 235, 235, 235, 256, 256, 290, 312, 348, 354, 366, 386, 430, 474, 499, 499]"
0_31_263,"[33, 33, 33, 33, 33, 33, 33, 33, 33, 33, 33, 33, 33, 33, 33, 33, 33, 33, 33, 33]",[0],[31],"[0, 1, 2, 3, 4, 5, 6, 7, 8, 9, 10, 11, 12, 13, 15, 16, 20, 21, 22, 23]","[33, 33, 33, 33, 33, 33, 33, 33, 33, 33, 33, 33, 33, 33, 33, 33, 33, 33, 33, 33]","[33, 33, 33, 33, 33, 33, 33, 33, 33, 33, 33, 33, 33, 33, 33, 33, 33, 33, 33, 33]"
0_58_264,"[72, 352, 385, 726, 726, 726, 726, 726, 726, 726, 726, 726, 726, 726, 726, 726, 726, 726, 726, 726]",[0],[58],"[1, 2, 4, 5, 6, 7, 8, 9, 10, 11, 12, 13, 14, 15, 19, 20, 22, 23]","[72, 352, 385, 726, 726, 726, 726, 726, 726, 726, 726, 726, 726, 726, 726, 726, 726, 726, 726, 726]","[72, 352, 385, 726, 726, 726, 726, 726, 726, 726, 726, 726, 726, 726, 726, 726, 726, 726, 726, 726]"
0_46_265,"[22, 77, 77, 106, 106, 175, 179, 231, 231, 231, 231, 231, 269, 293, 317, 344, 352, 378, 420, 435]",[0],[46],"[0, 1, 2, 3, 4, 5, 6, 7, 8, 9, 10, 11, 12, 13, 14, 22, 23]","[22, 77, 77, 106, 106, 175, 179, 231, 231, 231, 231, 231, 269, 293, 317, 344, 352, 378, 420, 435]","[22, 77, 77, 106, 106, 175, 179, 231, 231, 231, 231, 231, 269, 293, 317, 344, 352, 378, 420, 435]"
0_26_266,"[85, 85, 238, 238, 238, 238, 238, 238, 238, 238, 238, 238, 238, 238, 238, 238, 238, 238, 238, 238]",[0],[26],"[0, 2, 3, 4, 5, 6, 7, 8, 9, 10, 11, 12, 13, 14, 16, 21, 23]","[85, 85, 238, 238, 238, 238, 238, 238, 238, 238, 238, 238, 238, 238, 238, 238, 238, 238, 238, 238]","[85, 85, 238, 238, 238, 238, 238, 238, 238, 238, 238, 238, 238, 238, 238, 238, 238, 238, 238, 238]"
1_46_267,"[21, 38, 100, 100, 119, 166, 167, 235, 236, 286, 359, 380, 406, 413, 477, 484, 490, 500, 500, 516]",[1],[46],"[1, 2, 3, 4, 5, 6, 7, 8, 9, 10, 11, 12, 22]","[21, 38, 100, 100, 119, 166, 167, 235, 236, 286, 359, 380, 406, 413, 477, 484, 490, 500, 500, 516]","[21, 38, 100, 100, 119, 166, 167, 235, 236, 286, 359, 380, 406, 413, 477, 484, 490, 500, 500, 516]"
26_57_268,"[126, 197, 395, 395, 533, 533, 555, 555, 555, 630, 630, 630, 630, 843, 843, 843, 873, 879, 879, 879]",[26],[57],"[1, 2, 3, 4, 5, 6, 7, 8, 9, 10, 11, 12, 13, 23]","[126, 197, 395, 395, 533, 533, 555, 555, 555, 630, 630, 630, 630, 843, 843, 843, 873, 879, 879, 879]","[126, 197, 395, 395, 533, 533, 555, 555, 555, 630, 630, 630, 630, 843, 843, 843, 873, 879, 879, 879]"
4_67_269,"[62, 62, 304, 304, 304, 304, 304, 304, 456, 456, 456, 456, 456, 456, 456, 456, 456, 456, 456, 456]",[4],[67],"[0, 1, 3, 4, 5, 6, 8, 9, 10, 12, 13, 14, 22, 23]","[62, 62, 304, 304, 304, 304, 304, 304, 456, 456, 456, 456, 456, 456, 456, 456, 456, 456, 456, 456]","[62, 62, 304, 304, 304, 304, 304, 304, 456, 456, 456, 456, 456, 456, 456, 456, 456, 456, 456, 456]"
4_45_270,"[5, 23, 27, 130, 141, 154, 174, 174, 227, 286, 360, 382, 412, 431, 431, 431, 431, 454, 627, 650]",[4],[45],"[0, 1, 2, 3, 4, 5, 6, 7, 8, 9, 10, 11, 12, 13, 14, 15, 22, 23]","[5, 23, 27, 130, 141, 154, 174, 174, 227, 286, 360, 382, 412, 431, 431, 431, 431, 454, 627, 650]","[5, 23, 27, 130, 141, 154, 174, 174, 227, 286, 360, 382, 412, 431, 431, 431, 431, 454, 627, 650]"
6_57_271,"[21, 77, 77, 213, 226, 226, 226, 226, 226, 226, 226, 226, 261, 375, 476, 476, 476, 476, 476, 476]",[6],[57],"[2, 3, 4, 5, 6, 7, 8, 9, 10, 11, 12, 13, 14]","[21, 77, 77, 213, 226, 226, 226, 226, 226, 226, 226, 226, 261, 375, 476, 476, 476, 476, 476, 476]","[21, 77, 77, 213, 226, 226, 226, 226, 226, 226, 226, 226, 261, 375, 476, 476, 476, 476, 476, 476]"
0_97_272,"[9, 9, 9, 9, 9, 9, 9, 9, 9, 9, 9, 9, 9, 9, 9, 9, 9, 9, 9, 9]",[0],[97],"[0, 1, 2, 3, 5, 6, 7, 9, 10, 11, 12, 13, 14, 15, 16, 20, 21, 22, 23]","[9, 9, 9, 9, 9, 9, 9, 9, 9, 9, 9, 9, 9, 9, 9, 9, 9, 9, 9, 9]","[9, 9, 9, 9, 9, 9, 9, 9, 9, 9, 9, 9, 9, 9, 9, 9, 9, 9, 9, 9]"
4_47_273,"[25, 41, 134, 235, 286, 357, 357, 357, 357, 357, 357, 357, 357, 357, 357, 357, 357, 357, 357, 357]",[4],[47],"[0, 1, 2, 3, 4, 5, 6, 7, 8, 9, 10, 11, 14, 23]","[25, 41, 134, 235, 286, 357, 357, 357, 357, 357, 357, 357, 357, 357, 357, 357, 357, 357, 357, 357]","[25, 41, 134, 235, 286, 357, 357, 357, 357, 357, 357, 357, 357, 357, 357, 357, 357, 357, 357, 357]"
0_74_274,"[232, 232, 433, 522, 720, 866, 885, 1052, 1169, 1169, 1282, 1308, 1521, 1521, 1577, 1637, 1637, 1637, 1637, 1637]",[0],[74],"[0, 1, 2, 3, 4, 5, 6, 7, 8, 9, 10, 11, 12, 14, 20, 21, 22, 23]","[232, 232, 433, 522, 720, 866, 885, 1052, 1169, 1169, 1282, 1308, 1521, 1521, 1577, 1637, 1637, 1637, 1637, 1637]","[232, 232, 433, 522, 720, 866, 885, 1052, 1169, 1169, 1282, 1308, 1521, 1521, 1577, 1637, 1637, 1637, 1637, 1637]"
0_57_275,"[106, 110, 128, 128, 192, 240, 290, 373, 373, 387, 400, 441, 456, 456, 472, 486, 532, 564, 662, 683]",[0],[57],"[0, 1, 2, 3, 4, 5, 6, 7, 8, 9, 10, 11, 12, 13, 14, 15, 23]","[106, 110, 128, 128, 192, 240, 290, 373, 373, 387, 400, 441, 456, 456, 472, 486, 532, 564, 662, 683]","[106, 110, 128, 128, 192, 240, 290, 373, 373, 387, 400, 441, 456, 456, 472, 486, 532, 564, 662, 683]"
13_34_276,"[128, 634, 634, 670, 940, 950, 1156, 1160, 1178, 1178, 1178, 1178, 1274, 1274, 1274, 1274, 1274, 1274, 1274, 1274]",[13],[34],"[0, 2, 3, 4, 5, 6, 7, 8, 9, 10, 11, 12, 13, 14, 21, 22, 23]","[128, 634, 634, 670, 940, 950, 1156, 1160, 1178, 1178, 1178, 1178, 1274, 1274, 1274, 1274, 1274, 1274, 1274, 1274]","[128, 634, 634, 670, 940, 950, 1156, 1160, 1178, 1178, 1178, 1178, 1274, 1274, 1274, 1274, 1274, 1274, 1274, 1274]"
0_22_277,"[71, 75, 135, 212, 436, 436, 502, 552, 566, 584, 607, 607, 712, 838, 980, 980, 980, 998, 998, 998]",[0],[22],"[0, 1, 2, 3, 4, 6, 7, 8, 9, 10, 11, 12, 13, 14, 15, 20, 22, 23]","[71, 75, 135, 212, 436, 436, 502, 552, 566, 584, 607, 607, 712, 838, 980, 980, 980, 998, 998, 998]","[71, 75, 135, 212, 436, 436, 502, 552, 566, 584, 607, 607, 712, 838, 980, 980, 980, 998, 998, 998]"
0_57_278,"[22, 194, 226, 226, 226, 226, 226, 226, 226, 226, 226, 226, 226, 226, 226, 226, 226, 226, 226, 226]",[0],[57],"[0, 3, 4, 5, 6, 7, 8, 9, 10, 11, 12, 13, 14, 23]","[22, 194, 226, 226, 226, 226, 226, 226, 226, 226, 226, 226, 226, 226, 226, 226, 226, 226, 226, 226]","[22, 194, 226, 226, 226, 226, 226, 226, 226, 226, 226, 226, 226, 226, 226, 226, 226, 226, 226, 226]"
0_64_279,"[215, 330, 338, 467, 532, 532, 568, 596, 991, 1212, 1212, 1212, 1285, 1629, 1629, 1629, 1629, 1629, 1629, 1629]",[0],[64],"[0, 1, 2, 3, 4, 5, 7, 8, 9, 10, 11, 12, 13, 14, 15, 22, 23]","[215, 330, 338, 467, 532, 532, 568, 596, 991, 1212, 1212, 1212, 1285, 1629, 1629, 1629, 1629, 1629, 1629, 1629]","[215, 330, 338, 467, 532, 532, 568, 596, 991, 1212, 1212, 1212, 1285, 1629, 1629, 1629, 1629, 1629, 1629, 1629]"
4_66_280,"[349, 590, 590, 590, 590, 590, 590, 590, 590, 590, 590, 590, 590, 590, 590, 590, 590, 590, 590, 590]",[4],[66],"[1, 3, 5, 8, 9, 10, 11, 12, 13, 23]","[349, 590, 590, 590, 590, 590, 590, 590, 590, 590, 590, 590, 590, 590, 590, 590, 590, 590, 590, 590]","[349, 590, 590, 590, 590, 590, 590, 590, 590, 590, 590, 590, 590, 590, 590, 590, 590, 590, 590, 590]"
0_57_281,"[85, 111, 111, 111, 111, 111, 111, 111, 111, 111, 111, 111, 111, 111, 111, 111, 111, 111, 111, 111]",[0],[57],"[0, 2, 3, 5, 6, 8, 9, 10, 11, 12, 13, 14, 15, 22, 23]","[85, 111, 111, 111, 111, 111, 111, 111, 111, 111, 111, 111, 111, 111, 111, 111, 111, 111, 111, 111]","[85, 111, 111, 111, 111, 111, 111, 111, 111, 111, 111, 111, 111, 111, 111, 111, 111, 111, 111, 111]"
0_45_282,"[27, 72, 138, 173, 184, 187, 330, 415, 415, 476, 517, 521, 698, 765, 775, 788, 788, 788, 837, 857]",[0],[45],"[0, 1, 2, 3, 4, 5, 6, 7, 8, 9, 10, 11, 12, 13, 14, 19, 22, 23]","[27, 72, 138, 173, 184, 187, 330, 415, 415, 476, 517, 521, 698, 765, 775, 788, 788, 788, 837, 857]","[27, 72, 138, 173, 184, 187, 330, 415, 415, 476, 517, 521, 698, 765, 775, 788, 788, 788, 837, 857]"
0_52_283,"[50, 50, 50, 50, 138, 162, 310, 449, 494, 512, 512, 512, 512, 512, 512, 512, 512, 512, 512, 512]",[0],[52],"[1, 2, 3, 4, 5, 6, 7, 8, 9, 10, 11, 12, 13, 14, 15, 17, 19, 21, 22, 23]","[50, 50, 50, 50, 138, 162, 310, 449, 494, 512, 512, 512, 512, 512, 512, 512, 512, 512, 512, 512]","[50, 50, 50, 50, 138, 162, 310, 449, 494, 512, 512, 512, 512, 512, 512, 512, 512, 512, 512, 512]"
4_47_284,"[29, 69, 69, 384, 384, 384, 384, 384, 384, 384, 384, 384, 384, 384, 384, 384, 384, 384, 384, 384]",[4],[47],"[0, 1, 3, 4, 5, 6, 7, 9, 10, 11, 12, 13, 14, 15, 22, 23]","[29, 69, 69, 384, 384, 384, 384, 384, 384, 384, 384, 384, 384, 384, 384, 384, 384, 384, 384, 384]","[29, 69, 69, 384, 384, 384, 384, 384, 384, 384, 384, 384, 384, 384, 384, 384, 384, 384, 384, 384]"
27_36_285,"[592, 1836, 1836, 1836, 1836, 1836, 1836, 1836, 1836, 1836, 1836, 1836, 1836, 1836, 1836, 1836, 1836, 1836, 1836, 1836]",[27],[36],"[0, 1, 3, 4, 5, 8, 9, 10, 11, 12, 13, 14, 15, 21, 22, 23]","[592, 1836, 1836, 1836, 1836, 1836, 1836, 1836, 1836, 1836, 1836, 1836, 1836, 1836, 1836, 1836, 1836, 1836, 1836, 1836]","[592, 1836, 1836, 1836, 1836, 1836, 1836, 1836, 1836, 1836, 1836, 1836, 1836, 1836, 1836, 1836, 1836, 1836, 1836, 1836]"
4_66_286,"[85, 85, 209, 209, 209, 209, 226, 590, 590, 590, 590, 590, 590, 590, 590, 590, 590, 590, 590, 590]",[4],[66],"[1, 2, 3, 6, 7, 8, 9, 10, 11, 12, 13, 14, 20]","[85, 85, 209, 209, 209, 209, 226, 590, 590, 590, 590, 590, 590, 590, 590, 590, 590, 590, 590, 590]","[85, 85, 209, 209, 209, 209, 226, 590, 590, 590, 590, 590, 590, 590, 590, 590, 590, 590, 590, 590]"
28_65_287,"[8, 83, 141, 201, 205, 209, 237, 338, 344, 383, 383, 383, 454, 468, 487, 491, 491, 522, 541, 591]",[28],[65],"[0, 1, 2, 3, 4, 5, 6, 7, 8, 9, 10, 11, 22]","[8, 83, 141, 201, 205, 209, 237, 338, 344, 383, 383, 383, 454, 468, 487, 491, 491, 522, 541, 591]","[8, 83, 141, 201, 205, 209, 237, 338, 344, 383, 383, 383, 454, 468, 487, 491, 491, 522, 541, 591]"
29_31_288,"[19, 55, 55, 225, 291, 291, 291, 291, 291, 291, 291, 448, 448, 448, 459, 459, 459, 459, 478, 478]",[29],[31],"[0, 1, 3, 4, 5, 6, 7, 8, 9, 10, 11, 12, 13, 14, 15, 20, 22, 23]","[19, 55, 55, 225, 291, 291, 291, 291, 291, 291, 291, 448, 448, 448, 459, 459, 459, 459, 478, 478]","[19, 55, 55, 225, 291, 291, 291, 291, 291, 291, 291, 448, 448, 448, 459, 459, 459, 459, 478, 478]"
4_49_289,"[134, 214, 321, 321, 324, 399, 399, 661, 723, 1088, 1088, 1088, 1088, 1088, 1088, 1088, 1088, 1088, 1088, 1088]",[4],[49],"[0, 1, 2, 3, 4, 5, 6, 7, 8, 9, 10, 11, 12, 13, 15, 22, 23]","[134, 214, 321, 321, 324, 399, 399, 661, 723, 1088, 1088, 1088, 1088, 1088, 1088, 1088, 1088, 1088, 1088, 1088]","[134, 214, 321, 321, 324, 399, 399, 661, 723, 1088, 1088, 1088, 1088, 1088, 1088, 1088, 1088, 1088, 1088, 1088]"
0_52_290,"[50, 50, 50, 310, 310, 512, 512, 512, 512, 512, 512, 512, 512, 512, 512, 512, 512, 512, 512, 512]",[0],[52],"[1, 2, 3, 4, 6, 7, 8, 9, 10, 11, 12, 13, 14, 15, 23]","[50, 50, 50, 310, 310, 512, 512, 512, 512, 512, 512, 512, 512, 512, 512, 512, 512, 512, 512, 512]","[50, 50, 50, 310, 310, 512, 512, 512, 512, 512, 512, 512, 512, 512, 512, 512, 512, 512, 512, 512]"
11_46_291,"[69, 69, 69, 69, 266, 268, 268, 315, 363, 363, 363, 363, 363, 363, 363, 363, 363, 363, 363, 446]",[11],[46],"[0, 1, 3, 4, 5, 6, 7, 8, 9, 10, 11, 16, 17, 18, 21, 22, 23]","[69, 69, 69, 69, 266, 268, 268, 315, 363, 363, 363, 363, 363, 363, 363, 363, 363, 363, 363, 446]","[69, 69, 69, 69, 266, 268, 268, 315, 363, 363, 363, 363, 363, 363, 363, 363, 363, 363, 363, 446]"
30_46_292,"[154, 333, 447, 447, 447, 447, 447, 447, 447, 447, 462, 482, 482, 482, 482, 485, 533, 622, 622, 622]",[30],[46],"[1, 2, 3, 4, 5, 6, 8, 9, 10, 11, 12, 13, 21, 22, 23]","[154, 333, 447, 447, 447, 447, 447, 447, 447, 447, 462, 482, 482, 482, 482, 485, 533, 622, 622, 622]","[154, 333, 447, 447, 447, 447, 447, 447, 447, 447, 462, 482, 482, 482, 482, 485, 533, 622, 622, 622]"
0_64_293,"[30, 30, 314, 314, 314, 314, 314, 314, 330, 383, 383, 467, 467, 683, 683, 683, 683, 683, 798, 798]",[0],[64],"[0, 1, 2, 3, 4, 5, 6, 7, 8, 9, 10, 11, 12, 14, 15, 22, 23]","[30, 30, 314, 314, 314, 314, 314, 314, 330, 383, 383, 467, 467, 683, 683, 683, 683, 683, 798, 798]","[30, 30, 314, 314, 314, 314, 314, 314, 330, 383, 383, 467, 467, 683, 683, 683, 683, 683, 798, 798]"
4_36_294,"[110, 131, 149, 165, 165, 467, 756, 756, 756, 756, 756, 756, 756, 756, 756, 756, 756, 756, 756, 756]",[4],[36],"[0, 3, 4, 5, 6, 7, 8, 9, 10, 11, 12, 13, 22, 23]","[110, 131, 149, 165, 165, 467, 756, 756, 756, 756, 756, 756, 756, 756, 756, 756, 756, 756, 756, 756]","[110, 131, 149, 165, 165, 467, 756, 756, 756, 756, 756, 756, 756, 756, 756, 756, 756, 756, 756, 756]"
0_45_295,"[108, 115, 115, 115, 115, 115, 115, 115, 115, 115, 115, 115, 115, 115, 115, 115, 115, 115, 115, 115]",[0],[45],"[0, 1, 2, 3, 4, 5, 6, 7, 8, 9, 10, 11, 12, 13, 14, 15, 21, 22, 23]","[108, 115, 115, 115, 115, 115, 115, 115, 115, 115, 115, 115, 115, 115, 115, 115, 115, 115, 115, 115]","[108, 115, 115, 115, 115, 115, 115, 115, 115, 115, 115, 115, 115, 115, 115, 115, 115, 115, 115, 115]"
21_46_296,"[122, 401, 654, 654, 840, 997, 997, 1026, 1167, 1167, 1167, 1167, 1167, 1167, 1204, 1204, 1204, 1204, 1204, 1204]",[21],[46],"[0, 1, 2, 3, 4, 5, 6, 7, 8, 9, 10, 11, 12, 14, 15, 20, 21, 23]","[122, 401, 654, 654, 840, 997, 997, 1026, 1167, 1167, 1167, 1167, 1167, 1167, 1204, 1204, 1204, 1204, 1204, 1204]","[122, 401, 654, 654, 840, 997, 997, 1026, 1167, 1167, 1167, 1167, 1167, 1167, 1204, 1204, 1204, 1204, 1204, 1204]"
4_37_297,"[36, 138, 156, 156, 433, 433, 475, 565, 601, 601, 601, 601, 601, 601, 601, 601, 642, 642, 642, 642]",[4],[37],"[0, 1, 2, 3, 4, 5, 6, 7, 8, 9, 10, 11, 12, 14, 15, 21, 22, 23]","[36, 138, 156, 156, 433, 433, 475, 565, 601, 601, 601, 601, 601, 601, 601, 601, 642, 642, 642, 642]","[36, 138, 156, 156, 433, 433, 475, 565, 601, 601, 601, 601, 601, 601, 601, 601, 642, 642, 642, 642]"
4_2_298,"[84, 84, 84, 84, 84, 84, 84, 84, 84, 84, 84, 84, 84, 84, 84, 84, 84, 84, 84, 84]",[4],[2],"[0, 1, 2, 3, 4, 5, 6, 7, 8, 9, 10, 11, 12, 13, 14, 15, 20, 22, 23]","[84, 84, 84, 84, 84, 84, 84, 84, 84, 84, 84, 84, 84, 84, 84, 84, 84, 84, 84, 84]","[84, 84, 84, 84, 84, 84, 84, 84, 84, 84, 84, 84, 84, 84, 84, 84, 84, 84, 84, 84]"
4_2_299,"[84, 117, 117, 290, 290, 306, 307, 401, 427, 427, 427, 427, 427, 427, 427, 427, 427, 427, 427, 427]",[4],[2],"[0, 1, 2, 3, 4, 5, 6, 7, 8, 9, 10, 11, 12, 13, 14, 21, 22, 23]","[84, 117, 117, 290, 290, 306, 307, 401, 427, 427, 427, 427, 427, 427, 427, 427, 427, 427, 427, 427]","[84, 117, 117, 290, 290, 306, 307, 401, 427, 427, 427, 427, 427, 427, 427, 427, 427, 427, 427, 427]"
4_46_300,"[21, 33, 34, 40, 113, 134, 179, 179, 179, 215, 235, 343, 347, 347, 370, 449, 458, 487, 502, 534]",[4],[46],"[0, 1, 2, 3, 4, 5, 6, 7, 8, 9, 10, 11, 12, 14, 15, 18, 20, 21, 23]","[21, 33, 34, 40, 113, 134, 179, 179, 179, 215, 235, 343, 347, 347, 370, 449, 458, 487, 502, 534]","[21, 33, 34, 40, 113, 134, 179, 179, 179, 215, 235, 343, 347, 347, 370, 449, 458, 487, 502, 534]"
0_41_301,"[16, 55, 55, 55, 55, 55, 55, 55, 55, 55, 55, 55, 55, 55, 55, 55, 55, 55, 55, 55]",[0],[41],"[0, 1, 2, 3, 4, 5, 6, 7, 8, 9, 10, 11, 12, 13, 14, 19, 22, 23]","[16, 55, 55, 55, 55, 55, 55, 55, 55, 55, 55, 55, 55, 55, 55, 55, 55, 55, 55, 55]","[16, 55, 55, 55, 55, 55, 55, 55, 55, 55, 55, 55, 55, 55, 55, 55, 55, 55, 55, 55]"
4_47_302,"[82, 82, 82, 82, 82, 82, 82, 82, 106, 362, 538, 649, 779, 797, 797, 797, 797, 797, 797, 797]",[4],[47],"[0, 1, 3, 4, 6, 7, 9, 10, 11, 12, 13, 14, 22, 23]","[82, 82, 82, 82, 82, 82, 82, 82, 106, 362, 538, 649, 779, 797, 797, 797, 797, 797, 797, 797]","[82, 82, 82, 82, 82, 82, 82, 82, 106, 362, 538, 649, 779, 797, 797, 797, 797, 797, 797, 797]"
6_45_303,"[28, 28, 49, 49, 126, 126, 126, 126, 126, 187, 226, 226, 285, 285, 341, 341, 341, 341, 381, 478]",[6],[45],"[1, 3, 4, 5, 6, 7, 8, 9, 10, 11, 12, 13, 15]","[28, 28, 49, 49, 126, 126, 126, 126, 126, 187, 226, 226, 285, 285, 341, 341, 341, 341, 381, 478]","[28, 28, 49, 49, 126, 126, 126, 126, 126, 187, 226, 226, 285, 285, 341, 341, 341, 341, 381, 478]"
12_57_304,"[187, 187, 231, 233, 239, 261, 261, 261, 487, 487, 517, 541, 555, 716, 716, 788, 819, 843, 843, 843]",[12],[57],"[1, 3, 4, 5, 6, 7, 8, 9, 10, 11, 12]","[187, 187, 231, 233, 239, 261, 261, 261, 487, 487, 517, 541, 555, 716, 716, 788, 819, 843, 843, 843]","[187, 187, 231, 233, 239, 261, 261, 261, 487, 487, 517, 541, 555, 716, 716, 788, 819, 843, 843, 843]"
0_43_305,"[41, 41, 41, 41, 136, 310, 310, 310, 310, 310, 310, 310, 310, 310, 310, 310, 310, 310, 310, 310]",[0],[43],"[1, 2, 3, 4, 5, 6, 7, 8, 9, 10, 11, 12, 13, 14, 15, 22, 23]","[41, 41, 41, 41, 136, 310, 310, 310, 310, 310, 310, 310, 310, 310, 310, 310, 310, 310, 310, 310]","[41, 41, 41, 41, 136, 310, 310, 310, 310, 310, 310, 310, 310, 310, 310, 310, 310, 310, 310, 310]"
24_57_306,"[27, 60, 66, 79, 106, 123, 184, 184, 451, 451, 456, 456, 456, 487, 502, 543, 543, 728, 729, 730]",[24],[57],"[0, 1, 2, 3, 4, 5, 6, 7, 8, 9, 10, 11, 12, 13, 14, 20]","[27, 60, 66, 79, 106, 123, 184, 184, 451, 451, 456, 456, 456, 487, 502, 543, 543, 728, 729, 730]","[27, 60, 66, 79, 106, 123, 184, 184, 451, 451, 456, 456, 456, 487, 502, 543, 543, 728, 729, 730]"
4_65_307,"[36, 198, 201, 325, 325, 325, 330, 433, 506, 591, 666, 666, 666, 666, 666, 666, 666, 666, 666, 666]",[4],[65],"[0, 1, 2, 3, 4, 5, 6, 7, 8, 9, 10, 11, 12, 13, 20, 21, 22, 23]","[36, 198, 201, 325, 325, 325, 330, 433, 506, 591, 666, 666, 666, 666, 666, 666, 666, 666, 666, 666]","[36, 198, 201, 325, 325, 325, 330, 433, 506, 591, 666, 666, 666, 666, 666, 666, 666, 666, 666, 666]"
0_36_308,"[238, 238, 238, 348, 1402, 1402, 1402, 1402, 1402, 1402, 1402, 1500, 1500, 1548, 1548, 1548, 1548, 1548, 1548, 1548]",[0],[36],"[0, 3, 7, 8, 9, 10, 11, 12, 14, 23]","[238, 238, 238, 348, 1402, 1402, 1402, 1402, 1402, 1402, 1402, 1500, 1500, 1548, 1548, 1548, 1548, 1548, 1548, 1548]","[238, 238, 238, 348, 1402, 1402, 1402, 1402, 1402, 1402, 1402, 1500, 1500, 1548, 1548, 1548, 1548, 1548, 1548, 1548]"
1_55_309,"[33, 55, 55, 73, 73, 73, 234, 263, 263, 283, 283, 283, 283, 283, 283, 292, 292, 410, 415, 517]",[1],[55],"[2, 3, 4, 5, 6, 7, 8, 9, 10, 11, 12]","[33, 55, 55, 73, 73, 73, 234, 263, 263, 283, 283, 283, 283, 283, 283, 292, 292, 410, 415, 517]","[33, 55, 55, 73, 73, 73, 234, 263, 263, 283, 283, 283, 283, 283, 283, 292, 292, 410, 415, 517]"
0_68_310,"[106, 336, 336, 678, 732, 1198, 1256, 1876, 1876, 1876, 1876, 1876, 1876, 1876, 1876, 1876, 1876, 1876, 1876, 1876]",[0],[68],"[0, 2, 4, 6, 7, 8, 9, 10, 11, 12, 13, 14, 15, 23]","[106, 336, 336, 678, 732, 1198, 1256, 1876, 1876, 1876, 1876, 1876, 1876, 1876, 1876, 1876, 1876, 1876, 1876, 1876]","[106, 336, 336, 678, 732, 1198, 1256, 1876, 1876, 1876, 1876, 1876, 1876, 1876, 1876, 1876, 1876, 1876, 1876, 1876]"
0_46_311,"[535, 688, 688, 688, 688, 688, 688, 688, 688, 688, 688, 688, 688, 688, 688, 688, 688, 688, 688, 688]",[0],[46],"[0, 2, 4, 6, 8, 9, 10, 11, 12, 13, 14, 22, 23]","[535, 688, 688, 688, 688, 688, 688, 688, 688, 688, 688, 688, 688, 688, 688, 688, 688, 688, 688, 688]","[535, 688, 688, 688, 688, 688, 688, 688, 688, 688, 688, 688, 688, 688, 688, 688, 688, 688, 688, 688]"
0_55_312,"[27, 31, 31, 88, 88, 88, 199, 199, 318, 349, 349, 357, 383, 395, 395, 418, 418, 418, 418, 418]",[0],[55],"[0, 2, 3, 4, 5, 6, 7, 8, 9, 10, 11, 12, 13, 14, 15, 16, 21, 23]","[27, 31, 31, 88, 88, 88, 199, 199, 318, 349, 349, 357, 383, 395, 395, 418, 418, 418, 418, 418]","[27, 31, 31, 88, 88, 88, 199, 199, 318, 349, 349, 357, 383, 395, 395, 418, 418, 418, 418, 418]"
0_34_313,"[75, 153, 153, 153, 153, 210, 248, 300, 409, 443, 637, 664, 664, 664, 664, 664, 664, 664, 664, 664]",[0],[34],"[0, 1, 2, 3, 6, 7, 8, 9, 10, 11, 12, 13, 14, 21, 23]","[75, 153, 153, 153, 153, 210, 248, 300, 409, 443, 637, 664, 664, 664, 664, 664, 664, 664, 664, 664]","[75, 153, 153, 153, 153, 210, 248, 300, 409, 443, 637, 664, 664, 664, 664, 664, 664, 664, 664, 664]"
0_67_314,"[92, 92, 92, 92, 92, 92, 92, 92, 92, 92, 92, 92, 92, 92, 92, 92, 92, 92, 92, 92]",[0],[67],"[0, 1, 2, 3, 4, 5, 6, 7, 8, 10, 11, 14, 22, 23]","[92, 92, 92, 92, 92, 92, 92, 92, 92, 92, 92, 92, 92, 92, 92, 92, 92, 92, 92, 92]","[92, 92, 92, 92, 92, 92, 92, 92, 92, 92, 92, 92, 92, 92, 92, 92, 92, 92, 92, 92]"
0_15_315,"[163, 163, 623, 623, 623, 623, 623, 623, 623, 623, 623, 623, 623, 623, 623, 623, 623, 623, 623, 623]",[0],[15],"[0, 2, 3, 4, 5, 7, 8, 9, 10, 11, 12, 13, 14, 18, 21, 22, 23]","[163, 163, 623, 623, 623, 623, 623, 623, 623, 623, 623, 623, 623, 623, 623, 623, 623, 623, 623, 623]","[163, 163, 623, 623, 623, 623, 623, 623, 623, 623, 623, 623, 623, 623, 623, 623, 623, 623, 623, 623]"
4_46_316,"[48, 62, 62, 134, 235, 257, 286, 292, 302, 311, 364, 459, 517, 517, 657, 657, 657, 657, 657, 657]",[4],[46],"[0, 1, 2, 3, 4, 5, 6, 7, 8, 9, 10, 11, 12, 13, 14, 20, 22, 23]","[48, 62, 62, 134, 235, 257, 286, 292, 302, 311, 364, 459, 517, 517, 657, 657, 657, 657, 657, 657]","[48, 62, 62, 134, 235, 257, 286, 292, 302, 311, 364, 459, 517, 517, 657, 657, 657, 657, 657, 657]"
4_55_317,"[89, 89, 89, 363, 418, 467, 586, 604, 604, 604, 604, 604, 604, 604, 604, 604, 604, 604, 604, 604]",[4],[55],"[0, 1, 2, 3, 4, 5, 6, 8, 9, 10, 11, 12, 13, 14, 15, 20, 22]","[89, 89, 89, 363, 418, 467, 586, 604, 604, 604, 604, 604, 604, 604, 604, 604, 604, 604, 604, 604]","[89, 89, 89, 363, 418, 467, 586, 604, 604, 604, 604, 604, 604, 604, 604, 604, 604, 604, 604, 604]"
31_45_318,"[27, 27, 104, 237, 246, 328, 328, 328, 382, 382, 407, 409, 412, 521, 521, 559, 637, 661, 664, 664]",[31],[45],"[0, 1, 2, 3, 4, 5, 6, 7, 8, 9, 10, 11, 12, 13, 14, 15]","[27, 27, 104, 237, 246, 328, 328, 328, 382, 382, 407, 409, 412, 521, 521, 559, 637, 661, 664, 664]","[27, 27, 104, 237, 246, 328, 328, 328, 382, 382, 407, 409, 412, 521, 521, 559, 637, 661, 664, 664]"
4_75_319,"[65, 65, 65, 65, 65, 65, 65, 65, 65, 65, 65, 65, 65, 65, 65, 65, 65, 65, 65, 65]",[4],[75],"[0, 1, 2, 5, 7, 8, 9, 10, 11, 12, 13, 14, 15, 19, 20, 21, 22, 23]","[65, 65, 65, 65, 65, 65, 65, 65, 65, 65, 65, 65, 65, 65, 65, 65, 65, 65, 65, 65]","[65, 65, 65, 65, 65, 65, 65, 65, 65, 65, 65, 65, 65, 65, 65, 65, 65, 65, 65, 65]"
2_58_320,"[10, 20, 83, 128, 251, 285, 315, 336, 370, 370, 370, 416, 455, 456, 457, 500, 533, 559, 559, 599]",[2],[58],"[0, 1, 2, 3, 4, 5, 6, 7, 8, 9, 10, 11, 12, 13, 15, 16, 17, 22, 23]","[10, 20, 83, 128, 251, 285, 315, 336, 370, 370, 370, 416, 455, 456, 457, 500, 533, 559, 559, 599]","[10, 20, 83, 128, 251, 285, 315, 336, 370, 370, 370, 416, 455, 456, 457, 500, 533, 559, 559, 599]"
4_46_321,"[134, 198, 207, 226, 367, 431, 496, 496, 712, 712, 712, 712, 767, 767, 767, 767, 767, 767, 775, 775]",[4],[46],"[0, 1, 2, 3, 4, 5, 6, 7, 8, 9, 10, 11, 12, 13, 14, 15, 21, 22, 23]","[134, 198, 207, 226, 367, 431, 496, 496, 712, 712, 712, 712, 767, 767, 767, 767, 767, 767, 775, 775]","[134, 198, 207, 226, 367, 431, 496, 496, 712, 712, 712, 712, 767, 767, 767, 767, 767, 767, 775, 775]"
0_36_322,"[85, 85, 85, 85, 85, 85, 85, 85, 85, 85, 85, 85, 85, 85, 85, 85, 85, 85, 85, 85]",[0],[36],"[0, 2, 4, 8, 9, 10, 11, 14, 22, 23]","[85, 85, 85, 85, 85, 85, 85, 85, 85, 85, 85, 85, 85, 85, 85, 85, 85, 85, 85, 85]","[85, 85, 85, 85, 85, 85, 85, 85, 85, 85, 85, 85, 85, 85, 85, 85, 85, 85, 85, 85]"
32_66_323,"[590, 590, 590, 590, 590, 590, 590, 590, 590, 590, 590, 590, 590, 590, 590, 590, 590, 590, 590, 590]",[32],[66],"[0, 1, 2, 6, 7, 8, 9, 10, 16, 18, 19, 20, 21]","[590, 590, 590, 590, 590, 590, 590, 590, 590, 590, 590, 590, 590, 590, 590, 590, 590, 590, 590, 590]","[590, 590, 590, 590, 590, 590, 590, 590, 590, 590, 590, 590, 590, 590, 590, 590, 590, 590, 590, 590]"
0_15_324,"[93, 93, 93, 93, 93, 93, 108, 108, 108, 509, 1403, 1403, 1743, 1743, 1794, 1794, 1794, 1794, 1794, 1794]",[0],[15],"[0, 1, 3, 4, 5, 6, 7, 8, 9, 10, 11, 15, 16, 22, 23]","[93, 93, 93, 93, 93, 93, 108, 108, 108, 509, 1403, 1403, 1743, 1743, 1794, 1794, 1794, 1794, 1794, 1794]","[93, 93, 93, 93, 93, 93, 108, 108, 108, 509, 1403, 1403, 1743, 1743, 1794, 1794, 1794, 1794, 1794, 1794]"
0_42_325,"[65, 132, 238, 354, 489, 492, 492, 492, 492, 563, 563, 927, 927, 927, 927, 927, 927, 927, 927, 927]",[0],[42],"[0, 1, 2, 4, 5, 6, 7, 8, 9, 10, 11, 12, 13, 14, 15, 22, 23]","[65, 132, 238, 354, 489, 492, 492, 492, 492, 563, 563, 927, 927, 927, 927, 927, 927, 927, 927, 927]","[65, 132, 238, 354, 489, 492, 492, 492, 492, 563, 563, 927, 927, 927, 927, 927, 927, 927, 927, 927]"
33_31_326,"[55, 55, 55, 55, 225, 291, 291, 291, 291, 291, 291, 291, 291, 448, 448, 448, 448, 448, 448, 448]",[33],[31],"[3, 4, 8, 9, 10, 11, 12, 13, 14]","[55, 55, 55, 55, 225, 291, 291, 291, 291, 291, 291, 291, 291, 448, 448, 448, 448, 448, 448, 448]","[55, 55, 55, 55, 225, 291, 291, 291, 291, 291, 291, 291, 291, 448, 448, 448, 448, 448, 448, 448]"
1_65_327,"[8, 22, 30, 66, 66, 70, 83, 95, 107, 159, 198, 215, 215, 303, 325, 325, 349, 395, 395, 526]",[1],[65],"[1, 3, 4, 5, 6, 7, 8, 9, 10, 11, 12]","[8, 22, 30, 66, 66, 70, 83, 95, 107, 159, 198, 215, 215, 303, 325, 325, 349, 395, 395, 526]","[8, 22, 30, 66, 66, 70, 83, 95, 107, 159, 198, 215, 215, 303, 325, 325, 349, 395, 395, 526]"
4_46_328,"[5, 21, 207, 226, 307, 307, 307, 307, 307, 307, 512, 627, 998, 1127, 1279, 1300, 1346, 1358, 1358, 1358]",[4],[46],"[0, 1, 2, 3, 4, 5, 6, 7, 8, 9, 10, 11, 12, 13, 14, 15, 22, 23]","[5, 21, 207, 226, 307, 307, 307, 307, 307, 307, 512, 627, 998, 1127, 1279, 1300, 1346, 1358, 1358, 1358]","[5, 21, 207, 226, 307, 307, 307, 307, 307, 307, 512, 627, 998, 1127, 1279, 1300, 1346, 1358, 1358, 1358]"
4_73_329,"[308, 308, 308, 308, 308, 308, 308, 308, 308, 308, 308, 308, 308, 308, 308, 308, 308, 308, 308, 308]",[4],[73],"[0, 2, 3, 4, 5, 6, 7, 8, 9, 10, 11, 12, 13, 14, 15, 21, 22, 23]","[308, 308, 308, 308, 308, 308, 308, 308, 308, 308, 308, 308, 308, 308, 308, 308, 308, 308, 308, 308]","[308, 308, 308, 308, 308, 308, 308, 308, 308, 308, 308, 308, 308, 308, 308, 308, 308, 308, 308, 308]"
0_7_330,"[29, 33, 47, 47, 79, 100, 106, 110, 240, 240, 289, 309, 364, 422, 436, 462, 485, 487, 507, 537]",[0],[7],"[0, 1, 2, 3, 4, 5, 6, 7, 8, 9, 10, 11, 12, 13, 14, 20, 21, 22, 23]","[29, 33, 47, 47, 79, 100, 106, 110, 240, 240, 289, 309, 364, 422, 436, 462, 485, 487, 507, 537]","[29, 33, 47, 47, 79, 100, 106, 110, 240, 240, 289, 309, 364, 422, 436, 462, 485, 487, 507, 537]"
0_47_331,"[40, 195, 195, 678, 706, 777, 837, 1181, 1181, 1181, 1181, 1181, 1181, 1181, 1181, 1181, 1181, 1181, 1181, 1181]",[0],[47],"[0, 1, 3, 4, 5, 6, 7, 8, 9, 10, 11, 12, 15, 19, 21, 22, 23]","[40, 195, 195, 678, 706, 777, 837, 1181, 1181, 1181, 1181, 1181, 1181, 1181, 1181, 1181, 1181, 1181, 1181, 1181]","[40, 195, 195, 678, 706, 777, 837, 1181, 1181, 1181, 1181, 1181, 1181, 1181, 1181, 1181, 1181, 1181, 1181, 1181]"
5_46_332,"[156, 161, 165, 165, 236, 330, 441, 493, 500, 535, 543, 543, 623, 630, 640, 691, 691, 691, 727, 730]",[5],[46],"[0, 1, 2, 3, 4, 5, 6, 7, 8, 9, 10, 11, 12, 13, 22, 23]","[156, 161, 165, 165, 236, 330, 441, 493, 500, 535, 543, 543, 623, 630, 640, 691, 691, 691, 727, 730]","[156, 161, 165, 165, 236, 330, 441, 493, 500, 535, 543, 543, 623, 630, 640, 691, 691, 691, 727, 730]"
13_37_333,"[5, 34, 36, 63, 85, 86, 229, 233, 260, 260, 427, 463, 490, 594, 623, 623, 628, 628, 640, 650]",[13],[37],"[0, 1, 2, 3, 4, 5, 6, 7, 8, 9, 10, 12, 13, 14, 22, 23]","[5, 34, 36, 63, 85, 86, 229, 233, 260, 260, 427, 463, 490, 594, 623, 623, 628, 628, 640, 650]","[5, 34, 36, 63, 85, 86, 229, 233, 260, 260, 427, 463, 490, 594, 623, 623, 628, 628, 640, 650]"
0_60_334,"[44, 138, 168, 173, 277, 289, 289, 289, 451, 467, 467, 496, 496, 496, 572, 608, 950, 1009, 1009, 1148]",[0],[60],"[0, 1, 2, 3, 4, 5, 6, 7, 8, 9, 10, 11, 12, 13, 14, 15, 22]","[44, 138, 168, 173, 277, 289, 289, 289, 451, 467, 467, 496, 496, 496, 572, 608, 950, 1009, 1009, 1148]","[44, 138, 168, 173, 277, 289, 289, 289, 451, 467, 467, 496, 496, 496, 572, 608, 950, 1009, 1009, 1148]"
4_47_335,"[138, 195, 282, 282, 282, 282, 282, 282, 282, 282, 441, 441, 441, 441, 441, 441, 441, 441, 441, 441]",[4],[47],"[0, 1, 2, 3, 4, 5, 6, 7, 8, 9, 10, 11, 12, 13, 14, 15, 21, 22, 23]","[138, 195, 282, 282, 282, 282, 282, 282, 282, 282, 441, 441, 441, 441, 441, 441, 441, 441, 441, 441]","[138, 195, 282, 282, 282, 282, 282, 282, 282, 282, 441, 441, 441, 441, 441, 441, 441, 441, 441, 441]"
4_67_336,"[206, 206, 206, 206, 206, 206, 206, 206, 206, 206, 206, 261, 261, 261, 261, 261, 261, 351, 456, 561]",[4],[67],"[0, 1, 2, 3, 4, 5, 7, 8, 9, 10, 11, 12, 13, 14, 15, 20, 21, 23]","[206, 206, 206, 206, 206, 206, 206, 206, 206, 206, 206, 261, 261, 261, 261, 261, 261, 351, 456, 561]","[206, 206, 206, 206, 206, 206, 206, 206, 206, 206, 206, 261, 261, 261, 261, 261, 261, 351, 456, 561]"
0_52_337,"[67, 67, 173, 207, 293, 365, 365, 365, 367, 367, 367, 367, 367, 367, 367, 367, 367, 367, 367, 367]",[0],[52],"[0, 2, 3, 4, 5, 7, 8, 9, 10, 11, 12, 13, 14, 15, 16, 21, 22, 23]","[67, 67, 173, 207, 293, 365, 365, 365, 367, 367, 367, 367, 367, 367, 367, 367, 367, 367, 367, 367]","[67, 67, 173, 207, 293, 365, 365, 365, 367, 367, 367, 367, 367, 367, 367, 367, 367, 367, 367, 367]"
0_36_338,"[83, 85, 85, 118, 260, 847, 960, 1021, 1373, 1373, 1373, 1402, 1402, 1516, 1516, 1516, 1516, 1516, 1516, 1516]",[0],[36],"[0, 1, 2, 3, 4, 5, 6, 7, 8, 10, 11, 12, 13]","[83, 85, 85, 118, 260, 847, 960, 1021, 1373, 1373, 1373, 1402, 1402, 1516, 1516, 1516, 1516, 1516, 1516, 1516]","[83, 85, 85, 118, 260, 847, 960, 1021, 1373, 1373, 1373, 1402, 1402, 1516, 1516, 1516, 1516, 1516, 1516, 1516]"
13_46_339,"[63, 85, 86, 104, 123, 128, 226, 229, 260, 260, 319, 330, 330, 330, 330, 330, 330, 395, 427, 427]",[13],[46],"[0, 1, 2, 3, 4, 5, 6, 7, 8, 9, 10, 11, 12, 13, 14, 23]","[63, 85, 86, 104, 123, 128, 226, 229, 260, 260, 319, 330, 330, 330, 330, 330, 330, 395, 427, 427]","[63, 85, 86, 104, 123, 128, 226, 229, 260, 260, 319, 330, 330, 330, 330, 330, 330, 395, 427, 427]"
0_35_340,"[210, 307, 307, 307, 307, 307, 307, 307, 307, 307, 307, 307, 307, 307, 307, 307, 307, 307, 307, 307]",[0],[35],"[0, 1, 3, 4, 5, 6, 7, 8, 9, 10, 13, 14, 21, 22, 23]","[210, 307, 307, 307, 307, 307, 307, 307, 307, 307, 307, 307, 307, 307, 307, 307, 307, 307, 307, 307]","[210, 307, 307, 307, 307, 307, 307, 307, 307, 307, 307, 307, 307, 307, 307, 307, 307, 307, 307, 307]"
15_12_341,"[259, 427, 427, 463, 463, 463, 463, 463, 463, 463, 463, 463, 463, 463, 463, 463, 463, 463, 463, 596]",[15],[12],"[0, 1, 2, 3, 4, 5, 6, 8, 10, 23]","[259, 427, 427, 463, 463, 463, 463, 463, 463, 463, 463, 463, 463, 463, 463, 463, 463, 463, 463, 596]","[259, 427, 427, 463, 463, 463, 463, 463, 463, 463, 463, 463, 463, 463, 463, 463, 463, 463, 463, 596]"
0_45_342,"[23, 308, 308, 308, 308, 308, 308, 308, 308, 308, 308, 308, 308, 308, 308, 308, 308, 308, 308, 308]",[0],[45],"[0, 2, 3, 4, 5, 7, 9, 10, 11, 12, 13, 14, 22, 23]","[23, 308, 308, 308, 308, 308, 308, 308, 308, 308, 308, 308, 308, 308, 308, 308, 308, 308, 308, 308]","[23, 308, 308, 308, 308, 308, 308, 308, 308, 308, 308, 308, 308, 308, 308, 308, 308, 308, 308, 308]"
0_46_343,"[90, 134, 226, 370, 435, 467, 467, 467, 512, 512, 512, 585, 617, 630, 662, 662, 662, 662, 662, 662]",[0],[46],"[0, 1, 2, 3, 4, 5, 6, 7, 8, 9, 10, 11, 12, 13, 14, 15, 21, 22, 23]","[90, 134, 226, 370, 435, 467, 467, 467, 512, 512, 512, 585, 617, 630, 662, 662, 662, 662, 662, 662]","[90, 134, 226, 370, 435, 467, 467, 467, 512, 512, 512, 585, 617, 630, 662, 662, 662, 662, 662, 662]"
0_33_344,"[153, 179, 179, 179, 179, 179, 336, 346, 366, 458, 566, 626, 637, 637, 637, 637, 637, 637, 715, 715]",[0],[33],"[0, 1, 2, 3, 4, 5, 6, 7, 8, 9, 10, 11, 12, 13, 14, 15, 21, 23]","[153, 179, 179, 179, 179, 179, 336, 346, 366, 458, 566, 626, 637, 637, 637, 637, 637, 637, 715, 715]","[153, 179, 179, 179, 179, 179, 336, 346, 366, 458, 566, 626, 637, 637, 637, 637, 637, 637, 715, 715]"
4_35_345,"[85, 538, 538, 744, 779, 1235, 1412, 1630, 1859, 1947, 1947, 1947, 1947, 1947, 1947, 1947, 1947, 1947, 1947, 1947]",[4],[35],"[1, 3, 4, 5, 6, 7, 8, 9, 10, 11, 12, 14, 22, 23]","[85, 538, 538, 744, 779, 1235, 1412, 1630, 1859, 1947, 1947, 1947, 1947, 1947, 1947, 1947, 1947, 1947, 1947, 1947]","[85, 538, 538, 744, 779, 1235, 1412, 1630, 1859, 1947, 1947, 1947, 1947, 1947, 1947, 1947, 1947, 1947, 1947, 1947]"
0_36_346,"[85, 85, 85, 85, 85, 129, 238, 238, 311, 406, 838, 914, 1548, 1548, 1548, 1548, 1548, 1548, 1548, 1548]",[0],[36],"[0, 3, 6, 7, 8, 9, 10, 11, 12, 13, 23]","[85, 85, 85, 85, 85, 129, 238, 238, 311, 406, 838, 914, 1548, 1548, 1548, 1548, 1548, 1548, 1548, 1548]","[85, 85, 85, 85, 85, 129, 238, 238, 311, 406, 838, 914, 1548, 1548, 1548, 1548, 1548, 1548, 1548, 1548]"
6_31_347,"[225, 225, 225, 225, 225, 225, 225, 225, 459, 459, 478, 478, 478, 478, 478, 478, 478, 478, 478, 478]",[6],[31],"[2, 3, 4, 5, 6, 7, 8, 9, 10, 11, 12, 13, 14, 19]","[225, 225, 225, 225, 225, 225, 225, 225, 459, 459, 478, 478, 478, 478, 478, 478, 478, 478, 478, 478]","[225, 225, 225, 225, 225, 225, 225, 225, 459, 459, 478, 478, 478, 478, 478, 478, 478, 478, 478, 478]"
4_46_348,"[38, 47, 47, 141, 141, 141, 141, 141, 141, 141, 141, 141, 141, 141, 141, 141, 141, 141, 141, 141]",[4],[46],"[1, 2, 4, 6, 7, 8, 9, 10, 11, 12, 13, 14, 22, 23]","[38, 47, 47, 141, 141, 141, 141, 141, 141, 141, 141, 141, 141, 141, 141, 141, 141, 141, 141, 141]","[38, 47, 47, 141, 141, 141, 141, 141, 141, 141, 141, 141, 141, 141, 141, 141, 141, 141, 141, 141]"
4_46_349,"[82, 82, 82, 82, 82, 82, 82, 82, 82, 82, 82, 82, 82, 82, 82, 82, 82, 82, 82, 82]",[4],[46],"[0, 1, 2, 3, 4, 5, 6, 8, 9, 10, 11, 12, 13, 14, 23]","[82, 82, 82, 82, 82, 82, 82, 82, 82, 82, 82, 82, 82, 82, 82, 82, 82, 82, 82, 82]","[82, 82, 82, 82, 82, 82, 82, 82, 82, 82, 82, 82, 82, 82, 82, 82, 82, 82, 82, 82]"
0_44_350,"[41, 41, 41, 41, 41, 41, 41, 41, 41, 41, 41, 41, 41, 41, 41, 41, 41, 41, 41, 41]",[0],[44],"[0, 1, 3, 4, 5, 6, 7, 8, 9, 10, 11, 12, 13, 14, 22, 23]","[41, 41, 41, 41, 41, 41, 41, 41, 41, 41, 41, 41, 41, 41, 41, 41, 41, 41, 41, 41]","[41, 41, 41, 41, 41, 41, 41, 41, 41, 41, 41, 41, 41, 41, 41, 41, 41, 41, 41, 41]"
4_37_351,"[129, 129, 314, 314, 314, 314, 314, 323, 436, 468, 468, 468, 594, 627, 627, 640, 812, 982, 982, 982]",[4],[37],"[0, 1, 2, 3, 4, 5, 6, 7, 8, 9, 10, 11, 12, 13, 14, 15, 21, 22, 23]","[129, 129, 314, 314, 314, 314, 314, 323, 436, 468, 468, 468, 594, 627, 627, 640, 812, 982, 982, 982]","[129, 129, 314, 314, 314, 314, 314, 323, 436, 468, 468, 468, 594, 627, 627, 640, 812, 982, 982, 982]"
0_12_352,"[479, 621, 621, 621, 621, 621, 621, 621, 621, 621, 621, 621, 621, 621, 621, 621, 621, 885, 885, 1148]",[0],[12],"[0, 1, 2, 3, 4, 5, 6, 7, 8, 9, 11, 14, 15, 16, 20, 21, 22, 23]","[479, 621, 621, 621, 621, 621, 621, 621, 621, 621, 621, 621, 621, 621, 621, 621, 621, 885, 885, 1148]","[479, 621, 621, 621, 621, 621, 621, 621, 621, 621, 621, 621, 621, 621, 621, 621, 621, 885, 885, 1148]"
0_13_353,"[105, 268, 290, 322, 381, 381, 381, 607, 607, 607, 607, 607, 607, 607, 607, 607, 607, 607, 607, 607]",[0],[13],"[0, 2, 3, 4, 5, 6, 7, 8, 9, 10, 11, 12, 13, 14, 15, 21, 22, 23]","[105, 268, 290, 322, 381, 381, 381, 607, 607, 607, 607, 607, 607, 607, 607, 607, 607, 607, 607, 607]","[105, 268, 290, 322, 381, 381, 381, 607, 607, 607, 607, 607, 607, 607, 607, 607, 607, 607, 607, 607]"
13_43_354,"[138, 273, 486, 821, 1077, 1077, 1077, 1077, 1178, 1178, 1178, 1274, 1274, 1274, 1274, 1274, 1274, 1274, 1274, 1274]",[13],[43],"[0, 1, 2, 3, 4, 5, 6, 7, 8, 9, 10, 11, 12, 13, 20, 22, 23]","[138, 273, 486, 821, 1077, 1077, 1077, 1077, 1178, 1178, 1178, 1274, 1274, 1274, 1274, 1274, 1274, 1274, 1274, 1274]","[138, 273, 486, 821, 1077, 1077, 1077, 1077, 1178, 1178, 1178, 1274, 1274, 1274, 1274, 1274, 1274, 1274, 1274, 1274]"
34_57_355,"[257, 257, 257, 257, 267, 267, 267, 267, 267, 267, 267, 267, 267, 267, 267, 267, 267, 267, 267, 267]",[34],[57],"[2, 3, 4, 6, 8, 9, 10, 11, 12, 13]","[257, 257, 257, 257, 267, 267, 267, 267, 267, 267, 267, 267, 267, 267, 267, 267, 267, 267, 267, 267]","[257, 257, 257, 257, 267, 267, 267, 267, 267, 267, 267, 267, 267, 267, 267, 267, 267, 267, 267, 267]"
0_34_356,"[7, 138, 379, 521, 557, 557, 854, 854, 854, 854, 855, 855, 861, 912, 937, 937, 937, 937, 1031, 1031]",[0],[34],"[1, 2, 3, 4, 5, 6, 7, 8, 9, 10, 11, 12, 13, 14, 20, 23]","[7, 138, 379, 521, 557, 557, 854, 854, 854, 854, 855, 855, 861, 912, 937, 937, 937, 937, 1031, 1031]","[7, 138, 379, 521, 557, 557, 854, 854, 854, 854, 855, 855, 861, 912, 937, 937, 937, 937, 1031, 1031]"
0_3_357,"[299, 318, 318, 318, 318, 318, 318, 318, 318, 318, 318, 318, 318, 318, 318, 318, 318, 318, 318, 318]",[0],[3],"[0, 1, 2, 4, 5, 6, 7, 8, 9, 10, 11, 12, 13, 19]","[299, 318, 318, 318, 318, 318, 318, 318, 318, 318, 318, 318, 318, 318, 318, 318, 318, 318, 318, 318]","[299, 318, 318, 318, 318, 318, 318, 318, 318, 318, 318, 318, 318, 318, 318, 318, 318, 318, 318, 318]"
4_48_358,"[235, 963, 963, 963, 963, 963, 963, 963, 963, 963, 963, 963, 963, 963, 963, 963, 963, 963, 963, 963]",[4],[48],"[0, 1, 2, 3, 5, 7, 9, 11, 12, 13, 14, 15, 21, 22, 23]","[235, 963, 963, 963, 963, 963, 963, 963, 963, 963, 963, 963, 963, 963, 963, 963, 963, 963, 963, 963]","[235, 963, 963, 963, 963, 963, 963, 963, 963, 963, 963, 963, 963, 963, 963, 963, 963, 963, 963, 963]"
35_57_359,"[91, 100, 106, 112, 170, 183, 251, 290, 383, 457, 465, 560, 641, 695, 733, 733, 788, 815, 881, 1034]",[35],[57],"[0, 2, 3, 4, 5, 6, 7, 8, 9, 11, 12, 13, 14, 15, 21, 22, 23]","[91, 100, 106, 112, 170, 183, 251, 290, 383, 457, 465, 560, 641, 695, 733, 733, 788, 815, 881, 1034]","[91, 100, 106, 112, 170, 183, 251, 290, 383, 457, 465, 560, 641, 695, 733, 733, 788, 815, 881, 1034]"
4_46_360,"[5, 141, 141, 141, 160, 160, 160, 160, 162, 175, 179, 179, 179, 179, 179, 179, 179, 179, 179, 179]",[4],[46],"[0, 1, 2, 3, 4, 5, 6, 7, 8, 9, 10, 11, 12, 13, 14, 22, 23]","[5, 141, 141, 141, 160, 160, 160, 160, 162, 175, 179, 179, 179, 179, 179, 179, 179, 179, 179, 179]","[5, 141, 141, 141, 160, 160, 160, 160, 162, 175, 179, 179, 179, 179, 179, 179, 179, 179, 179, 179]"
0_66_361,"[15, 45, 162, 162, 162, 162, 162, 162, 162, 162, 481, 590, 667, 986, 986, 1052, 1325, 1561, 1561, 1561]",[0],[66],"[0, 1, 3, 4, 8, 9, 11, 12, 13, 14, 15, 21, 22, 23]","[15, 45, 162, 162, 162, 162, 162, 162, 162, 162, 481, 590, 667, 986, 986, 1052, 1325, 1561, 1561, 1561]","[15, 45, 162, 162, 162, 162, 162, 162, 162, 162, 481, 590, 667, 986, 986, 1052, 1325, 1561, 1561, 1561]"
4_36_362,"[102, 131, 131, 131, 131, 131, 131, 131, 131, 131, 131, 131, 131, 131, 131, 131, 131, 131, 131, 131]",[4],[36],"[0, 2, 3, 4, 5, 6, 7, 8, 9, 10, 11, 12, 22, 23]","[102, 131, 131, 131, 131, 131, 131, 131, 131, 131, 131, 131, 131, 131, 131, 131, 131, 131, 131, 131]","[102, 131, 131, 131, 131, 131, 131, 131, 131, 131, 131, 131, 131, 131, 131, 131, 131, 131, 131, 131]"
4_47_363,"[129, 144, 144, 144, 144, 314, 351, 351, 351, 351, 351, 627, 632, 689, 689, 689, 689, 689, 689, 689]",[4],[47],"[0, 1, 2, 3, 6, 7, 8, 9, 10, 11, 12, 13, 14, 15, 22, 23]","[129, 144, 144, 144, 144, 314, 351, 351, 351, 351, 351, 627, 632, 689, 689, 689, 689, 689, 689, 689]","[129, 144, 144, 144, 144, 314, 351, 351, 351, 351, 351, 627, 632, 689, 689, 689, 689, 689, 689, 689]"
0_67_364,"[8, 8, 8, 373, 373, 373, 373, 467, 467, 467, 467, 467, 467, 467, 467, 467, 467, 467, 467, 467]",[0],[67],"[0, 1, 2, 3, 4, 5, 6, 7, 8, 9, 10, 11, 12, 13, 14, 15, 20, 21, 22, 23]","[8, 8, 8, 373, 373, 373, 373, 467, 467, 467, 467, 467, 467, 467, 467, 467, 467, 467, 467, 467]","[8, 8, 8, 373, 373, 373, 373, 467, 467, 467, 467, 467, 467, 467, 467, 467, 467, 467, 467, 467]"
0_57_365,"[303, 303, 303, 303, 303, 303, 303, 303, 303, 303, 303, 303, 303, 303, 303, 303, 303, 303, 303, 303]",[0],[57],"[0, 1, 2, 3, 5, 6, 7, 8, 9, 10, 11, 12, 13, 14, 15, 23]","[303, 303, 303, 303, 303, 303, 303, 303, 303, 303, 303, 303, 303, 303, 303, 303, 303, 303, 303, 303]","[303, 303, 303, 303, 303, 303, 303, 303, 303, 303, 303, 303, 303, 303, 303, 303, 303, 303, 303, 303]"
0_62_366,"[30, 30, 30, 30, 30, 76, 76, 76, 76, 76, 76, 76, 146, 146, 146, 146, 146, 146, 146, 146]",[0],[62],"[0, 1, 2, 3, 5, 6, 7, 8, 9, 10, 12, 13, 15, 16, 20, 22, 23]","[30, 30, 30, 30, 30, 76, 76, 76, 76, 76, 76, 76, 146, 146, 146, 146, 146, 146, 146, 146]","[30, 30, 30, 30, 30, 76, 76, 76, 76, 76, 76, 76, 146, 146, 146, 146, 146, 146, 146, 146]"
22_41_367,"[51, 102, 135, 135, 135, 146, 146, 146, 157, 157, 157, 157, 157, 256, 415, 448, 483, 492, 492, 492]",[22],[41],"[0, 1, 2, 3, 5, 6, 7, 8, 9, 10, 11, 12, 13, 22]","[51, 102, 135, 135, 135, 146, 146, 146, 157, 157, 157, 157, 157, 256, 415, 448, 483, 492, 492, 492]","[51, 102, 135, 135, 135, 146, 146, 146, 157, 157, 157, 157, 157, 256, 415, 448, 483, 492, 492, 492]"
0_43_368,"[49, 600, 600, 600, 600, 600, 600, 600, 600, 600, 600, 600, 600, 600, 600, 600, 600, 600, 600, 600]",[0],[43],"[0, 2, 3, 4, 5, 6, 7, 9, 10, 11, 12, 13, 15, 22, 23]","[49, 600, 600, 600, 600, 600, 600, 600, 600, 600, 600, 600, 600, 600, 600, 600, 600, 600, 600, 600]","[49, 600, 600, 600, 600, 600, 600, 600, 600, 600, 600, 600, 600, 600, 600, 600, 600, 600, 600, 600]"
0_58_369,"[205, 619, 619, 619, 709, 726, 875, 1183, 1279, 1279, 1279, 1279, 1288, 1310, 1448, 1477, 1503, 1503, 1503, 1503]",[0],[58],"[0, 1, 2, 4, 5, 6, 7, 8, 9, 10, 11, 14, 23]","[205, 619, 619, 619, 709, 726, 875, 1183, 1279, 1279, 1279, 1279, 1288, 1310, 1448, 1477, 1503, 1503, 1503, 1503]","[205, 619, 619, 619, 709, 726, 875, 1183, 1279, 1279, 1279, 1279, 1288, 1310, 1448, 1477, 1503, 1503, 1503, 1503]"
4_47_370,"[205, 344, 561, 627, 630, 630, 630, 630, 630, 630, 630, 630, 630, 630, 631, 631, 631, 631, 631, 631]",[4],[47],"[0, 1, 2, 5, 6, 7, 8, 9, 10, 11, 12, 13, 14, 22, 23]","[205, 344, 561, 627, 630, 630, 630, 630, 630, 630, 630, 630, 630, 630, 631, 631, 631, 631, 631, 631]","[205, 344, 561, 627, 630, 630, 630, 630, 630, 630, 630, 630, 630, 630, 631, 631, 631, 631, 631, 631]"
0_36_371,"[85, 85, 307, 485, 507, 507, 507, 586, 666, 709, 847, 847, 1016, 1148, 1162, 1162, 1189, 1310, 1358, 1358]",[0],[36],"[2, 3, 4, 5, 6, 7, 8, 9, 10, 11, 12, 13, 14, 23]","[85, 85, 307, 485, 507, 507, 507, 586, 666, 709, 847, 847, 1016, 1148, 1162, 1162, 1189, 1310, 1358, 1358]","[85, 85, 307, 485, 507, 507, 507, 586, 666, 709, 847, 847, 1016, 1148, 1162, 1162, 1189, 1310, 1358, 1358]"
36_5_372,"[381, 794, 794, 794, 794, 794, 794, 794, 794, 794, 794, 794, 794, 794, 794, 794, 794, 794, 794, 794]",[36],[5],"[0, 1, 2, 3, 4, 5, 6, 7, 8, 9, 10, 11, 12, 13, 14, 15]","[381, 794, 794, 794, 794, 794, 794, 794, 794, 794, 794, 794, 794, 794, 794, 794, 794, 794, 794, 794]","[381, 794, 794, 794, 794, 794, 794, 794, 794, 794, 794, 794, 794, 794, 794, 794, 794, 794, 794, 794]"
0_58_373,"[79, 79, 79, 106, 324, 324, 385, 387, 486, 580, 580, 963, 1013, 1318, 1342, 1342, 1439, 1472, 1472, 1472]",[0],[58],"[1, 2, 3, 4, 5, 6, 7, 8, 9, 10, 11, 13, 14, 15, 16, 21, 22, 23]","[79, 79, 79, 106, 324, 324, 385, 387, 486, 580, 580, 963, 1013, 1318, 1342, 1342, 1439, 1472, 1472, 1472]","[79, 79, 79, 106, 324, 324, 385, 387, 486, 580, 580, 963, 1013, 1318, 1342, 1342, 1439, 1472, 1472, 1472]"
4_47_374,"[6, 44, 119, 134, 134, 235, 273, 329, 329, 365, 543, 623, 717, 733, 777, 932, 976, 987, 1116, 1117]",[4],[47],"[0, 1, 2, 3, 4, 5, 6, 7, 8, 9, 10, 11, 12, 13, 14, 17, 22, 23]","[6, 44, 119, 134, 134, 235, 273, 329, 329, 365, 543, 623, 717, 733, 777, 932, 976, 987, 1116, 1117]","[6, 44, 119, 134, 134, 235, 273, 329, 329, 365, 543, 623, 717, 733, 777, 932, 976, 987, 1116, 1117]"
37_57_375,"[21, 21, 21, 21, 21, 51, 74, 168, 183, 323, 410, 427, 427, 427, 463, 530, 598, 598, 604, 641]",[37],[57],"[1, 2, 3, 4, 5, 6, 7, 8, 9, 10, 11, 15]","[21, 21, 21, 21, 21, 51, 74, 168, 183, 323, 410, 427, 427, 427, 463, 530, 598, 598, 604, 641]","[21, 21, 21, 21, 21, 51, 74, 168, 183, 323, 410, 427, 427, 427, 463, 530, 598, 598, 604, 641]"
0_23_376,"[72, 322, 322, 322, 322, 322, 322, 354, 524, 546, 546, 546, 546, 546, 546, 546, 546, 546, 546, 847]",[0],[23],"[0, 1, 2, 4, 5, 6, 7, 8, 9, 10, 11, 12, 13, 14, 15, 22, 23]","[72, 322, 322, 322, 322, 322, 322, 354, 524, 546, 546, 546, 546, 546, 546, 546, 546, 546, 546, 847]","[72, 322, 322, 322, 322, 322, 322, 354, 524, 546, 546, 546, 546, 546, 546, 546, 546, 546, 546, 847]"
0_54_377,"[348, 348, 348, 348, 348, 348, 348, 348, 348, 348, 348, 348, 467, 548, 568, 578, 598, 598, 598, 598]",[0],[54],"[0, 1, 2, 3, 4, 5, 6, 7, 8, 9, 10, 11, 12, 13, 14, 15, 17, 20, 21, 22]","[348, 348, 348, 348, 348, 348, 348, 348, 348, 348, 348, 348, 467, 548, 568, 578, 598, 598, 598, 598]","[348, 348, 348, 348, 348, 348, 348, 348, 348, 348, 348, 348, 467, 548, 568, 578, 598, 598, 598, 598]"
0_45_378,"[5, 5, 5, 5, 71, 138, 179, 346, 417, 417, 417, 417, 421, 421, 459, 459, 606, 654, 654, 711]",[0],[45],"[0, 1, 2, 3, 4, 5, 6, 7, 8, 9, 10, 11, 12, 13, 14, 15, 19, 22, 23]","[5, 5, 5, 5, 71, 138, 179, 346, 417, 417, 417, 417, 421, 421, 459, 459, 606, 654, 654, 711]","[5, 5, 5, 5, 71, 138, 179, 346, 417, 417, 417, 417, 421, 421, 459, 459, 606, 654, 654, 711]"
4_55_379,"[65, 86, 86, 86, 131, 281, 281, 281, 281, 281, 281, 281, 281, 281, 281, 281, 281, 281, 281, 281]",[4],[55],"[0, 1, 2, 3, 4, 5, 6, 7, 8, 9, 10, 11, 12, 13, 14, 15, 21]","[65, 86, 86, 86, 131, 281, 281, 281, 281, 281, 281, 281, 281, 281, 281, 281, 281, 281, 281, 281]","[65, 86, 86, 86, 131, 281, 281, 281, 281, 281, 281, 281, 281, 281, 281, 281, 281, 281, 281, 281]"
38_57_380,"[126, 165, 221, 278, 365, 425, 427, 506, 506, 510, 530, 598, 598, 627, 627, 692, 716, 716, 716, 796]",[38],[57],"[0, 1, 2, 3, 4, 5, 6, 7, 8, 9, 10, 11, 12, 13, 14, 15, 18, 21, 23]","[126, 165, 221, 278, 365, 425, 427, 506, 506, 510, 530, 598, 598, 627, 627, 692, 716, 716, 716, 796]","[126, 165, 221, 278, 365, 425, 427, 506, 506, 510, 530, 598, 598, 627, 627, 692, 716, 716, 716, 796]"
4_47_381,"[206, 206, 206, 206, 206, 206, 206, 206, 206, 206, 206, 206, 206, 206, 206, 206, 206, 561, 627, 630]",[4],[47],"[0, 1, 2, 3, 5, 6, 7, 8, 9, 10, 11, 12, 13, 14, 22, 23]","[206, 206, 206, 206, 206, 206, 206, 206, 206, 206, 206, 206, 206, 206, 206, 206, 206, 561, 627, 630]","[206, 206, 206, 206, 206, 206, 206, 206, 206, 206, 206, 206, 206, 206, 206, 206, 206, 561, 627, 630]"
0_57_382,"[15, 85, 304, 434, 502, 630, 630, 721, 728, 728, 728, 728, 728, 728, 728, 728, 728, 728, 728, 728]",[0],[57],"[0, 2, 4, 6, 7, 8, 9, 10, 11, 12, 13, 14, 21, 22, 23]","[15, 85, 304, 434, 502, 630, 630, 721, 728, 728, 728, 728, 728, 728, 728, 728, 728, 728, 728, 728]","[15, 85, 304, 434, 502, 630, 630, 721, 728, 728, 728, 728, 728, 728, 728, 728, 728, 728, 728, 728]"
4_96_383,"[85, 210, 210, 210, 210, 210, 897, 897, 897, 897, 897, 897, 897, 897, 897, 897, 897, 897, 897, 897]",[4],[96],"[2, 3, 4, 5, 7, 8, 9, 10, 11, 12, 13, 14, 15, 20, 21, 23]","[85, 210, 210, 210, 210, 210, 897, 897, 897, 897, 897, 897, 897, 897, 897, 897, 897, 897, 897, 897]","[85, 210, 210, 210, 210, 210, 897, 897, 897, 897, 897, 897, 897, 897, 897, 897, 897, 897, 897, 897]"
0_65_384,"[22, 22, 22, 238, 1213, 1663, 1663, 1663, 1663, 1663, 1663, 1663, 1663, 1663, 1663, 1663, 1663, 1663, 1663, 1663]",[0],[65],"[1, 2, 3, 5, 7, 8, 10, 11, 12, 13, 21, 22]","[22, 22, 22, 238, 1213, 1663, 1663, 1663, 1663, 1663, 1663, 1663, 1663, 1663, 1663, 1663, 1663, 1663, 1663, 1663]","[22, 22, 22, 238, 1213, 1663, 1663, 1663, 1663, 1663, 1663, 1663, 1663, 1663, 1663, 1663, 1663, 1663, 1663, 1663]"
4_49_385,"[25, 525, 525, 525, 525, 525, 525, 525, 525, 525, 627, 627, 627, 627, 627, 627, 627, 627, 627, 627]",[4],[49],"[2, 3, 4, 6, 9, 10, 11, 12, 13, 14, 23]","[25, 525, 525, 525, 525, 525, 525, 525, 525, 525, 627, 627, 627, 627, 627, 627, 627, 627, 627, 627]","[25, 525, 525, 525, 525, 525, 525, 525, 525, 525, 627, 627, 627, 627, 627, 627, 627, 627, 627, 627]"
0_26_386,"[85, 85, 207, 371, 406, 427, 479, 479, 479, 479, 479, 479, 479, 479, 479, 479, 479, 479, 479, 479]",[0],[26],"[0, 1, 2, 3, 5, 6, 7, 9, 10, 11, 12, 13, 14, 20, 22, 23]","[85, 85, 207, 371, 406, 427, 479, 479, 479, 479, 479, 479, 479, 479, 479, 479, 479, 479, 479, 479]","[85, 85, 207, 371, 406, 427, 479, 479, 479, 479, 479, 479, 479, 479, 479, 479, 479, 479, 479, 479]"
4_45_387,"[163, 247, 344, 377, 838, 847, 847, 847, 847, 847, 847, 847, 847, 847, 847, 847, 847, 847, 853, 1061]",[4],[45],"[0, 1, 2, 3, 4, 5, 7, 8, 9, 10, 11, 14, 23]","[163, 247, 344, 377, 838, 847, 847, 847, 847, 847, 847, 847, 847, 847, 847, 847, 847, 847, 853, 1061]","[163, 247, 344, 377, 838, 847, 847, 847, 847, 847, 847, 847, 847, 847, 847, 847, 847, 847, 853, 1061]"
4_57_388,"[8, 304, 383, 456, 456, 456, 456, 456, 456, 456, 456, 456, 456, 456, 456, 456, 469, 608, 627, 627]",[4],[57],"[0, 1, 6, 7, 9, 10, 11, 12, 13, 14, 22, 23]","[8, 304, 383, 456, 456, 456, 456, 456, 456, 456, 456, 456, 456, 456, 456, 456, 469, 608, 627, 627]","[8, 304, 383, 456, 456, 456, 456, 456, 456, 456, 456, 456, 456, 456, 456, 456, 469, 608, 627, 627]"
0_75_389,"[199, 199, 199, 283, 283, 349, 866, 1052, 1095, 1282, 1344, 1344, 1344, 1344, 1344, 1344, 1344, 1344, 1344, 1344]",[0],[75],"[0, 1, 2, 3, 5, 6, 7, 8, 9, 10, 12, 14, 15, 23]","[199, 199, 199, 283, 283, 349, 866, 1052, 1095, 1282, 1344, 1344, 1344, 1344, 1344, 1344, 1344, 1344, 1344, 1344]","[199, 199, 199, 283, 283, 349, 866, 1052, 1095, 1282, 1344, 1344, 1344, 1344, 1344, 1344, 1344, 1344, 1344, 1344]"
0_11_390,"[75, 243, 243, 307, 571, 571, 571, 571, 571, 571, 571, 571, 571, 571, 571, 571, 571, 571, 571, 571]",[0],[11],"[4, 6, 7, 9, 10, 11, 12, 13, 15, 21, 22, 23]","[75, 243, 243, 307, 571, 571, 571, 571, 571, 571, 571, 571, 571, 571, 571, 571, 571, 571, 571, 571]","[75, 243, 243, 307, 571, 571, 571, 571, 571, 571, 571, 571, 571, 571, 571, 571, 571, 571, 571, 571]"
32_40_391,"[29, 339, 547, 670, 743, 925, 955, 955, 955, 955, 955, 955, 955, 955, 955, 955, 955, 955, 955, 955]",[32],[40],"[1, 2, 4, 5, 6, 7, 9, 10, 13, 14, 15, 21, 22, 23]","[29, 339, 547, 670, 743, 925, 955, 955, 955, 955, 955, 955, 955, 955, 955, 955, 955, 955, 955, 955]","[29, 339, 547, 670, 743, 925, 955, 955, 955, 955, 955, 955, 955, 955, 955, 955, 955, 955, 955, 955]"
0_58_392,"[184, 184, 650, 975, 1051, 1277, 1347, 1347, 1347, 1347, 1347, 1347, 1347, 1347, 1347, 1347, 1347, 1347, 1347, 1347]",[0],[58],"[3, 5, 6, 7, 8, 9, 10, 11, 12, 14, 22, 23]","[184, 184, 650, 975, 1051, 1277, 1347, 1347, 1347, 1347, 1347, 1347, 1347, 1347, 1347, 1347, 1347, 1347, 1347, 1347]","[184, 184, 650, 975, 1051, 1277, 1347, 1347, 1347, 1347, 1347, 1347, 1347, 1347, 1347, 1347, 1347, 1347, 1347, 1347]"
0_65_393,"[9, 9, 9, 28, 362, 438, 555, 692, 692, 808, 808, 808, 808, 808, 808, 808, 808, 808, 808, 808]",[0],[65],"[0, 1, 2, 4, 5, 6, 7, 8, 9, 10, 11, 12, 13, 14, 15, 23]","[9, 9, 9, 28, 362, 438, 555, 692, 692, 808, 808, 808, 808, 808, 808, 808, 808, 808, 808, 808]","[9, 9, 9, 28, 362, 438, 555, 692, 692, 808, 808, 808, 808, 808, 808, 808, 808, 808, 808, 808]"
0_23_394,"[72, 72, 108, 108, 153, 153, 153, 153, 153, 153, 153, 153, 153, 153, 153, 153, 153, 153, 154, 306]",[0],[23],"[0, 1, 2, 3, 4, 5, 6, 7, 8, 9, 10, 11, 12, 13, 14, 20, 21, 22, 23]","[72, 72, 108, 108, 153, 153, 153, 153, 153, 153, 153, 153, 153, 153, 153, 153, 153, 153, 154, 306]","[72, 72, 108, 108, 153, 153, 153, 153, 153, 153, 153, 153, 153, 153, 153, 153, 153, 153, 154, 306]"
0_63_395,"[69, 69, 126, 330, 330, 330, 330, 330, 330, 330, 330, 330, 330, 330, 330, 330, 330, 330, 330, 330]",[0],[63],"[0, 1, 2, 3, 4, 5, 7, 8, 9, 10, 12, 13, 14, 22, 23]","[69, 69, 126, 330, 330, 330, 330, 330, 330, 330, 330, 330, 330, 330, 330, 330, 330, 330, 330, 330]","[69, 69, 126, 330, 330, 330, 330, 330, 330, 330, 330, 330, 330, 330, 330, 330, 330, 330, 330, 330]"
0_20_396,"[105, 105, 206, 224, 288, 453, 453, 453, 453, 453, 453, 453, 453, 453, 453, 453, 453, 453, 453, 453]",[0],[20],"[0, 1, 3, 6, 9, 10, 11, 13, 15, 20, 21, 22, 23]","[105, 105, 206, 224, 288, 453, 453, 453, 453, 453, 453, 453, 453, 453, 453, 453, 453, 453, 453, 453]","[105, 105, 206, 224, 288, 453, 453, 453, 453, 453, 453, 453, 453, 453, 453, 453, 453, 453, 453, 453]"
12_57_397,"[60, 187, 205, 209, 235, 235, 469, 495, 529, 598, 619, 619, 619, 619, 619, 619, 619, 619, 627, 628]",[12],[57],"[1, 2, 3, 4, 5, 6, 7, 8, 9, 10, 11, 12, 13]","[60, 187, 205, 209, 235, 235, 469, 495, 529, 598, 619, 619, 619, 619, 619, 619, 619, 619, 627, 628]","[60, 187, 205, 209, 235, 235, 469, 495, 529, 598, 619, 619, 619, 619, 619, 619, 619, 619, 627, 628]"
0_88_398,"[44, 160, 324, 354, 540, 1039, 1039, 1039, 1039, 1039, 1039, 1039, 1039, 1039, 1039, 1039, 1148, 1382, 1382, 1382]",[0],[88],"[0, 1, 2, 4, 5, 6, 7, 9, 10, 11, 12, 13, 14, 22, 23]","[44, 160, 324, 354, 540, 1039, 1039, 1039, 1039, 1039, 1039, 1039, 1039, 1039, 1039, 1039, 1148, 1382, 1382, 1382]","[44, 160, 324, 354, 540, 1039, 1039, 1039, 1039, 1039, 1039, 1039, 1039, 1039, 1039, 1039, 1148, 1382, 1382, 1382]"
0_47_399,"[42, 42, 42, 42, 87, 87, 87, 87, 87, 87, 87, 87, 87, 87, 87, 87, 87, 87, 87, 87]",[0],[47],"[1, 2, 3, 4, 6, 7, 8, 9, 12, 20, 22, 23]","[42, 42, 42, 42, 87, 87, 87, 87, 87, 87, 87, 87, 87, 87, 87, 87, 87, 87, 87, 87]","[42, 42, 42, 42, 87, 87, 87, 87, 87, 87, 87, 87, 87, 87, 87, 87, 87, 87, 87, 87]"
0_44_400,"[29, 29, 29, 41, 41, 41, 41, 41, 41, 41, 41, 41, 41, 41, 41, 41, 41, 41, 41, 41]",[0],[44],"[0, 2, 3, 4, 5, 6, 7, 8, 9, 10, 11, 12, 13, 14, 15, 22, 23]","[29, 29, 29, 41, 41, 41, 41, 41, 41, 41, 41, 41, 41, 41, 41, 41, 41, 41, 41, 41]","[29, 29, 29, 41, 41, 41, 41, 41, 41, 41, 41, 41, 41, 41, 41, 41, 41, 41, 41, 41]"
4_45_401,"[5, 5, 5, 85, 382, 382, 431, 449, 567, 614, 614, 627, 627, 627, 627, 777, 939, 952, 1385, 1385]",[4],[45],"[0, 2, 3, 4, 5, 6, 7, 8, 9, 10, 11, 12, 13, 14, 22, 23]","[5, 5, 5, 85, 382, 382, 431, 449, 567, 614, 614, 627, 627, 627, 627, 777, 939, 952, 1385, 1385]","[5, 5, 5, 85, 382, 382, 431, 449, 567, 614, 614, 627, 627, 627, 627, 777, 939, 952, 1385, 1385]"
0_65_402,"[65, 65, 65, 65, 65, 65, 65, 152, 152, 199, 199, 199, 199, 199, 349, 685, 1052, 1095, 1325, 1325]",[0],[65],"[0, 1, 3, 4, 5, 6, 7, 8, 9, 10, 11, 12, 14, 21, 22, 23]","[65, 65, 65, 65, 65, 65, 65, 152, 152, 199, 199, 199, 199, 199, 349, 685, 1052, 1095, 1325, 1325]","[65, 65, 65, 65, 65, 65, 65, 152, 152, 199, 199, 199, 199, 199, 349, 685, 1052, 1095, 1325, 1325]"
4_46_403,"[5, 13, 195, 195, 195, 195, 195, 205, 361, 361, 361, 441, 491, 640, 682, 682, 682, 682, 682, 682]",[4],[46],"[1, 2, 3, 4, 5, 6, 7, 8, 9, 10, 11, 12, 13, 14, 22, 23]","[5, 13, 195, 195, 195, 195, 195, 205, 361, 361, 361, 441, 491, 640, 682, 682, 682, 682, 682, 682]","[5, 13, 195, 195, 195, 195, 195, 205, 361, 361, 361, 441, 491, 640, 682, 682, 682, 682, 682, 682]"
0_36_404,"[22, 47, 135, 135, 135, 135, 135, 135, 135, 308, 308, 308, 329, 329, 390, 504, 623, 623, 738, 738]",[0],[36],"[0, 1, 2, 3, 4, 5, 6, 8, 9, 10, 11, 12, 13, 14, 18, 20, 21, 22, 23]","[22, 47, 135, 135, 135, 135, 135, 135, 135, 308, 308, 308, 329, 329, 390, 504, 623, 623, 738, 738]","[22, 47, 135, 135, 135, 135, 135, 135, 135, 308, 308, 308, 329, 329, 390, 504, 623, 623, 738, 738]"
22_45_405,"[16, 27, 27, 58, 224, 289, 387, 387, 432, 509, 509, 521, 521, 539, 539, 539, 539, 588, 588, 698]",[22],[45],"[0, 1, 2, 3, 4, 5, 6, 7, 8, 9, 10, 11]","[16, 27, 27, 58, 224, 289, 387, 387, 432, 509, 509, 521, 521, 539, 539, 539, 539, 588, 588, 698]","[16, 27, 27, 58, 224, 289, 387, 387, 432, 509, 509, 521, 521, 539, 539, 539, 539, 588, 588, 698]"
4_46_406,"[194, 194, 194, 194, 330, 330, 330, 330, 330, 459, 459, 607, 719, 779, 779, 847, 885, 893, 893, 965]",[4],[46],"[0, 1, 2, 3, 4, 6, 7, 8, 9, 10, 11, 12, 13, 15, 23]","[194, 194, 194, 194, 330, 330, 330, 330, 330, 459, 459, 607, 719, 779, 779, 847, 885, 893, 893, 965]","[194, 194, 194, 194, 330, 330, 330, 330, 330, 459, 459, 607, 719, 779, 779, 847, 885, 893, 893, 965]"
4_56_407,"[46, 131, 338, 338, 338, 343, 347, 347, 485, 628, 658, 658, 658, 763, 763, 763, 763, 881, 881, 886]",[4],[56],"[0, 3, 4, 5, 6, 7, 8, 9, 10, 11, 12, 13, 14, 20, 23]","[46, 131, 338, 338, 338, 343, 347, 347, 485, 628, 658, 658, 658, 763, 763, 763, 763, 881, 881, 886]","[46, 131, 338, 338, 338, 343, 347, 347, 485, 628, 658, 658, 658, 763, 763, 763, 763, 881, 881, 886]"
1_57_408,"[55, 55, 274, 321, 630, 646, 646, 726, 786, 843, 843, 878, 895, 918, 918, 925, 946, 1005, 1019, 1178]",[1],[57],"[2, 3, 4, 5, 6, 7, 8, 9, 10, 11, 12, 21]","[55, 55, 274, 321, 630, 646, 646, 726, 786, 843, 843, 878, 895, 918, 918, 925, 946, 1005, 1019, 1178]","[55, 55, 274, 321, 630, 646, 646, 726, 786, 843, 843, 878, 895, 918, 918, 925, 946, 1005, 1019, 1178]"
0_87_409,"[373, 627, 627, 627, 627, 627, 627, 627, 627, 627, 627, 627, 627, 627, 627, 627, 627, 627, 627, 627]",[0],[87],"[1, 2, 3, 4, 5, 6, 7, 8, 9, 10, 11, 12, 13, 14, 15, 22]","[373, 627, 627, 627, 627, 627, 627, 627, 627, 627, 627, 627, 627, 627, 627, 627, 627, 627, 627, 627]","[373, 627, 627, 627, 627, 627, 627, 627, 627, 627, 627, 627, 627, 627, 627, 627, 627, 627, 627, 627]"
4_46_410,"[23, 75, 75, 129, 129, 129, 149, 149, 172, 196, 235, 365, 365, 366, 477, 487, 521, 521, 547, 547]",[4],[46],"[0, 1, 2, 3, 4, 5, 6, 7, 8, 9, 10, 11, 12, 13, 15, 21, 22, 23]","[23, 75, 75, 129, 129, 129, 149, 149, 172, 196, 235, 365, 365, 366, 477, 487, 521, 521, 547, 547]","[23, 75, 75, 129, 129, 129, 149, 149, 172, 196, 235, 365, 365, 366, 477, 487, 521, 521, 547, 547]"
9_57_411,"[51, 55, 213, 726, 850, 856, 918, 918, 971, 971, 1000, 1225, 1350, 1401, 1435, 1758, 1807, 1807, 1807, 1807]",[9],[57],"[1, 2, 3, 4, 5, 6, 7, 8, 9, 10, 11, 12, 13, 14]","[51, 55, 213, 726, 850, 856, 918, 918, 971, 971, 1000, 1225, 1350, 1401, 1435, 1758, 1807, 1807, 1807, 1807]","[51, 55, 213, 726, 850, 856, 918, 918, 971, 971, 1000, 1225, 1350, 1401, 1435, 1758, 1807, 1807, 1807, 1807]"
0_75_412,"[220, 220, 220, 220, 220, 220, 220, 220, 220, 220, 220, 220, 220, 220, 220, 220, 220, 220, 220, 220]",[0],[75],"[0, 1, 3, 6, 7, 8, 9, 10, 11, 12, 14, 20, 22, 23]","[220, 220, 220, 220, 220, 220, 220, 220, 220, 220, 220, 220, 220, 220, 220, 220, 220, 220, 220, 220]","[220, 220, 220, 220, 220, 220, 220, 220, 220, 220, 220, 220, 220, 220, 220, 220, 220, 220, 220, 220]"
14_14_413,"[93, 287, 287, 287, 399, 537, 623, 623, 727, 747, 747, 853, 853, 1058, 1106, 1403, 1403, 1403, 1403, 1403]",[14],[14],"[0, 2, 3, 5, 6, 7, 8, 9, 12, 13, 14, 22, 23]","[93, 287, 287, 287, 399, 537, 623, 623, 727, 747, 747, 853, 853, 1058, 1106, 1403, 1403, 1403, 1403, 1403]","[93, 287, 287, 287, 399, 537, 623, 623, 727, 747, 747, 853, 853, 1058, 1106, 1403, 1403, 1403, 1403, 1403]"
39_66_414,"[56, 551, 681, 960, 1336, 1336, 1336, 1336, 1336, 1336, 1336, 1336, 1336, 1336, 1336, 1336, 1336, 1336, 1336, 1336]",[39],[66],"[0, 1, 3, 4, 5, 6, 7, 8, 9, 10, 11, 12, 13, 14, 15, 21, 23]","[56, 551, 681, 960, 1336, 1336, 1336, 1336, 1336, 1336, 1336, 1336, 1336, 1336, 1336, 1336, 1336, 1336, 1336, 1336]","[56, 551, 681, 960, 1336, 1336, 1336, 1336, 1336, 1336, 1336, 1336, 1336, 1336, 1336, 1336, 1336, 1336, 1336, 1336]"
0_6_415,"[182, 427, 482, 1242, 1592, 1803, 1803, 1803, 1803, 1803, 1803, 1803, 1803, 1803, 1803, 1803, 1803, 1803, 1803, 1803]",[0],[6],"[0, 1, 3, 4, 5, 6, 7, 8, 9, 10, 11, 12, 14, 22, 23]","[182, 427, 482, 1242, 1592, 1803, 1803, 1803, 1803, 1803, 1803, 1803, 1803, 1803, 1803, 1803, 1803, 1803, 1803, 1803]","[182, 427, 482, 1242, 1592, 1803, 1803, 1803, 1803, 1803, 1803, 1803, 1803, 1803, 1803, 1803, 1803, 1803, 1803, 1803]"
4_55_416,"[187, 281, 320, 346, 453, 467, 467, 598, 598, 598, 598, 598, 598, 598, 598, 598, 598, 598, 598, 598]",[4],[55],"[0, 1, 2, 3, 4, 5, 6, 7, 9, 10, 11, 12, 13, 14, 15, 23]","[187, 281, 320, 346, 453, 467, 467, 598, 598, 598, 598, 598, 598, 598, 598, 598, 598, 598, 598, 598]","[187, 281, 320, 346, 453, 467, 467, 598, 598, 598, 598, 598, 598, 598, 598, 598, 598, 598, 598, 598]"
0_57_417,"[235, 251, 303, 678, 678, 712, 869, 1023, 1023, 1023, 1062, 1062, 1062, 1062, 1062, 1105, 1328, 1394, 1613, 1626]",[0],[57],"[0, 1, 2, 5, 7, 8, 9, 10, 11, 12, 13, 14, 22, 23]","[235, 251, 303, 678, 678, 712, 869, 1023, 1023, 1023, 1062, 1062, 1062, 1062, 1062, 1105, 1328, 1394, 1613, 1626]","[235, 251, 303, 678, 678, 712, 869, 1023, 1023, 1023, 1062, 1062, 1062, 1062, 1062, 1105, 1328, 1394, 1613, 1626]"
30_55_418,"[542, 641, 874, 874, 874, 874, 874, 874, 874, 874, 874, 874, 874, 874, 874, 874, 874, 874, 874, 874]",[30],[55],"[0, 1, 2, 5, 7, 8, 9, 10]","[542, 641, 874, 874, 874, 874, 874, 874, 874, 874, 874, 874, 874, 874, 874, 874, 874, 874, 874, 874]","[542, 641, 874, 874, 874, 874, 874, 874, 874, 874, 874, 874, 874, 874, 874, 874, 874, 874, 874, 874]"
0_24_419,"[14, 133, 141, 307, 307, 307, 307, 307, 485, 509, 509, 510, 510, 568, 568, 568, 626, 637, 730, 862]",[0],[24],"[2, 4, 5, 6, 7, 8, 9, 10, 11, 12, 13, 14, 15, 20, 22, 23]","[14, 133, 141, 307, 307, 307, 307, 307, 485, 509, 509, 510, 510, 568, 568, 568, 626, 637, 730, 862]","[14, 133, 141, 307, 307, 307, 307, 307, 485, 509, 509, 510, 510, 568, 568, 568, 626, 637, 730, 862]"
0_57_420,"[238, 728, 728, 728, 728, 728, 728, 728, 728, 728, 728, 728, 728, 728, 841, 841, 841, 841, 841, 841]",[0],[57],"[2, 5, 9, 10, 11, 12, 13, 21, 22, 23]","[238, 728, 728, 728, 728, 728, 728, 728, 728, 728, 728, 728, 728, 728, 841, 841, 841, 841, 841, 841]","[238, 728, 728, 728, 728, 728, 728, 728, 728, 728, 728, 728, 728, 728, 841, 841, 841, 841, 841, 841]"
0_92_421,"[172, 218, 414, 763, 1095, 1513, 1513, 1513, 1513, 1513, 1513, 1513, 1513, 1513, 1513, 1513, 1513, 1513, 1513, 1513]",[0],[92],"[0, 1, 2, 3, 4, 6, 7, 8, 9, 10, 11, 22, 23]","[172, 218, 414, 763, 1095, 1513, 1513, 1513, 1513, 1513, 1513, 1513, 1513, 1513, 1513, 1513, 1513, 1513, 1513, 1513]","[172, 218, 414, 763, 1095, 1513, 1513, 1513, 1513, 1513, 1513, 1513, 1513, 1513, 1513, 1513, 1513, 1513, 1513, 1513]"
4_66_422,"[205, 209, 209, 209, 209, 209, 209, 209, 209, 209, 209, 209, 209, 209, 209, 209, 209, 209, 209, 209]",[4],[66],"[0, 1, 3, 4, 5, 6, 7, 8, 9, 10, 11, 12, 13, 14, 22, 23]","[205, 209, 209, 209, 209, 209, 209, 209, 209, 209, 209, 209, 209, 209, 209, 209, 209, 209, 209, 209]","[205, 209, 209, 209, 209, 209, 209, 209, 209, 209, 209, 209, 209, 209, 209, 209, 209, 209, 209, 209]"
0_25_423,"[64, 110, 110, 110, 110, 110, 110, 110, 110, 110, 110, 110, 110, 110, 110, 110, 110, 110, 460, 463]",[0],[25],"[2, 3, 4, 5, 6, 7, 8, 9, 11, 12, 13, 14, 15, 22, 23]","[64, 110, 110, 110, 110, 110, 110, 110, 110, 110, 110, 110, 110, 110, 110, 110, 110, 110, 460, 463]","[64, 110, 110, 110, 110, 110, 110, 110, 110, 110, 110, 110, 110, 110, 110, 110, 110, 110, 460, 463]"
0_36_424,"[85, 85, 85, 85, 85, 85, 85, 85, 85, 85, 85, 85, 85, 85, 85, 85, 85, 85, 85, 85]",[0],[36],"[0, 2, 3, 4, 5, 7, 9, 10, 11, 12, 23]","[85, 85, 85, 85, 85, 85, 85, 85, 85, 85, 85, 85, 85, 85, 85, 85, 85, 85, 85, 85]","[85, 85, 85, 85, 85, 85, 85, 85, 85, 85, 85, 85, 85, 85, 85, 85, 85, 85, 85, 85]"
0_45_425,"[127, 127, 127, 127, 127, 127, 127, 127, 127, 127, 127, 127, 127, 127, 127, 127, 127, 127, 127, 127]",[0],[45],"[0, 1, 2, 4, 6, 7, 8, 9, 10, 11, 12, 13, 23]","[127, 127, 127, 127, 127, 127, 127, 127, 127, 127, 127, 127, 127, 127, 127, 127, 127, 127, 127, 127]","[127, 127, 127, 127, 127, 127, 127, 127, 127, 127, 127, 127, 127, 127, 127, 127, 127, 127, 127, 127]"
23_56_426,"[78, 234, 234, 234, 234, 234, 234, 234, 234, 234, 562, 786, 808, 1567, 1687, 1694, 1694, 1694, 1694, 1694]",[23],[56],"[0, 1, 2, 3, 4, 5, 6, 7, 8, 9, 10, 11, 12, 23]","[78, 234, 234, 234, 234, 234, 234, 234, 234, 234, 562, 786, 808, 1567, 1687, 1694, 1694, 1694, 1694, 1694]","[78, 234, 234, 234, 234, 234, 234, 234, 234, 234, 562, 786, 808, 1567, 1687, 1694, 1694, 1694, 1694, 1694]"
24_57_427,"[2, 51, 51, 165, 186, 261, 261, 373, 592, 592, 592, 592, 592, 592, 592, 592, 592, 592, 592, 592]",[24],[57],"[0, 3, 4, 5, 6, 8, 9, 10, 12, 13, 14, 16, 18, 20, 22]","[2, 51, 51, 165, 186, 261, 261, 373, 592, 592, 592, 592, 592, 592, 592, 592, 592, 592, 592, 592]","[2, 51, 51, 165, 186, 261, 261, 373, 592, 592, 592, 592, 592, 592, 592, 592, 592, 592, 592, 592]"
9_45_428,"[10, 99, 109, 122, 128, 255, 287, 333, 490, 492, 562, 646, 711, 730, 730, 738, 870, 968, 968, 1007]",[9],[45],"[1, 2, 3, 4, 5, 6, 7, 8, 9, 10, 11]","[10, 99, 109, 122, 128, 255, 287, 333, 490, 492, 562, 646, 711, 730, 730, 738, 870, 968, 968, 1007]","[10, 99, 109, 122, 128, 255, 287, 333, 490, 492, 562, 646, 711, 730, 730, 738, 870, 968, 968, 1007]"
0_5_429,"[115, 163, 163, 163, 260, 431, 607, 607, 607, 607, 607, 607, 607, 649, 649, 649, 649, 649, 649, 649]",[0],[5],"[1, 3, 5, 6, 7, 8, 9, 10, 11, 12, 13, 15, 22, 23]","[115, 163, 163, 163, 260, 431, 607, 607, 607, 607, 607, 607, 607, 649, 649, 649, 649, 649, 649, 649]","[115, 163, 163, 163, 260, 431, 607, 607, 607, 607, 607, 607, 607, 649, 649, 649, 649, 649, 649, 649]"
4_58_430,"[106, 226, 235, 468, 540, 709, 709, 857, 857, 1495, 1495, 1495, 1683, 1714, 1893, 1893, 1893, 1893, 1893, 1893]",[4],[58],"[1, 2, 3, 4, 6, 7, 9, 10, 11, 12, 13, 14, 22, 23]","[106, 226, 235, 468, 540, 709, 709, 857, 857, 1495, 1495, 1495, 1683, 1714, 1893, 1893, 1893, 1893, 1893, 1893]","[106, 226, 235, 468, 540, 709, 709, 857, 857, 1495, 1495, 1495, 1683, 1714, 1893, 1893, 1893, 1893, 1893, 1893]"
4_36_431,"[83, 83, 83, 83, 83, 83, 83, 83, 83, 83, 83, 83, 83, 83, 83, 149, 149, 149, 149, 149]",[4],[36],"[0, 2, 3, 4, 5, 6, 7, 8, 9, 10, 11, 12, 14, 23]","[83, 83, 83, 83, 83, 83, 83, 83, 83, 83, 83, 83, 83, 83, 83, 149, 149, 149, 149, 149]","[83, 83, 83, 83, 83, 83, 83, 83, 83, 83, 83, 83, 83, 83, 83, 149, 149, 149, 149, 149]"
19_57_432,"[1, 12, 14, 36, 46, 46, 46, 46, 46, 46, 81, 132, 186, 229, 260, 263, 263, 263, 263, 263]",[19],[57],"[1, 3, 4, 5, 6, 7, 8, 9, 10, 11, 13]","[1, 12, 14, 36, 46, 46, 46, 46, 46, 46, 81, 132, 186, 229, 260, 263, 263, 263, 263, 263]","[1, 12, 14, 36, 46, 46, 46, 46, 46, 46, 81, 132, 186, 229, 260, 263, 263, 263, 263, 263]"
0_16_433,"[29, 85, 177, 226, 226, 226, 226, 226, 226, 226, 226, 226, 226, 226, 226, 226, 226, 226, 226, 235]",[0],[16],"[1, 3, 4, 5, 6, 7, 8, 9, 10, 11, 12, 13, 14, 15, 20, 22, 23]","[29, 85, 177, 226, 226, 226, 226, 226, 226, 226, 226, 226, 226, 226, 226, 226, 226, 226, 226, 235]","[29, 85, 177, 226, 226, 226, 226, 226, 226, 226, 226, 226, 226, 226, 226, 226, 226, 226, 226, 235]"
4_46_434,"[21, 239, 468, 506, 580, 640, 847, 847, 847, 847, 847, 847, 847, 847, 847, 847, 847, 847, 847, 847]",[4],[46],"[0, 1, 2, 3, 4, 5, 6, 7, 8, 9, 10, 11, 12, 14, 15, 23]","[21, 239, 468, 506, 580, 640, 847, 847, 847, 847, 847, 847, 847, 847, 847, 847, 847, 847, 847, 847]","[21, 239, 468, 506, 580, 640, 847, 847, 847, 847, 847, 847, 847, 847, 847, 847, 847, 847, 847, 847]"
0_55_435,"[348, 348, 354, 542, 542, 542, 542, 542, 542, 542, 542, 542, 592, 1047, 1047, 1047, 1072, 1072, 1332, 1332]",[0],[55],"[0, 2, 3, 5, 7, 8, 9, 10, 11, 18, 23]","[348, 348, 354, 542, 542, 542, 542, 542, 542, 542, 542, 542, 592, 1047, 1047, 1047, 1072, 1072, 1332, 1332]","[348, 348, 354, 542, 542, 542, 542, 542, 542, 542, 542, 542, 592, 1047, 1047, 1047, 1072, 1072, 1332, 1332]"
4_46_436,"[29, 119, 143, 239, 247, 286, 308, 311, 330, 330, 337, 363, 363, 363, 384, 384, 406, 499, 584, 611]",[4],[46],"[0, 2, 3, 4, 5, 7, 8, 9, 10, 11, 12, 13, 14, 15, 21, 22, 23]","[29, 119, 143, 239, 247, 286, 308, 311, 330, 330, 337, 363, 363, 363, 384, 384, 406, 499, 584, 611]","[29, 119, 143, 239, 247, 286, 308, 311, 330, 330, 337, 363, 363, 363, 384, 384, 406, 499, 584, 611]"
0_4_437,"[108, 108, 144, 144, 144, 144, 144, 144, 144, 144, 144, 144, 144, 144, 144, 144, 144, 144, 144, 144]",[0],[4],"[0, 3, 4, 6, 7, 9, 10, 11, 12, 13, 14, 15, 16, 21, 22, 23]","[108, 108, 144, 144, 144, 144, 144, 144, 144, 144, 144, 144, 144, 144, 144, 144, 144, 144, 144, 144]","[108, 108, 144, 144, 144, 144, 144, 144, 144, 144, 144, 144, 144, 144, 144, 144, 144, 144, 144, 144]"
4_55_438,"[41, 41, 159, 264, 292, 292, 292, 292, 344, 589, 598, 598, 647, 647, 647, 647, 647, 647, 647, 647]",[4],[55],"[0, 1, 2, 3, 5, 6, 7, 9, 10, 11, 12, 13, 14, 15, 23]","[41, 41, 159, 264, 292, 292, 292, 292, 344, 589, 598, 598, 647, 647, 647, 647, 647, 647, 647, 647]","[41, 41, 159, 264, 292, 292, 292, 292, 344, 589, 598, 598, 647, 647, 647, 647, 647, 647, 647, 647]"
4_57_439,"[183, 232, 489, 688, 733, 733, 915, 987, 1177, 1277, 1283, 1442, 1450, 1450, 1450, 1481, 1554, 1554, 1554, 1554]",[4],[57],"[0, 1, 2, 3, 4, 5, 6, 7, 8, 9, 10, 11, 12, 13, 14, 20, 22, 23]","[183, 232, 489, 688, 733, 733, 915, 987, 1177, 1277, 1283, 1442, 1450, 1450, 1450, 1481, 1554, 1554, 1554, 1554]","[183, 232, 489, 688, 733, 733, 915, 987, 1177, 1277, 1283, 1442, 1450, 1450, 1450, 1481, 1554, 1554, 1554, 1554]"
2_2_440,"[243, 305, 305, 305, 305, 305, 305, 305, 305, 305, 305, 305, 305, 305, 305, 305, 305, 305, 305, 305]",[2],[2],"[0, 1, 3, 4, 5, 8, 9, 10, 11, 12, 13, 14, 21, 22, 23]","[243, 305, 305, 305, 305, 305, 305, 305, 305, 305, 305, 305, 305, 305, 305, 305, 305, 305, 305, 305]","[243, 305, 305, 305, 305, 305, 305, 305, 305, 305, 305, 305, 305, 305, 305, 305, 305, 305, 305, 305]"
28_55_441,"[127, 127, 127, 127, 127, 127, 127, 127, 127, 127, 127, 127, 127, 127, 127, 127, 127, 127, 127, 127]",[28],[55],"[0, 1, 2, 3, 4, 5, 6, 7, 8, 9, 10, 23]","[127, 127, 127, 127, 127, 127, 127, 127, 127, 127, 127, 127, 127, 127, 127, 127, 127, 127, 127, 127]","[127, 127, 127, 127, 127, 127, 127, 127, 127, 127, 127, 127, 127, 127, 127, 127, 127, 127, 127, 127]"
30_46_442,"[144, 144, 144, 144, 144, 144, 144, 700, 700, 700, 700, 700, 700, 700, 700, 700, 700, 700, 700, 700]",[30],[46],"[0, 1, 2, 3, 9, 10, 11, 12, 13, 23]","[144, 144, 144, 144, 144, 144, 144, 700, 700, 700, 700, 700, 700, 700, 700, 700, 700, 700, 700, 700]","[144, 144, 144, 144, 144, 144, 144, 700, 700, 700, 700, 700, 700, 700, 700, 700, 700, 700, 700, 700]"
4_56_443,"[123, 351, 619, 619, 619, 619, 619, 619, 619, 619, 619, 619, 619, 619, 619, 619, 619, 619, 619, 619]",[4],[56],"[3, 5, 7, 8, 9, 10, 12, 13, 15, 23]","[123, 351, 619, 619, 619, 619, 619, 619, 619, 619, 619, 619, 619, 619, 619, 619, 619, 619, 619, 619]","[123, 351, 619, 619, 619, 619, 619, 619, 619, 619, 619, 619, 619, 619, 619, 619, 619, 619, 619, 619]"
4_46_444,"[40, 51, 61, 61, 198, 226, 319, 399, 399, 605, 627, 712, 712, 777, 847, 847, 847, 847, 847, 847]",[4],[46],"[1, 3, 4, 5, 6, 7, 8, 9, 10, 11, 12, 13, 17, 20, 22, 23]","[40, 51, 61, 61, 198, 226, 319, 399, 399, 605, 627, 712, 712, 777, 847, 847, 847, 847, 847, 847]","[40, 51, 61, 61, 198, 226, 319, 399, 399, 605, 627, 712, 712, 777, 847, 847, 847, 847, 847, 847]"
0_14_445,"[452, 512, 512, 607, 607, 607, 607, 607, 607, 607, 607, 607, 607, 607, 607, 607, 607, 607, 998, 998]",[0],[14],"[3, 4, 7, 9, 10, 11, 12, 13, 21, 22, 23]","[452, 512, 512, 607, 607, 607, 607, 607, 607, 607, 607, 607, 607, 607, 607, 607, 607, 607, 998, 998]","[452, 512, 512, 607, 607, 607, 607, 607, 607, 607, 607, 607, 607, 607, 607, 607, 607, 607, 998, 998]"
4_45_446,"[86, 227, 227, 227, 227, 227, 227, 227, 451, 470, 470, 470, 470, 470, 470, 470, 586, 594, 897, 897]",[4],[45],"[0, 1, 2, 3, 4, 7, 9, 10, 12, 13, 14, 15, 21, 22, 23]","[86, 227, 227, 227, 227, 227, 227, 227, 451, 470, 470, 470, 470, 470, 470, 470, 586, 594, 897, 897]","[86, 227, 227, 227, 227, 227, 227, 227, 451, 470, 470, 470, 470, 470, 470, 470, 586, 594, 897, 897]"
8_55_447,"[31, 31, 31, 31, 31, 31, 31, 31, 31, 217, 441, 597, 597, 632, 704, 866, 955, 955, 955, 955]",[8],[55],"[2, 3, 5, 6, 8, 9, 10, 11, 12, 13, 23]","[31, 31, 31, 31, 31, 31, 31, 31, 31, 217, 441, 597, 597, 632, 704, 866, 955, 955, 955, 955]","[31, 31, 31, 31, 31, 31, 31, 31, 31, 217, 441, 597, 597, 632, 704, 866, 955, 955, 955, 955]"
0_57_448,"[111, 111, 111, 111, 111, 111, 111, 111, 111, 111, 111, 111, 111, 111, 111, 111, 111, 111, 111, 111]",[0],[57],"[0, 2, 7, 8, 9, 10, 11, 18, 22, 23]","[111, 111, 111, 111, 111, 111, 111, 111, 111, 111, 111, 111, 111, 111, 111, 111, 111, 111, 111, 111]","[111, 111, 111, 111, 111, 111, 111, 111, 111, 111, 111, 111, 111, 111, 111, 111, 111, 111, 111, 111]"
0_26_449,"[406, 406, 406, 678, 772, 838, 838, 838, 838, 838, 838, 838, 838, 838, 838, 838, 838, 838, 838, 838]",[0],[26],"[0, 1, 2, 4, 5, 6, 10, 11, 14, 22, 23]","[406, 406, 406, 678, 772, 838, 838, 838, 838, 838, 838, 838, 838, 838, 838, 838, 838, 838, 838, 838]","[406, 406, 406, 678, 772, 838, 838, 838, 838, 838, 838, 838, 838, 838, 838, 838, 838, 838, 838, 838]"
40_55_450,"[21, 22, 22, 29, 265, 265, 267, 292, 325, 346, 373, 373, 382, 382, 392, 438, 493, 499, 524, 545]",[40],[55],"[0, 1, 2, 3, 4, 5, 6, 7, 8, 9, 10, 11, 12, 14, 23]","[21, 22, 22, 29, 265, 265, 267, 292, 325, 346, 373, 373, 382, 382, 392, 438, 493, 499, 524, 545]","[21, 22, 22, 29, 265, 265, 267, 292, 325, 346, 373, 373, 382, 382, 392, 438, 493, 499, 524, 545]"
0_22_451,"[189, 436, 998, 998, 998, 998, 998, 998, 998, 998, 998, 998, 998, 998, 998, 998, 998, 998, 998, 998]",[0],[22],"[0, 1, 2, 3, 4, 5, 8, 9, 10, 12, 22, 23]","[189, 436, 998, 998, 998, 998, 998, 998, 998, 998, 998, 998, 998, 998, 998, 998, 998, 998, 998, 998]","[189, 436, 998, 998, 998, 998, 998, 998, 998, 998, 998, 998, 998, 998, 998, 998, 998, 998, 998, 998]"
14_5_452,"[87, 87, 87, 87, 87, 87, 87, 87, 87, 87, 87, 87, 87, 87, 87, 87, 87, 87, 87, 87]",[14],[5],"[2, 7, 8, 9, 10, 11, 12, 14, 21, 22, 23]","[87, 87, 87, 87, 87, 87, 87, 87, 87, 87, 87, 87, 87, 87, 87, 87, 87, 87, 87, 87]","[87, 87, 87, 87, 87, 87, 87, 87, 87, 87, 87, 87, 87, 87, 87, 87, 87, 87, 87, 87]"
0_13_453,"[177, 210, 210, 275, 295, 340, 518, 535, 535, 535, 535, 535, 535, 535, 535, 535, 535, 543, 958, 958]",[0],[13],"[0, 1, 3, 5, 6, 7, 8, 9, 10, 11, 12, 13, 15, 16, 21, 22, 23]","[177, 210, 210, 275, 295, 340, 518, 535, 535, 535, 535, 535, 535, 535, 535, 535, 535, 543, 958, 958]","[177, 210, 210, 275, 295, 340, 518, 535, 535, 535, 535, 535, 535, 535, 535, 535, 535, 543, 958, 958]"
4_76_454,"[209, 209, 209, 209, 209, 209, 209, 209, 209, 209, 209, 349, 1055, 1583, 1583, 1583, 1583, 1583, 1583, 1583]",[4],[76],"[0, 1, 3, 4, 8, 9, 10, 11, 13, 21, 22]","[209, 209, 209, 209, 209, 209, 209, 209, 209, 209, 209, 349, 1055, 1583, 1583, 1583, 1583, 1583, 1583, 1583]","[209, 209, 209, 209, 209, 209, 209, 209, 209, 209, 209, 349, 1055, 1583, 1583, 1583, 1583, 1583, 1583, 1583]"
21_55_455,"[29, 106, 234, 234, 234, 234, 234, 234, 323, 389, 410, 431, 431, 445, 445, 477, 545, 575, 675, 760]",[21],[55],"[0, 1, 2, 3, 4, 5, 6, 7, 8, 9, 10, 11, 12, 13, 14, 20]","[29, 106, 234, 234, 234, 234, 234, 234, 323, 389, 410, 431, 431, 445, 445, 477, 545, 575, 675, 760]","[29, 106, 234, 234, 234, 234, 234, 234, 323, 389, 410, 431, 431, 445, 445, 477, 545, 575, 675, 760]"
30_45_456,"[85, 94, 129, 144, 179, 233, 287, 344, 459, 460, 482, 482, 490, 490, 521, 521, 529, 529, 529, 529]",[30],[45],"[0, 1, 2, 3, 4, 5, 6, 7, 8, 9, 10, 11, 13, 14, 15, 21, 23]","[85, 94, 129, 144, 179, 233, 287, 344, 459, 460, 482, 482, 490, 490, 521, 521, 529, 529, 529, 529]","[85, 94, 129, 144, 179, 233, 287, 344, 459, 460, 482, 482, 490, 490, 521, 521, 529, 529, 529, 529]"
9_45_457,"[46, 66, 73, 81, 94, 128, 176, 226, 283, 399, 480, 499, 507, 513, 563, 606, 646, 702, 727, 730]",[9],[45],"[1, 2, 3, 4, 5, 6, 7, 8, 9, 10, 11]","[46, 66, 73, 81, 94, 128, 176, 226, 283, 399, 480, 499, 507, 513, 563, 606, 646, 702, 727, 730]","[46, 66, 73, 81, 94, 128, 176, 226, 283, 399, 480, 499, 507, 513, 563, 606, 646, 702, 727, 730]"
4_46_458,"[83, 214, 214, 214, 214, 491, 1022, 1041, 1212, 1212, 1212, 1230, 1337, 1337, 1430, 1430, 1430, 1493, 1568, 1571]",[4],[46],"[1, 3, 7, 8, 9, 10, 11, 12, 13, 14, 21, 22, 23]","[83, 214, 214, 214, 214, 491, 1022, 1041, 1212, 1212, 1212, 1230, 1337, 1337, 1430, 1430, 1430, 1493, 1568, 1571]","[83, 214, 214, 214, 214, 491, 1022, 1041, 1212, 1212, 1212, 1230, 1337, 1337, 1430, 1430, 1430, 1493, 1568, 1571]"
21_36_459,"[564, 564, 564, 564, 564, 564, 564, 564, 564, 564, 564, 564, 564, 564, 564, 564, 564, 564, 564, 564]",[21],[36],"[0, 1, 3, 4, 5, 6, 7, 8, 10, 11, 12, 13, 14, 23]","[564, 564, 564, 564, 564, 564, 564, 564, 564, 564, 564, 564, 564, 564, 564, 564, 564, 564, 564, 564]","[564, 564, 564, 564, 564, 564, 564, 564, 564, 564, 564, 564, 564, 564, 564, 564, 564, 564, 564, 564]"
0_77_460,"[5, 240, 787, 787, 787, 787, 787, 787, 787, 787, 787, 787, 787, 787, 787, 787, 787, 787, 787, 787]",[0],[77],"[0, 1, 2, 3, 4, 5, 6, 7, 8, 9, 10, 11, 14, 15, 20, 21, 22, 23]","[5, 240, 787, 787, 787, 787, 787, 787, 787, 787, 787, 787, 787, 787, 787, 787, 787, 787, 787, 787]","[5, 240, 787, 787, 787, 787, 787, 787, 787, 787, 787, 787, 787, 787, 787, 787, 787, 787, 787, 787]"
0_46_461,"[7, 135, 228, 264, 280, 330, 390, 471, 471, 496, 510, 510, 641, 641, 678, 678, 678, 678, 719, 725]",[0],[46],"[0, 1, 2, 3, 4, 5, 6, 7, 8, 10, 11, 12, 13, 14, 21, 22, 23]","[7, 135, 228, 264, 280, 330, 390, 471, 471, 496, 510, 510, 641, 641, 678, 678, 678, 678, 719, 725]","[7, 135, 228, 264, 280, 330, 390, 471, 471, 496, 510, 510, 641, 641, 678, 678, 678, 678, 719, 725]"
39_5_462,"[1040, 1248, 1248, 1248, 1248, 1248, 1248, 1248, 1248, 1248, 1248, 1248, 1248, 1248, 1248, 1248, 1248, 1248, 1248, 1248]",[39],[5],"[2, 4, 5, 6, 7, 8, 9, 10, 22, 23]","[1040, 1248, 1248, 1248, 1248, 1248, 1248, 1248, 1248, 1248, 1248, 1248, 1248, 1248, 1248, 1248, 1248, 1248, 1248, 1248]","[1040, 1248, 1248, 1248, 1248, 1248, 1248, 1248, 1248, 1248, 1248, 1248, 1248, 1248, 1248, 1248, 1248, 1248, 1248, 1248]"
4_56_463,"[5, 144, 144, 144, 144, 144, 144, 144, 144, 144, 144, 144, 144, 144, 144, 144, 169, 205, 348, 348]",[4],[56],"[3, 4, 5, 6, 8, 9, 10, 11, 12, 13, 14, 15, 22, 23]","[5, 144, 144, 144, 144, 144, 144, 144, 144, 144, 144, 144, 144, 144, 144, 144, 169, 205, 348, 348]","[5, 144, 144, 144, 144, 144, 144, 144, 144, 144, 144, 144, 144, 144, 144, 144, 169, 205, 348, 348]"
4_48_464,"[5, 5, 5, 5, 5, 5, 5, 5, 5, 5, 5, 5, 5, 5, 5, 5, 5, 5, 5, 5]",[4],[48],"[0, 1, 3, 4, 5, 6, 7, 9, 10, 11, 15, 22, 23]","[5, 5, 5, 5, 5, 5, 5, 5, 5, 5, 5, 5, 5, 5, 5, 5, 5, 5, 5, 5]","[5, 5, 5, 5, 5, 5, 5, 5, 5, 5, 5, 5, 5, 5, 5, 5, 5, 5, 5, 5]"
4_46_465,"[75, 75, 88, 136, 136, 179, 179, 227, 248, 248, 382, 487, 658, 658, 658, 718, 765, 765, 765, 843]",[4],[46],"[0, 1, 2, 3, 4, 5, 6, 7, 8, 9, 10, 11, 12, 14, 15, 23]","[75, 75, 88, 136, 136, 179, 179, 227, 248, 248, 382, 487, 658, 658, 658, 718, 765, 765, 765, 843]","[75, 75, 88, 136, 136, 179, 179, 227, 248, 248, 382, 487, 658, 658, 658, 718, 765, 765, 765, 843]"
4_45_466,"[29, 61, 227, 393, 494, 627, 627, 627, 627, 630, 664, 664, 664, 1086, 1142, 1283, 1283, 1319, 1347, 1347]",[4],[45],"[0, 1, 2, 3, 4, 5, 6, 7, 8, 9, 10, 11, 12, 13, 14, 20, 22, 23]","[29, 61, 227, 393, 494, 627, 627, 627, 627, 630, 664, 664, 664, 1086, 1142, 1283, 1283, 1319, 1347, 1347]","[29, 61, 227, 393, 494, 627, 627, 627, 627, 630, 664, 664, 664, 1086, 1142, 1283, 1283, 1319, 1347, 1347]"
4_48_467,"[51, 867, 910, 910, 1578, 1613, 1920, 1920, 1920, 1920, 1920, 1920, 1920, 1920, 1920, 1920, 1920, 1920, 1920, 1920]",[4],[48],"[0, 2, 3, 4, 5, 7, 8, 9, 10, 11, 12, 13, 14, 22, 23]","[51, 867, 910, 910, 1578, 1613, 1920, 1920, 1920, 1920, 1920, 1920, 1920, 1920, 1920, 1920, 1920, 1920, 1920, 1920]","[51, 867, 910, 910, 1578, 1613, 1920, 1920, 1920, 1920, 1920, 1920, 1920, 1920, 1920, 1920, 1920, 1920, 1920, 1920]"
24_39_468,"[124, 175, 200, 229, 541, 707, 707, 707, 707, 707, 707, 707, 707, 707, 707, 707, 707, 707, 707, 707]",[24],[39],"[0, 1, 2, 3, 4, 5, 6, 7, 8, 9, 10, 12, 22, 23]","[124, 175, 200, 229, 541, 707, 707, 707, 707, 707, 707, 707, 707, 707, 707, 707, 707, 707, 707, 707]","[124, 175, 200, 229, 541, 707, 707, 707, 707, 707, 707, 707, 707, 707, 707, 707, 707, 707, 707, 707]"
0_57_469,"[38, 218, 661, 1710, 1710, 1710, 1710, 1710, 1710, 1710, 1710, 1710, 1710, 1710, 1710, 1710, 1710, 1710, 1710, 1710]",[0],[57],"[0, 5, 9, 10, 11, 12, 13, 14, 23]","[38, 218, 661, 1710, 1710, 1710, 1710, 1710, 1710, 1710, 1710, 1710, 1710, 1710, 1710, 1710, 1710, 1710, 1710, 1710]","[38, 218, 661, 1710, 1710, 1710, 1710, 1710, 1710, 1710, 1710, 1710, 1710, 1710, 1710, 1710, 1710, 1710, 1710, 1710]"
32_45_470,"[130, 187, 446, 446, 515, 515, 515, 515, 515, 515, 515, 515, 515, 515, 515, 515, 515, 515, 515, 515]",[32],[45],"[0, 2, 3, 4, 5, 6, 7, 11, 20, 21, 22, 23]","[130, 187, 446, 446, 515, 515, 515, 515, 515, 515, 515, 515, 515, 515, 515, 515, 515, 515, 515, 515]","[130, 187, 446, 446, 515, 515, 515, 515, 515, 515, 515, 515, 515, 515, 515, 515, 515, 515, 515, 515]"
24_45_471,"[59, 85, 162, 216, 268, 429, 446, 446, 446, 477, 529, 529, 551, 562, 566, 651, 665, 788, 807, 813]",[24],[45],"[0, 1, 2, 3, 4, 5, 6, 7, 8, 9, 21, 22, 23]","[59, 85, 162, 216, 268, 429, 446, 446, 446, 477, 529, 529, 551, 562, 566, 651, 665, 788, 807, 813]","[59, 85, 162, 216, 268, 429, 446, 446, 446, 477, 529, 529, 551, 562, 566, 651, 665, 788, 807, 813]"
4_36_472,"[29, 29, 53, 67, 119, 129, 138, 202, 202, 246, 246, 260, 260, 260, 260, 260, 260, 260, 268, 286]",[4],[36],"[0, 2, 3, 4, 5, 6, 7, 8, 10, 11, 12, 13, 14, 15, 19, 20, 21, 22, 23]","[29, 29, 53, 67, 119, 129, 138, 202, 202, 246, 246, 260, 260, 260, 260, 260, 260, 260, 268, 286]","[29, 29, 53, 67, 119, 129, 138, 202, 202, 246, 246, 260, 260, 260, 260, 260, 260, 260, 268, 286]"
2_45_473,"[6, 10, 118, 118, 118, 128, 294, 296, 344, 364, 455, 460, 493, 498, 507, 562, 587, 610, 709, 952]",[2],[45],"[1, 2, 3, 4, 5, 6, 7, 8, 9, 10, 11]","[6, 10, 118, 118, 118, 128, 294, 296, 344, 364, 455, 460, 493, 498, 507, 562, 587, 610, 709, 952]","[6, 10, 118, 118, 118, 128, 294, 296, 344, 364, 455, 460, 493, 498, 507, 562, 587, 610, 709, 952]"
41_26_474,"[52, 462, 1024, 1024, 1024, 1024, 1024, 1024, 1024, 1024, 1186, 1186, 1186, 1186, 1186, 1186, 1186, 1186, 1186, 1186]",[41],[26],"[0, 1, 5, 6, 7, 8, 9, 10, 11, 12, 13, 22, 23]","[52, 462, 1024, 1024, 1024, 1024, 1024, 1024, 1024, 1024, 1186, 1186, 1186, 1186, 1186, 1186, 1186, 1186, 1186, 1186]","[52, 462, 1024, 1024, 1024, 1024, 1024, 1024, 1024, 1024, 1186, 1186, 1186, 1186, 1186, 1186, 1186, 1186, 1186, 1186]"
0_44_475,"[16, 361, 361, 361, 361, 361, 361, 361, 361, 361, 361, 361, 361, 361, 361, 361, 361, 361, 361, 361]",[0],[44],"[0, 1, 2, 3, 4, 6, 7, 8, 9, 10, 11, 12, 13, 14, 15, 22]","[16, 361, 361, 361, 361, 361, 361, 361, 361, 361, 361, 361, 361, 361, 361, 361, 361, 361, 361, 361]","[16, 361, 361, 361, 361, 361, 361, 361, 361, 361, 361, 361, 361, 361, 361, 361, 361, 361, 361, 361]"
4_46_476,"[27, 29, 29, 104, 104, 104, 205, 282, 292, 292, 292, 292, 315, 337, 365, 421, 421, 421, 555, 564]",[4],[46],"[0, 1, 2, 3, 4, 5, 6, 7, 8, 9, 10, 11, 12, 13, 15, 22, 23]","[27, 29, 29, 104, 104, 104, 205, 282, 292, 292, 292, 292, 315, 337, 365, 421, 421, 421, 555, 564]","[27, 29, 29, 104, 104, 104, 205, 282, 292, 292, 292, 292, 315, 337, 365, 421, 421, 421, 555, 564]"
22_14_477,"[18, 157, 233, 322, 322, 322, 322, 322, 492, 518, 564, 669, 688, 688, 814, 835, 835, 835, 835, 835]",[22],[14],"[1, 2, 3, 4, 5, 6, 7, 8, 9, 11]","[18, 157, 233, 322, 322, 322, 322, 322, 492, 518, 564, 669, 688, 688, 814, 835, 835, 835, 835, 835]","[18, 157, 233, 322, 322, 322, 322, 322, 492, 518, 564, 669, 688, 688, 814, 835, 835, 835, 835, 835]"
37_57_478,"[21, 21, 21, 21, 218, 321, 530, 530, 530, 530, 530, 530, 598, 598, 604, 630, 630, 641, 641, 641]",[37],[57],"[1, 2, 3, 4, 5, 6, 7, 8, 9, 10, 11, 12]","[21, 21, 21, 21, 218, 321, 530, 530, 530, 530, 530, 530, 598, 598, 604, 630, 630, 641, 641, 641]","[21, 21, 21, 21, 218, 321, 530, 530, 530, 530, 530, 530, 598, 598, 604, 630, 630, 641, 641, 641]"
4_46_479,"[41, 47, 67, 148, 159, 172, 235, 275, 292, 344, 488, 499, 502, 570, 578, 580, 580, 583, 586, 626]",[4],[46],"[1, 2, 4, 5, 6, 7, 8, 9, 10, 11, 12, 13, 14]","[41, 47, 67, 148, 159, 172, 235, 275, 292, 344, 488, 499, 502, 570, 578, 580, 580, 583, 586, 626]","[41, 47, 67, 148, 159, 172, 235, 275, 292, 344, 488, 499, 502, 570, 578, 580, 580, 583, 586, 626]"
4_54_480,"[41, 86, 235, 235, 263, 349, 517, 598, 681, 694, 694, 694, 694, 694, 694, 727, 1530, 1530, 1530, 1592]",[4],[54],"[0, 1, 2, 3, 4, 5, 8, 9, 10, 11, 12, 13, 14, 16, 22, 23]","[41, 86, 235, 235, 263, 349, 517, 598, 681, 694, 694, 694, 694, 694, 694, 727, 1530, 1530, 1530, 1592]","[41, 86, 235, 235, 263, 349, 517, 598, 681, 694, 694, 694, 694, 694, 694, 727, 1530, 1530, 1530, 1592]"
24_39_481,"[83, 161, 161, 229, 359, 418, 418, 418, 455, 549, 836, 903, 1008, 1088, 1097, 1116, 1185, 1185, 1228, 1263]",[24],[39],"[0, 1, 2, 3, 4, 6, 8, 9, 10, 18, 20, 22, 23]","[83, 161, 161, 229, 359, 418, 418, 418, 455, 549, 836, 903, 1008, 1088, 1097, 1116, 1185, 1185, 1228, 1263]","[83, 161, 161, 229, 359, 418, 418, 418, 455, 549, 836, 903, 1008, 1088, 1097, 1116, 1185, 1185, 1228, 1263]"
0_73_482,"[4, 4, 4, 4, 4, 4, 4, 4, 4, 4, 4, 22, 22, 22, 22, 22, 22, 65, 74, 88]",[0],[73],"[0, 1, 2, 3, 4, 5, 6, 7, 8, 9, 10, 11, 12, 13, 14, 15, 16, 23]","[4, 4, 4, 4, 4, 4, 4, 4, 4, 4, 4, 22, 22, 22, 22, 22, 22, 65, 74, 88]","[4, 4, 4, 4, 4, 4, 4, 4, 4, 4, 4, 22, 22, 22, 22, 22, 22, 65, 74, 88]"
42_33_483,"[105, 887, 887, 887, 887, 887, 887, 887, 887, 887, 887, 887, 887, 887, 887, 887, 887, 887, 887, 887]",[42],[33],"[2, 3, 4, 5, 7, 10, 11, 12, 13, 14, 15, 21, 22]","[105, 887, 887, 887, 887, 887, 887, 887, 887, 887, 887, 887, 887, 887, 887, 887, 887, 887, 887, 887]","[105, 887, 887, 887, 887, 887, 887, 887, 887, 887, 887, 887, 887, 887, 887, 887, 887, 887, 887, 887]"
4_36_484,"[53, 74, 102, 131, 131, 260, 282, 282, 323, 323, 323, 323, 323, 323, 323, 323, 323, 323, 323, 323]",[4],[36],"[1, 2, 3, 4, 6, 8, 9, 10, 11, 12, 13, 23]","[53, 74, 102, 131, 131, 260, 282, 282, 323, 323, 323, 323, 323, 323, 323, 323, 323, 323, 323, 323]","[53, 74, 102, 131, 131, 260, 282, 282, 323, 323, 323, 323, 323, 323, 323, 323, 323, 323, 323, 323]"
0_43_485,"[29, 29, 29, 29, 29, 500, 510, 510, 510, 510, 510, 510, 510, 510, 510, 510, 510, 510, 510, 510]",[0],[43],"[0, 1, 2, 3, 4, 5, 6, 7, 8, 9, 10, 11, 12, 13, 14, 21, 22, 23]","[29, 29, 29, 29, 29, 500, 510, 510, 510, 510, 510, 510, 510, 510, 510, 510, 510, 510, 510, 510]","[29, 29, 29, 29, 29, 500, 510, 510, 510, 510, 510, 510, 510, 510, 510, 510, 510, 510, 510, 510]"
0_47_486,"[158, 158, 158, 158, 158, 158, 158, 235, 733, 776, 776, 776, 776, 776, 776, 776, 776, 898, 1493, 1576]",[0],[47],"[0, 2, 3, 5, 7, 9, 10, 11, 12, 13, 14, 22, 23]","[158, 158, 158, 158, 158, 158, 158, 235, 733, 776, 776, 776, 776, 776, 776, 776, 776, 898, 1493, 1576]","[158, 158, 158, 158, 158, 158, 158, 235, 733, 776, 776, 776, 776, 776, 776, 776, 776, 898, 1493, 1576]"
12_55_487,"[73, 81, 261, 280, 283, 283, 283, 283, 310, 392, 467, 499, 529, 541, 559, 559, 559, 559, 567, 614]",[12],[55],"[1, 2, 3, 4, 5, 6, 7, 8, 9, 10, 11, 22]","[73, 81, 261, 280, 283, 283, 283, 283, 310, 392, 467, 499, 529, 541, 559, 559, 559, 559, 567, 614]","[73, 81, 261, 280, 283, 283, 283, 283, 310, 392, 467, 499, 529, 541, 559, 559, 559, 559, 567, 614]"
4_46_488,"[86, 86, 86, 86, 86, 86, 86, 86, 86, 86, 86, 86, 86, 86, 86, 86, 86, 86, 86, 86]",[4],[46],"[0, 3, 5, 6, 8, 9, 10, 11, 13, 14, 15, 16, 23]","[86, 86, 86, 86, 86, 86, 86, 86, 86, 86, 86, 86, 86, 86, 86, 86, 86, 86, 86, 86]","[86, 86, 86, 86, 86, 86, 86, 86, 86, 86, 86, 86, 86, 86, 86, 86, 86, 86, 86, 86]"
0_63_489,"[383, 383, 383, 383, 383, 458, 458, 475, 475, 583, 1251, 1251, 1251, 1251, 1251, 1251, 1251, 1251, 1251, 1251]",[0],[63],"[0, 1, 2, 3, 4, 5, 6, 7, 8, 9, 10, 11, 12, 13, 14, 15, 20, 23]","[383, 383, 383, 383, 383, 458, 458, 475, 475, 583, 1251, 1251, 1251, 1251, 1251, 1251, 1251, 1251, 1251, 1251]","[383, 383, 383, 383, 383, 458, 458, 475, 475, 583, 1251, 1251, 1251, 1251, 1251, 1251, 1251, 1251, 1251, 1251]"
24_39_490,"[67, 175, 326, 336, 707, 707, 707, 707, 707, 707, 707, 707, 707, 707, 707, 707, 707, 707, 707, 707]",[24],[39],"[0, 1, 4, 5, 6, 7, 8, 9, 10, 11, 12, 22, 23]","[67, 175, 326, 336, 707, 707, 707, 707, 707, 707, 707, 707, 707, 707, 707, 707, 707, 707, 707, 707]","[67, 175, 326, 336, 707, 707, 707, 707, 707, 707, 707, 707, 707, 707, 707, 707, 707, 707, 707, 707]"
8_54_491,"[1612, 1612, 1612, 1612, 1612, 1612, 1612, 1612, 1612, 1612, 1612, 1612, 1612, 1612, 1612, 1612, 1612, 1612, 1612, 1612]",[8],[54],"[5, 7, 9, 10, 11, 12, 13, 15]","[1612, 1612, 1612, 1612, 1612, 1612, 1612, 1612, 1612, 1612, 1612, 1612, 1612, 1612, 1612, 1612, 1612, 1612, 1612, 1612]","[1612, 1612, 1612, 1612, 1612, 1612, 1612, 1612, 1612, 1612, 1612, 1612, 1612, 1612, 1612, 1612, 1612, 1612, 1612, 1612]"
4_56_492,"[415, 468, 512, 757, 1149, 1149, 1149, 1149, 1149, 1149, 1149, 1149, 1149, 1149, 1149, 1149, 1149, 1149, 1149, 1149]",[4],[56],"[0, 1, 2, 3, 4, 5, 6, 7, 8, 9, 10, 23]","[415, 468, 512, 757, 1149, 1149, 1149, 1149, 1149, 1149, 1149, 1149, 1149, 1149, 1149, 1149, 1149, 1149, 1149, 1149]","[415, 468, 512, 757, 1149, 1149, 1149, 1149, 1149, 1149, 1149, 1149, 1149, 1149, 1149, 1149, 1149, 1149, 1149, 1149]"
14_57_493,"[14, 14, 21, 51, 143, 143, 239, 517, 753, 760, 786, 786, 786, 786, 786, 786, 812, 940, 1128, 1284]",[14],[57],"[0, 2, 3, 4, 5, 6, 7, 8, 9, 10, 11, 12, 13]","[14, 14, 21, 51, 143, 143, 239, 517, 753, 760, 786, 786, 786, 786, 786, 786, 812, 940, 1128, 1284]","[14, 14, 21, 51, 143, 143, 239, 517, 753, 760, 786, 786, 786, 786, 786, 786, 812, 940, 1128, 1284]"
4_54_494,"[41, 41, 41, 41, 41, 86, 283, 283, 283, 283, 283, 283, 323, 323, 323, 323, 323, 323, 323, 323]",[4],[54],"[0, 1, 5, 6, 9, 10, 11, 12, 13, 14, 20, 21, 22, 23]","[41, 41, 41, 41, 41, 86, 283, 283, 283, 283, 283, 283, 323, 323, 323, 323, 323, 323, 323, 323]","[41, 41, 41, 41, 41, 86, 283, 283, 283, 283, 283, 283, 323, 323, 323, 323, 323, 323, 323, 323]"
6_57_495,"[84, 84, 84, 84, 231, 280, 280, 280, 280, 280, 280, 280, 476, 529, 632, 632, 838, 852, 939, 994]",[6],[57],"[2, 3, 4, 5, 6, 7, 8, 9, 10, 11, 12, 13]","[84, 84, 84, 84, 231, 280, 280, 280, 280, 280, 280, 280, 476, 529, 632, 632, 838, 852, 939, 994]","[84, 84, 84, 84, 231, 280, 280, 280, 280, 280, 280, 280, 476, 529, 632, 632, 838, 852, 939, 994]"
0_26_496,"[163, 163, 163, 163, 163, 163, 163, 163, 163, 163, 163, 163, 163, 163, 163, 163, 163, 163, 163, 163]",[0],[26],"[0, 1, 3, 4, 5, 6, 7, 8, 9, 10, 12, 22, 23]","[163, 163, 163, 163, 163, 163, 163, 163, 163, 163, 163, 163, 163, 163, 163, 163, 163, 163, 163, 163]","[163, 163, 163, 163, 163, 163, 163, 163, 163, 163, 163, 163, 163, 163, 163, 163, 163, 163, 163, 163]"
4_45_497,"[34, 94, 99, 128, 172, 247, 247, 364, 544, 544, 544, 544, 544, 544, 544, 544, 544, 544, 590, 594]",[4],[45],"[0, 1, 3, 4, 5, 6, 7, 8, 9, 10, 11, 12, 13, 15, 23]","[34, 94, 99, 128, 172, 247, 247, 364, 544, 544, 544, 544, 544, 544, 544, 544, 544, 544, 590, 594]","[34, 94, 99, 128, 172, 247, 247, 364, 544, 544, 544, 544, 544, 544, 544, 544, 544, 544, 590, 594]"
0_64_498,"[154, 160, 330, 330, 330, 330, 330, 330, 330, 330, 330, 330, 330, 330, 338, 873, 873, 1133, 1133, 1145]",[0],[64],"[0, 1, 3, 6, 7, 8, 9, 10, 11, 12, 13, 14, 20, 21, 22, 23]","[154, 160, 330, 330, 330, 330, 330, 330, 330, 330, 330, 330, 330, 330, 338, 873, 873, 1133, 1133, 1145]","[154, 160, 330, 330, 330, 330, 330, 330, 330, 330, 330, 330, 330, 330, 338, 873, 873, 1133, 1133, 1145]"
0_32_499,"[273, 927, 927, 927, 927, 927, 927, 927, 927, 927, 927, 927, 927, 927, 927, 927, 927, 927, 927, 927]",[0],[32],"[0, 1, 3, 4, 6, 7, 8, 9, 10, 11, 13, 14, 16, 23]","[273, 927, 927, 927, 927, 927, 927, 927, 927, 927, 927, 927, 927, 927, 927, 927, 927, 927, 927, 927]","[273, 927, 927, 927, 927, 927, 927, 927, 927, 927, 927, 927, 927, 927, 927, 927, 927, 927, 927, 927]"
0_73_500,"[32, 88, 88, 223, 223, 223, 223, 223, 223, 223, 223, 223, 223, 223, 223, 223, 223, 223, 223, 223]",[0],[73],"[0, 1, 3, 4, 6, 7, 8, 9, 10, 11, 12, 13, 20, 22, 23]","[32, 88, 88, 223, 223, 223, 223, 223, 223, 223, 223, 223, 223, 223, 223, 223, 223, 223, 223, 223]","[32, 88, 88, 223, 223, 223, 223, 223, 223, 223, 223, 223, 223, 223, 223, 223, 223, 223, 223, 223]"
4_47_501,"[6, 6, 6, 6, 36, 329, 429, 469, 469, 469, 469, 469, 469, 469, 469, 469, 681, 705, 705, 705]",[4],[47],"[0, 1, 2, 3, 4, 6, 7, 8, 9, 10, 11, 13, 23]","[6, 6, 6, 6, 36, 329, 429, 469, 469, 469, 469, 469, 469, 469, 469, 469, 681, 705, 705, 705]","[6, 6, 6, 6, 36, 329, 429, 469, 469, 469, 469, 469, 469, 469, 469, 469, 681, 705, 705, 705]"
0_26_502,"[226, 235, 406, 562, 564, 564, 564, 564, 564, 564, 564, 564, 564, 564, 564, 564, 564, 564, 564, 564]",[0],[26],"[0, 1, 2, 3, 4, 5, 7, 8, 9, 10, 11, 12, 13, 14, 22, 23]","[226, 235, 406, 562, 564, 564, 564, 564, 564, 564, 564, 564, 564, 564, 564, 564, 564, 564, 564, 564]","[226, 235, 406, 562, 564, 564, 564, 564, 564, 564, 564, 564, 564, 564, 564, 564, 564, 564, 564, 564]"
4_58_503,"[336, 893, 1347, 1347, 1347, 1347, 1347, 1347, 1347, 1347, 1347, 1347, 1347, 1347, 1347, 1347, 1347, 1347, 1347, 1347]",[4],[58],"[1, 3, 4, 6, 7, 8, 9, 10, 11, 12, 22, 23]","[336, 893, 1347, 1347, 1347, 1347, 1347, 1347, 1347, 1347, 1347, 1347, 1347, 1347, 1347, 1347, 1347, 1347, 1347, 1347]","[336, 893, 1347, 1347, 1347, 1347, 1347, 1347, 1347, 1347, 1347, 1347, 1347, 1347, 1347, 1347, 1347, 1347, 1347, 1347]"
6_57_504,"[170, 213, 213, 226, 285, 285, 476, 632, 632, 632, 692, 692, 743, 761, 761, 761, 761, 761, 822, 838]",[6],[57],"[1, 2, 4, 5, 6, 7, 8, 9, 10, 11, 13]","[170, 213, 213, 226, 285, 285, 476, 632, 632, 632, 692, 692, 743, 761, 761, 761, 761, 761, 822, 838]","[170, 213, 213, 226, 285, 285, 476, 632, 632, 632, 692, 692, 743, 761, 761, 761, 761, 761, 822, 838]"
4_57_505,"[207, 383, 578, 627, 638, 909, 909, 909, 909, 909, 909, 909, 909, 909, 909, 909, 1082, 1103, 1135, 1554]",[4],[57],"[0, 2, 3, 4, 5, 6, 9, 10, 11, 12, 13, 14, 21, 23]","[207, 383, 578, 627, 638, 909, 909, 909, 909, 909, 909, 909, 909, 909, 909, 909, 1082, 1103, 1135, 1554]","[207, 383, 578, 627, 638, 909, 909, 909, 909, 909, 909, 909, 909, 909, 909, 909, 1082, 1103, 1135, 1554]"
39_55_506,"[30, 31, 41, 86, 283, 437, 485, 491, 548, 730, 730, 730, 730, 730, 730, 730, 785, 785, 785, 854]",[39],[55],"[0, 2, 3, 4, 5, 6, 7, 8, 9, 10, 11, 12, 13, 14, 15, 20, 21, 22, 23]","[30, 31, 41, 86, 283, 437, 485, 491, 548, 730, 730, 730, 730, 730, 730, 730, 785, 785, 785, 854]","[30, 31, 41, 86, 283, 437, 485, 491, 548, 730, 730, 730, 730, 730, 730, 730, 785, 785, 785, 854]"
9_65_507,"[22, 22, 22, 36, 48, 48, 92, 95, 107, 137, 201, 223, 252, 325, 491, 544, 575, 666, 666, 809]",[9],[65],"[1, 2, 3, 4, 5, 6, 7, 8, 9, 10, 11, 12]","[22, 22, 22, 36, 48, 48, 92, 95, 107, 137, 201, 223, 252, 325, 491, 544, 575, 666, 666, 809]","[22, 22, 22, 36, 48, 48, 92, 95, 107, 137, 201, 223, 252, 325, 491, 544, 575, 666, 666, 809]"
9_65_508,"[21, 45, 45, 45, 45, 45, 231, 255, 341, 395, 544, 550, 555, 555, 555, 555, 555, 555, 555, 555]",[9],[65],"[1, 2, 3, 4, 5, 6, 7, 8, 9, 10, 11, 12, 13]","[21, 45, 45, 45, 45, 45, 231, 255, 341, 395, 544, 550, 555, 555, 555, 555, 555, 555, 555, 555]","[21, 45, 45, 45, 45, 45, 231, 255, 341, 395, 544, 550, 555, 555, 555, 555, 555, 555, 555, 555]"
11_82_509,"[863, 863, 863, 863, 863, 863, 863, 863, 863, 863, 863, 863, 863, 863, 863, 863, 863, 863, 863, 863]",[11],[82],"[0, 5, 6, 7, 8, 9, 10, 11, 23]","[863, 863, 863, 863, 863, 863, 863, 863, 863, 863, 863, 863, 863, 863, 863, 863, 863, 863, 863, 863]","[863, 863, 863, 863, 863, 863, 863, 863, 863, 863, 863, 863, 863, 863, 863, 863, 863, 863, 863, 863]"
1_45_510,"[101, 109, 109, 180, 346, 553, 746, 880, 880, 912, 938, 939, 1078, 1094, 1349, 1349, 1355, 1355, 1436, 1438]",[1],[45],"[0, 2, 3, 4, 5, 6, 7, 8, 9, 10, 11, 12, 13]","[101, 109, 109, 180, 346, 553, 746, 880, 880, 912, 938, 939, 1078, 1094, 1349, 1349, 1355, 1355, 1436, 1438]","[101, 109, 109, 180, 346, 553, 746, 880, 880, 912, 938, 939, 1078, 1094, 1349, 1349, 1355, 1355, 1436, 1438]"
11_45_511,"[59, 67, 71, 312, 312, 459, 662, 667, 711, 1140, 1140, 1140, 1140, 1254, 1254, 1254, 1254, 1254, 1254, 1254]",[11],[45],"[0, 1, 2, 3, 4, 5, 6, 7, 8, 9, 10, 11, 20, 23]","[59, 67, 71, 312, 312, 459, 662, 667, 711, 1140, 1140, 1140, 1140, 1254, 1254, 1254, 1254, 1254, 1254, 1254]","[59, 67, 71, 312, 312, 459, 662, 667, 711, 1140, 1140, 1140, 1140, 1254, 1254, 1254, 1254, 1254, 1254, 1254]"
21_26_512,"[131, 234, 337, 337, 337, 337, 337, 337, 337, 337, 337, 337, 337, 337, 337, 337, 337, 337, 445, 543]",[21],[26],"[0, 2, 3, 4, 5, 7, 9, 22, 23]","[131, 234, 337, 337, 337, 337, 337, 337, 337, 337, 337, 337, 337, 337, 337, 337, 337, 337, 445, 543]","[131, 234, 337, 337, 337, 337, 337, 337, 337, 337, 337, 337, 337, 337, 337, 337, 337, 337, 445, 543]"
0_78_513,"[147, 147, 147, 150, 150, 351, 445, 445, 491, 773, 787, 869, 869, 886, 1039, 1224, 1281, 1301, 1409, 1417]",[0],[78],"[0, 1, 3, 4, 5, 6, 7, 8, 9, 10, 11, 12, 13, 14, 23]","[147, 147, 147, 150, 150, 351, 445, 445, 491, 773, 787, 869, 869, 886, 1039, 1224, 1281, 1301, 1409, 1417]","[147, 147, 147, 150, 150, 351, 445, 445, 491, 773, 787, 869, 869, 886, 1039, 1224, 1281, 1301, 1409, 1417]"
6_65_514,"[45, 126, 126, 126, 143, 632, 722, 852, 857, 910, 910, 910, 910, 910, 910, 910, 910, 910, 910, 910]",[6],[65],"[1, 2, 4, 5, 6, 7, 8, 9, 10, 11, 12, 13, 14]","[45, 126, 126, 126, 143, 632, 722, 852, 857, 910, 910, 910, 910, 910, 910, 910, 910, 910, 910, 910]","[45, 126, 126, 126, 143, 632, 722, 852, 857, 910, 910, 910, 910, 910, 910, 910, 910, 910, 910, 910]"
28_55_515,"[23, 23, 23, 130, 223, 279, 286, 303, 360, 382, 382, 407, 410, 410, 481, 498, 554, 631, 683, 722]",[28],[55],"[0, 2, 3, 4, 5, 6, 7, 8, 9, 10, 11, 12]","[23, 23, 23, 130, 223, 279, 286, 303, 360, 382, 382, 407, 410, 410, 481, 498, 554, 631, 683, 722]","[23, 23, 23, 130, 223, 279, 286, 303, 360, 382, 382, 407, 410, 410, 481, 498, 554, 631, 683, 722]"
11_56_516,"[354, 509, 509, 509, 509, 509, 509, 509, 509, 509, 509, 509, 509, 509, 509, 509, 509, 782, 782, 1300]",[11],[56],"[0, 2, 3, 4, 5, 6, 7, 8, 9, 12, 13, 23]","[354, 509, 509, 509, 509, 509, 509, 509, 509, 509, 509, 509, 509, 509, 509, 509, 509, 782, 782, 1300]","[354, 509, 509, 509, 509, 509, 509, 509, 509, 509, 509, 509, 509, 509, 509, 509, 509, 782, 782, 1300]"
10_37_517,"[20, 54, 83, 107, 228, 344, 347, 395, 406, 427, 479, 500, 505, 505, 505, 505, 505, 506, 561, 623]",[10],[37],"[0, 1, 3, 4, 5, 6, 7, 8, 9, 10, 11, 12, 13, 23]","[20, 54, 83, 107, 228, 344, 347, 395, 406, 427, 479, 500, 505, 505, 505, 505, 505, 506, 561, 623]","[20, 54, 83, 107, 228, 344, 347, 395, 406, 427, 479, 500, 505, 505, 505, 505, 505, 506, 561, 623]"
25_45_518,"[86, 86, 197, 470, 475, 477, 502, 502, 502, 548, 567, 604, 625, 702, 737, 740, 779, 823, 834, 1004]",[25],[45],"[1, 2, 3, 4, 5, 6, 7, 8, 9, 10, 14]","[86, 86, 197, 470, 475, 477, 502, 502, 502, 548, 567, 604, 625, 702, 737, 740, 779, 823, 834, 1004]","[86, 86, 197, 470, 475, 477, 502, 502, 502, 548, 567, 604, 625, 702, 737, 740, 779, 823, 834, 1004]"
40_45_519,"[29, 31, 107, 184, 229, 265, 344, 387, 464, 467, 493, 499, 499, 499, 499, 499, 575, 702, 741, 878]",[40],[45],"[0, 1, 2, 4, 5, 6, 7, 8, 9, 10, 11, 13, 23]","[29, 31, 107, 184, 229, 265, 344, 387, 464, 467, 493, 499, 499, 499, 499, 499, 575, 702, 741, 878]","[29, 31, 107, 184, 229, 265, 344, 387, 464, 467, 493, 499, 499, 499, 499, 499, 575, 702, 741, 878]"
0_5_520,"[1101, 1101, 1424, 1484, 1500, 1803, 1803, 1803, 1803, 1803, 1803, 1803, 1803, 1803, 1803, 1803, 1803, 1803, 1803, 1803]",[0],[5],"[1, 2, 3, 4, 6, 7, 8, 9, 10, 11, 12, 13, 22, 23]","[1101, 1101, 1424, 1484, 1500, 1803, 1803, 1803, 1803, 1803, 1803, 1803, 1803, 1803, 1803, 1803, 1803, 1803, 1803, 1803]","[1101, 1101, 1424, 1484, 1500, 1803, 1803, 1803, 1803, 1803, 1803, 1803, 1803, 1803, 1803, 1803, 1803, 1803, 1803, 1803]"
43_22_521,"[436, 436, 998, 998, 998, 998, 998, 998, 998, 998, 998, 998, 998, 998, 998, 998, 998, 998, 998, 998]",[43],[22],"[0, 1, 2, 3, 4, 5, 7, 8, 9, 10, 12, 13, 22, 23]","[436, 436, 998, 998, 998, 998, 998, 998, 998, 998, 998, 998, 998, 998, 998, 998, 998, 998, 998, 998]","[436, 436, 998, 998, 998, 998, 998, 998, 998, 998, 998, 998, 998, 998, 998, 998, 998, 998, 998, 998]"
1_65_522,"[30, 45, 48, 143, 209, 209, 252, 383, 395, 487, 488, 555, 607, 640, 735, 735, 746, 769, 771, 773]",[1],[65],"[1, 2, 3, 4, 5, 6, 7, 8, 9, 10, 11, 12]","[30, 45, 48, 143, 209, 209, 252, 383, 395, 487, 488, 555, 607, 640, 735, 735, 746, 769, 771, 773]","[30, 45, 48, 143, 209, 209, 252, 383, 395, 487, 488, 555, 607, 640, 735, 735, 746, 769, 771, 773]"
0_12_523,"[72, 72, 381, 465, 671, 720, 977, 1148, 1413, 1413, 1413, 1413, 1413, 1413, 1413, 1413, 1413, 1413, 1413, 1413]",[0],[12],"[1, 2, 3, 4, 5, 7, 8, 11, 12, 13, 14, 15, 17, 20, 22, 23]","[72, 72, 381, 465, 671, 720, 977, 1148, 1413, 1413, 1413, 1413, 1413, 1413, 1413, 1413, 1413, 1413, 1413, 1413]","[72, 72, 381, 465, 671, 720, 977, 1148, 1413, 1413, 1413, 1413, 1413, 1413, 1413, 1413, 1413, 1413, 1413, 1413]"
0_24_524,"[17, 65, 65, 122, 128, 131, 463, 486, 623, 623, 623, 623, 623, 623, 852, 993, 1040, 1040, 1102, 1103]",[0],[24],"[0, 1, 3, 4, 5, 6, 7, 8, 9, 10, 11, 12, 13, 14, 15, 21, 22, 23]","[17, 65, 65, 122, 128, 131, 463, 486, 623, 623, 623, 623, 623, 623, 852, 993, 1040, 1040, 1102, 1103]","[17, 65, 65, 122, 128, 131, 463, 486, 623, 623, 623, 623, 623, 623, 852, 993, 1040, 1040, 1102, 1103]"
4_35_525,"[14, 14, 23, 286, 310, 310, 310, 706, 706, 706, 706, 706, 706, 706, 706, 706, 706, 706, 706, 706]",[4],[35],"[0, 1, 2, 3, 4, 5, 6, 7, 8, 9, 10, 11, 12, 13, 14, 16, 22, 23]","[14, 14, 23, 286, 310, 310, 310, 706, 706, 706, 706, 706, 706, 706, 706, 706, 706, 706, 706, 706]","[14, 14, 23, 286, 310, 310, 310, 706, 706, 706, 706, 706, 706, 706, 706, 706, 706, 706, 706, 706]"
10_22_526,"[998, 998, 998, 998, 998, 998, 998, 998, 998, 998, 998, 998, 998, 998, 998, 998, 998, 998, 998, 998]",[10],[22],"[0, 3, 4, 5, 6, 8, 9, 10, 11, 12, 22, 23]","[998, 998, 998, 998, 998, 998, 998, 998, 998, 998, 998, 998, 998, 998, 998, 998, 998, 998, 998, 998]","[998, 998, 998, 998, 998, 998, 998, 998, 998, 998, 998, 998, 998, 998, 998, 998, 998, 998, 998, 998]"
4_55_527,"[35, 36, 64, 202, 358, 358, 568, 812, 1189, 1343, 1343, 1343, 1349, 1398, 1419, 1446, 1446, 1446, 1460, 1460]",[4],[55],"[0, 1, 2, 3, 4, 5, 6, 7, 8, 9, 10, 11, 12, 13]","[35, 36, 64, 202, 358, 358, 568, 812, 1189, 1343, 1343, 1343, 1349, 1398, 1419, 1446, 1446, 1446, 1460, 1460]","[35, 36, 64, 202, 358, 358, 568, 812, 1189, 1343, 1343, 1343, 1349, 1398, 1419, 1446, 1446, 1446, 1460, 1460]"
0_31_528,"[33, 182, 182, 182, 182, 182, 287, 346, 346, 430, 430, 430, 430, 430, 430, 430, 430, 473, 473, 532]",[0],[31],"[0, 1, 2, 3, 4, 5, 6, 7, 8, 9, 12, 13, 14, 20, 22, 23]","[33, 182, 182, 182, 182, 182, 287, 346, 346, 430, 430, 430, 430, 430, 430, 430, 430, 473, 473, 532]","[33, 182, 182, 182, 182, 182, 287, 346, 346, 430, 430, 430, 430, 430, 430, 430, 430, 473, 473, 532]"
4_57_529,"[59, 196, 251, 260, 487, 525, 525, 525, 525, 525, 547, 604, 604, 604, 712, 734, 779, 944, 944, 1037]",[4],[57],"[0, 1, 2, 3, 4, 5, 7, 8, 9, 10, 11, 12, 13, 14, 22, 23]","[59, 196, 251, 260, 487, 525, 525, 525, 525, 525, 547, 604, 604, 604, 712, 734, 779, 944, 944, 1037]","[59, 196, 251, 260, 487, 525, 525, 525, 525, 525, 547, 604, 604, 604, 712, 734, 779, 944, 944, 1037]"
0_25_530,"[157, 157, 157, 157, 157, 157, 157, 157, 157, 157, 157, 157, 157, 157, 157, 157, 157, 157, 157, 157]",[0],[25],"[0, 2, 6, 8, 9, 10, 11, 12, 13, 14, 22]","[157, 157, 157, 157, 157, 157, 157, 157, 157, 157, 157, 157, 157, 157, 157, 157, 157, 157, 157, 157]","[157, 157, 157, 157, 157, 157, 157, 157, 157, 157, 157, 157, 157, 157, 157, 157, 157, 157, 157, 157]"
13_66_531,"[220, 220, 220, 220, 220, 220, 220, 220, 220, 220, 220, 220, 220, 220, 220, 220, 220, 220, 220, 220]",[13],[66],"[8, 9, 10, 12, 14, 21]","[220, 220, 220, 220, 220, 220, 220, 220, 220, 220, 220, 220, 220, 220, 220, 220, 220, 220, 220, 220]","[220, 220, 220, 220, 220, 220, 220, 220, 220, 220, 220, 220, 220, 220, 220, 220, 220, 220, 220, 220]"
44_57_532,"[786, 1420, 1420, 1420, 1420, 1420, 1420, 1420, 1420, 1420, 1420, 1420, 1420, 1420, 1420, 1420, 1420, 1420, 1420, 1420]",[44],[57],"[3, 4, 5, 6, 8, 9, 10, 11, 12, 23]","[786, 1420, 1420, 1420, 1420, 1420, 1420, 1420, 1420, 1420, 1420, 1420, 1420, 1420, 1420, 1420, 1420, 1420, 1420, 1420]","[786, 1420, 1420, 1420, 1420, 1420, 1420, 1420, 1420, 1420, 1420, 1420, 1420, 1420, 1420, 1420, 1420, 1420, 1420, 1420]"
14_28_533,"[74, 74, 112, 197, 324, 332, 390, 458, 462, 468, 524, 583, 583, 583, 612, 612, 639, 691, 771, 780]",[14],[28],"[0, 2, 3, 5, 6, 7, 8, 9, 11, 12, 13, 14, 15, 16, 17, 18, 20, 21, 23]","[74, 74, 112, 197, 324, 332, 390, 458, 462, 468, 524, 583, 583, 583, 612, 612, 639, 691, 771, 780]","[74, 74, 112, 197, 324, 332, 390, 458, 462, 468, 524, 583, 583, 583, 612, 612, 639, 691, 771, 780]"
4_56_534,"[12, 306, 306, 306, 306, 306, 306, 306, 306, 306, 306, 306, 391, 779, 1236, 1347, 1347, 1347, 1347, 1347]",[4],[56],"[0, 2, 3, 4, 5, 6, 7, 9, 10, 11, 12, 13, 14, 15, 20, 23]","[12, 306, 306, 306, 306, 306, 306, 306, 306, 306, 306, 306, 391, 779, 1236, 1347, 1347, 1347, 1347, 1347]","[12, 306, 306, 306, 306, 306, 306, 306, 306, 306, 306, 306, 391, 779, 1236, 1347, 1347, 1347, 1347, 1347]"
2_46_535,"[42, 42, 42, 42, 42, 42, 42, 42, 42, 42, 42, 42, 42, 42, 42, 42, 42, 42, 42, 42]",[2],[46],"[2, 3, 4, 6, 9, 12, 13, 14, 22, 23]","[42, 42, 42, 42, 42, 42, 42, 42, 42, 42, 42, 42, 42, 42, 42, 42, 42, 42, 42, 42]","[42, 42, 42, 42, 42, 42, 42, 42, 42, 42, 42, 42, 42, 42, 42, 42, 42, 42, 42, 42]"
0_63_536,"[22, 30, 76, 76, 76, 138, 146, 146, 160, 338, 338, 349, 354, 388, 431, 431, 431, 475, 526, 809]",[0],[63],"[0, 1, 2, 3, 4, 5, 6, 9, 10, 11, 12, 13, 14, 22, 23]","[22, 30, 76, 76, 76, 138, 146, 146, 160, 338, 338, 349, 354, 388, 431, 431, 431, 475, 526, 809]","[22, 30, 76, 76, 76, 138, 146, 146, 160, 338, 338, 349, 354, 388, 431, 431, 431, 475, 526, 809]"
0_53_537,"[23, 173, 250, 330, 330, 330, 330, 359, 367, 386, 418, 418, 433, 451, 467, 467, 489, 561, 561, 654]",[0],[53],"[1, 2, 3, 4, 5, 6, 7, 8, 9, 10, 11, 12, 13, 14, 15]","[23, 173, 250, 330, 330, 330, 330, 359, 367, 386, 418, 418, 433, 451, 467, 467, 489, 561, 561, 654]","[23, 173, 250, 330, 330, 330, 330, 359, 367, 386, 418, 418, 433, 451, 467, 467, 489, 561, 561, 654]"
4_56_538,"[65, 65, 65, 131, 131, 131, 351, 351, 469, 513, 689, 784, 886, 1149, 1263, 1407, 1456, 1456, 1456, 1456]",[4],[56],"[0, 2, 4, 5, 6, 7, 8, 9, 10, 11, 12, 13, 14, 22, 23]","[65, 65, 65, 131, 131, 131, 351, 351, 469, 513, 689, 784, 886, 1149, 1263, 1407, 1456, 1456, 1456, 1456]","[65, 65, 65, 131, 131, 131, 351, 351, 469, 513, 689, 784, 886, 1149, 1263, 1407, 1456, 1456, 1456, 1456]"
11_46_539,"[141, 141, 141, 141, 141, 141, 141, 141, 141, 141, 141, 141, 141, 141, 141, 141, 141, 141, 141, 141]",[11],[46],"[1, 3, 4, 5, 6, 7, 8, 10, 12, 22, 23]","[141, 141, 141, 141, 141, 141, 141, 141, 141, 141, 141, 141, 141, 141, 141, 141, 141, 141, 141, 141]","[141, 141, 141, 141, 141, 141, 141, 141, 141, 141, 141, 141, 141, 141, 141, 141, 141, 141, 141, 141]"
0_45_540,"[88, 88, 195, 267, 271, 344, 379, 382, 382, 390, 398, 398, 398, 398, 398, 398, 398, 398, 398, 447]",[0],[45],"[0, 1, 2, 3, 5, 6, 7, 9, 10, 11, 12, 13, 14, 15, 22, 23]","[88, 88, 195, 267, 271, 344, 379, 382, 382, 390, 398, 398, 398, 398, 398, 398, 398, 398, 398, 447]","[88, 88, 195, 267, 271, 344, 379, 382, 382, 390, 398, 398, 398, 398, 398, 398, 398, 398, 398, 447]"
24_56_541,"[21, 21, 48, 110, 110, 110, 110, 235, 246, 287, 349, 397, 397, 397, 397, 397, 619, 692, 867, 949]",[24],[56],"[1, 2, 3, 4, 5, 6, 7, 8, 9, 10, 11, 12, 22]","[21, 21, 48, 110, 110, 110, 110, 235, 246, 287, 349, 397, 397, 397, 397, 397, 619, 692, 867, 949]","[21, 21, 48, 110, 110, 110, 110, 235, 246, 287, 349, 397, 397, 397, 397, 397, 619, 692, 867, 949]"
0_44_542,"[14, 14, 29, 135, 154, 238, 238, 310, 310, 310, 310, 349, 349, 349, 349, 349, 349, 459, 518, 552]",[0],[44],"[0, 2, 3, 4, 5, 6, 7, 8, 9, 10, 11, 12, 13, 14, 15, 22, 23]","[14, 14, 29, 135, 154, 238, 238, 310, 310, 310, 310, 349, 349, 349, 349, 349, 349, 459, 518, 552]","[14, 14, 29, 135, 154, 238, 238, 310, 310, 310, 310, 349, 349, 349, 349, 349, 349, 459, 518, 552]"
45_46_543,"[31, 88, 105, 148, 159, 325, 455, 455, 540, 543, 582, 632, 657, 686, 693, 745, 758, 760, 760, 760]",[45],[46],"[2, 3, 4, 5, 6, 7, 8, 9, 10, 11, 14]","[31, 88, 105, 148, 159, 325, 455, 455, 540, 543, 582, 632, 657, 686, 693, 745, 758, 760, 760, 760]","[31, 88, 105, 148, 159, 325, 455, 455, 540, 543, 582, 632, 657, 686, 693, 745, 758, 760, 760, 760]"
0_57_544,"[105, 214, 214, 439, 482, 634, 634, 638, 647, 728, 728, 728, 747, 858, 891, 978, 1028, 1028, 1028, 1066]",[0],[57],"[0, 1, 2, 3, 4, 5, 7, 8, 9, 10, 11, 12, 13, 14, 22, 23]","[105, 214, 214, 439, 482, 634, 634, 638, 647, 728, 728, 728, 747, 858, 891, 978, 1028, 1028, 1028, 1066]","[105, 214, 214, 439, 482, 634, 634, 638, 647, 728, 728, 728, 747, 858, 891, 978, 1028, 1028, 1028, 1066]"
46_31_545,"[856, 918, 918, 918, 918, 918, 918, 918, 918, 918, 918, 918, 918, 918, 918, 918, 918, 918, 918, 918]",[46],[31],"[0, 3, 5, 6, 7, 8, 9, 10, 11, 12, 13, 14, 15, 20]","[856, 918, 918, 918, 918, 918, 918, 918, 918, 918, 918, 918, 918, 918, 918, 918, 918, 918, 918, 918]","[856, 918, 918, 918, 918, 918, 918, 918, 918, 918, 918, 918, 918, 918, 918, 918, 918, 918, 918, 918]"
12_4_546,"[219, 649, 746, 1040, 1040, 1040, 1040, 1653, 1899, 1899, 1899, 1899, 1899, 1899, 1899, 1899, 1899, 1899, 1899, 1899]",[12],[4],"[1, 2, 3, 4, 5, 6, 7, 8, 9, 10, 11, 12]","[219, 649, 746, 1040, 1040, 1040, 1040, 1653, 1899, 1899, 1899, 1899, 1899, 1899, 1899, 1899, 1899, 1899, 1899, 1899]","[219, 649, 746, 1040, 1040, 1040, 1040, 1653, 1899, 1899, 1899, 1899, 1899, 1899, 1899, 1899, 1899, 1899, 1899, 1899]"
0_31_547,"[459, 459, 459, 459, 459, 459, 459, 459, 459, 459, 478, 478, 478, 478, 478, 478, 478, 478, 478, 478]",[0],[31],"[0, 2, 3, 4, 5, 6, 7, 8, 9, 10, 12, 13, 14, 15, 16, 22, 23]","[459, 459, 459, 459, 459, 459, 459, 459, 459, 459, 478, 478, 478, 478, 478, 478, 478, 478, 478, 478]","[459, 459, 459, 459, 459, 459, 459, 459, 459, 459, 478, 478, 478, 478, 478, 478, 478, 478, 478, 478]"
2_57_548,"[46, 295, 466, 538, 590, 608, 608, 627, 628, 629, 730, 796, 796, 796, 796, 796, 796, 796, 796, 796]",[2],[57],"[2, 3, 4, 5, 6, 7, 8, 9, 10, 11, 12]","[46, 295, 466, 538, 590, 608, 608, 627, 628, 629, 730, 796, 796, 796, 796, 796, 796, 796, 796, 796]","[46, 295, 466, 538, 590, 608, 608, 627, 628, 629, 730, 796, 796, 796, 796, 796, 796, 796, 796, 796]"
47_26_549,"[85, 157, 382, 537, 537, 537, 537, 537, 537, 537, 537, 537, 537, 537, 537, 537, 537, 537, 537, 537]",[47],[26],"[2, 3, 4, 5, 6, 8, 9, 10, 11, 12, 13, 21, 22]","[85, 157, 382, 537, 537, 537, 537, 537, 537, 537, 537, 537, 537, 537, 537, 537, 537, 537, 537, 537]","[85, 157, 382, 537, 537, 537, 537, 537, 537, 537, 537, 537, 537, 537, 537, 537, 537, 537, 537, 537]"
4_46_550,"[85, 85, 86, 86, 86, 86, 192, 192, 233, 247, 319, 330, 377, 436, 506, 506, 506, 611, 614, 614]",[4],[46],"[0, 1, 2, 3, 4, 5, 6, 7, 8, 9, 10, 11, 12, 13, 14, 22, 23]","[85, 85, 86, 86, 86, 86, 192, 192, 233, 247, 319, 330, 377, 436, 506, 506, 506, 611, 614, 614]","[85, 85, 86, 86, 86, 86, 192, 192, 233, 247, 319, 330, 377, 436, 506, 506, 506, 611, 614, 614]"
0_35_551,"[101, 152, 538, 538, 538, 538, 538, 538, 538, 538, 538, 538, 538, 538, 538, 538, 538, 538, 538, 538]",[0],[35],"[0, 2, 3, 4, 5, 8, 9, 10, 11, 12, 13, 14, 15, 22, 23]","[101, 152, 538, 538, 538, 538, 538, 538, 538, 538, 538, 538, 538, 538, 538, 538, 538, 538, 538, 538]","[101, 152, 538, 538, 538, 538, 538, 538, 538, 538, 538, 538, 538, 538, 538, 538, 538, 538, 538, 538]"
46_58_552,"[726, 726, 726, 726, 726, 726, 726, 726, 726, 726, 726, 726, 726, 726, 726, 726, 726, 726, 726, 726]",[46],[58],"[8, 9, 10, 11, 12, 13, 14, 15, 19, 23]","[726, 726, 726, 726, 726, 726, 726, 726, 726, 726, 726, 726, 726, 726, 726, 726, 726, 726, 726, 726]","[726, 726, 726, 726, 726, 726, 726, 726, 726, 726, 726, 726, 726, 726, 726, 726, 726, 726, 726, 726]"
4_56_553,"[64, 307, 307, 307, 307, 307, 307, 307, 307, 307, 307, 393, 393, 544, 544, 575, 575, 575, 575, 575]",[4],[56],"[1, 2, 4, 5, 6, 7, 8, 9, 11, 12, 14, 22, 23]","[64, 307, 307, 307, 307, 307, 307, 307, 307, 307, 307, 393, 393, 544, 544, 575, 575, 575, 575, 575]","[64, 307, 307, 307, 307, 307, 307, 307, 307, 307, 307, 393, 393, 544, 544, 575, 575, 575, 575, 575]"
17_57_554,"[61, 81, 165, 181, 181, 181, 181, 181, 205, 235, 235, 275, 469, 469, 627, 627, 628, 763, 786, 848]",[17],[57],"[0, 3, 5, 6, 7, 8, 9, 10, 11, 12, 13]","[61, 81, 165, 181, 181, 181, 181, 181, 205, 235, 235, 275, 469, 469, 627, 627, 628, 763, 786, 848]","[61, 81, 165, 181, 181, 181, 181, 181, 205, 235, 235, 275, 469, 469, 627, 627, 628, 763, 786, 848]"
0_16_555,"[226, 226, 226, 226, 226, 226, 226, 226, 226, 226, 226, 226, 756, 756, 756, 756, 756, 756, 756, 756]",[0],[16],"[3, 6, 8, 9, 10, 11, 12, 13, 14, 20, 22, 23]","[226, 226, 226, 226, 226, 226, 226, 226, 226, 226, 226, 226, 756, 756, 756, 756, 756, 756, 756, 756]","[226, 226, 226, 226, 226, 226, 226, 226, 226, 226, 226, 226, 756, 756, 756, 756, 756, 756, 756, 756]"
0_4_556,"[84, 163, 411, 411, 430, 430, 430, 430, 430, 430, 430, 430, 430, 430, 430, 430, 430, 430, 430, 430]",[0],[4],"[1, 2, 3, 4, 6, 8, 9, 10, 11, 12, 13, 14, 15, 22, 23]","[84, 163, 411, 411, 430, 430, 430, 430, 430, 430, 430, 430, 430, 430, 430, 430, 430, 430, 430, 430]","[84, 163, 411, 411, 430, 430, 430, 430, 430, 430, 430, 430, 430, 430, 430, 430, 430, 430, 430, 430]"
4_55_557,"[5, 5, 41, 41, 85, 207, 283, 283, 283, 283, 283, 323, 323, 421, 499, 517, 517, 517, 540, 630]",[4],[55],"[0, 1, 3, 4, 5, 6, 7, 8, 9, 10, 11, 12, 13, 14, 15, 21, 23]","[5, 5, 41, 41, 85, 207, 283, 283, 283, 283, 283, 323, 323, 421, 499, 517, 517, 517, 540, 630]","[5, 5, 41, 41, 85, 207, 283, 283, 283, 283, 283, 323, 323, 421, 499, 517, 517, 517, 540, 630]"
0_67_558,"[264, 440, 440, 440, 440, 440, 440, 440, 440, 440, 440, 882, 1699, 1747, 1747, 1747, 1747, 1747, 1747, 1747]",[0],[67],"[3, 6, 9, 10, 11, 12, 13, 14, 21, 23]","[264, 440, 440, 440, 440, 440, 440, 440, 440, 440, 440, 882, 1699, 1747, 1747, 1747, 1747, 1747, 1747, 1747]","[264, 440, 440, 440, 440, 440, 440, 440, 440, 440, 440, 882, 1699, 1747, 1747, 1747, 1747, 1747, 1747, 1747]"
13_66_559,"[91, 220, 220, 220, 220, 220, 220, 220, 220, 220, 220, 220, 220, 220, 220, 220, 220, 220, 220, 220]",[13],[66],"[1, 3, 4, 5, 6, 8, 10, 11, 13, 14, 21, 22, 23]","[91, 220, 220, 220, 220, 220, 220, 220, 220, 220, 220, 220, 220, 220, 220, 220, 220, 220, 220, 220]","[91, 220, 220, 220, 220, 220, 220, 220, 220, 220, 220, 220, 220, 220, 220, 220, 220, 220, 220, 220]"
23_31_560,"[19, 19, 225, 225, 291, 291, 291, 291, 291, 448, 448, 646, 646, 646, 918, 918, 1172, 1273, 1289, 1414]",[23],[31],"[0, 1, 2, 3, 5, 6, 7, 8, 9, 11, 21, 23]","[19, 19, 225, 225, 291, 291, 291, 291, 291, 448, 448, 646, 646, 646, 918, 918, 1172, 1273, 1289, 1414]","[19, 19, 225, 225, 291, 291, 291, 291, 291, 448, 448, 646, 646, 646, 918, 918, 1172, 1273, 1289, 1414]"
46_5_561,"[87, 87, 87, 87, 87, 87, 87, 87, 87, 87, 87, 87, 87, 87, 87, 87, 87, 87, 87, 87]",[46],[5],"[2, 7, 8, 9, 12, 22, 23]","[87, 87, 87, 87, 87, 87, 87, 87, 87, 87, 87, 87, 87, 87, 87, 87, 87, 87, 87, 87]","[87, 87, 87, 87, 87, 87, 87, 87, 87, 87, 87, 87, 87, 87, 87, 87, 87, 87, 87, 87]"
14_45_562,"[14, 310, 310, 310, 310, 310, 310, 310, 310, 310, 310, 334, 414, 414, 878, 898, 898, 898, 898, 898]",[14],[45],"[3, 5, 6, 8, 9, 10, 11, 12, 13, 14, 15, 21, 22, 23]","[14, 310, 310, 310, 310, 310, 310, 310, 310, 310, 310, 334, 414, 414, 878, 898, 898, 898, 898, 898]","[14, 310, 310, 310, 310, 310, 310, 310, 310, 310, 310, 334, 414, 414, 878, 898, 898, 898, 898, 898]"
14_5_563,"[71, 236, 537, 1225, 1225, 1225, 1225, 1259, 1420, 1420, 1420, 1420, 1420, 1420, 1420, 1420, 1420, 1420, 1420, 1420]",[14],[5],"[0, 4, 5, 8, 9, 10, 11, 12, 13, 15, 20, 22, 23]","[71, 236, 537, 1225, 1225, 1225, 1225, 1259, 1420, 1420, 1420, 1420, 1420, 1420, 1420, 1420, 1420, 1420, 1420, 1420]","[71, 236, 537, 1225, 1225, 1225, 1225, 1259, 1420, 1420, 1420, 1420, 1420, 1420, 1420, 1420, 1420, 1420, 1420, 1420]"
10_32_564,"[51, 339, 339, 1145, 1145, 1145, 1145, 1145, 1145, 1145, 1145, 1145, 1145, 1145, 1145, 1145, 1145, 1145, 1145, 1145]",[10],[32],"[1, 5, 6, 7, 9, 10, 11, 12, 13, 14, 15, 16, 17, 20, 23]","[51, 339, 339, 1145, 1145, 1145, 1145, 1145, 1145, 1145, 1145, 1145, 1145, 1145, 1145, 1145, 1145, 1145, 1145, 1145]","[51, 339, 339, 1145, 1145, 1145, 1145, 1145, 1145, 1145, 1145, 1145, 1145, 1145, 1145, 1145, 1145, 1145, 1145, 1145]"
0_75_565,"[418, 418, 629, 629, 845, 921, 952, 1095, 1095, 1148, 1232, 1232, 1232, 1232, 1395, 1450, 1450, 1450, 1450, 1629]",[0],[75],"[1, 2, 3, 5, 6, 7, 8, 9, 10, 11, 12, 13, 14, 15, 22]","[418, 418, 629, 629, 845, 921, 952, 1095, 1095, 1148, 1232, 1232, 1232, 1232, 1395, 1450, 1450, 1450, 1450, 1629]","[418, 418, 629, 629, 845, 921, 952, 1095, 1095, 1148, 1232, 1232, 1232, 1232, 1395, 1450, 1450, 1450, 1450, 1629]"
23_41_566,"[291, 918, 918, 918, 918, 918, 918, 918, 918, 918, 918, 918, 918, 918, 918, 918, 918, 918, 918, 918]",[23],[41],"[0, 3, 5, 7, 8, 9, 10, 11, 12, 13, 14, 15]","[291, 918, 918, 918, 918, 918, 918, 918, 918, 918, 918, 918, 918, 918, 918, 918, 918, 918, 918, 918]","[291, 918, 918, 918, 918, 918, 918, 918, 918, 918, 918, 918, 918, 918, 918, 918, 918, 918, 918, 918]"
16_57_567,"[45, 218, 231, 231, 261, 309, 470, 476, 529, 529, 549, 677, 722, 879, 879, 879, 879, 879, 879, 918]",[16],[57],"[2, 3, 4, 5, 6, 7, 8, 9, 10, 11]","[45, 218, 231, 231, 261, 309, 470, 476, 529, 529, 549, 677, 722, 879, 879, 879, 879, 879, 879, 918]","[45, 218, 231, 231, 261, 309, 470, 476, 529, 529, 549, 677, 722, 879, 879, 879, 879, 879, 879, 918]"
29_50_568,"[255, 467, 588, 588, 588, 868, 868, 868, 868, 1093, 1104, 1104, 1104, 1104, 1104, 1104, 1104, 1104, 1104, 1104]",[29],[50],"[1, 3, 4, 5, 6, 7, 8, 9, 10, 11, 12, 13, 20, 21, 22, 23]","[255, 467, 588, 588, 588, 868, 868, 868, 868, 1093, 1104, 1104, 1104, 1104, 1104, 1104, 1104, 1104, 1104, 1104]","[255, 467, 588, 588, 588, 868, 868, 868, 868, 1093, 1104, 1104, 1104, 1104, 1104, 1104, 1104, 1104, 1104, 1104]"
4_55_569,"[303, 303, 595, 595, 604, 604, 604, 604, 604, 604, 604, 604, 604, 604, 604, 604, 604, 604, 604, 604]",[4],[55],"[0, 1, 4, 5, 8, 9, 10, 11, 12, 13, 14, 15]","[303, 303, 595, 595, 604, 604, 604, 604, 604, 604, 604, 604, 604, 604, 604, 604, 604, 604, 604, 604]","[303, 303, 595, 595, 604, 604, 604, 604, 604, 604, 604, 604, 604, 604, 604, 604, 604, 604, 604, 604]"
4_47_570,"[266, 552, 627, 709, 1124, 1307, 1307, 1307, 1307, 1307, 1307, 1307, 1307, 1307, 1307, 1307, 1307, 1307, 1307, 1307]",[4],[47],"[0, 2, 3, 6, 8, 10, 11, 12, 13]","[266, 552, 627, 709, 1124, 1307, 1307, 1307, 1307, 1307, 1307, 1307, 1307, 1307, 1307, 1307, 1307, 1307, 1307, 1307]","[266, 552, 627, 709, 1124, 1307, 1307, 1307, 1307, 1307, 1307, 1307, 1307, 1307, 1307, 1307, 1307, 1307, 1307, 1307]"
4_47_571,"[5, 70, 90, 136, 235, 431, 431, 435, 561, 561, 595, 595, 630, 730, 833, 1116, 1401, 1566, 1566, 1574]",[4],[47],"[0, 1, 2, 3, 5, 6, 7, 8, 9, 10, 11, 12, 15, 22, 23]","[5, 70, 90, 136, 235, 431, 431, 435, 561, 561, 595, 595, 630, 730, 833, 1116, 1401, 1566, 1566, 1574]","[5, 70, 90, 136, 235, 431, 431, 435, 561, 561, 595, 595, 630, 730, 833, 1116, 1401, 1566, 1566, 1574]"
9_65_572,"[6, 22, 34, 36, 45, 45, 45, 45, 45, 45, 48, 192, 198, 254, 254, 254, 390, 405, 479, 526]",[9],[65],"[0, 2, 3, 4, 5, 6, 7, 8, 9, 10, 11]","[6, 22, 34, 36, 45, 45, 45, 45, 45, 45, 48, 192, 198, 254, 254, 254, 390, 405, 479, 526]","[6, 22, 34, 36, 45, 45, 45, 45, 45, 45, 48, 192, 198, 254, 254, 254, 390, 405, 479, 526]"
42_33_573,"[54, 751, 840, 887, 887, 887, 887, 887, 887, 887, 887, 887, 887, 887, 887, 887, 887, 887, 887, 887]",[42],[33],"[1, 2, 3, 4, 7, 8, 10, 11, 12, 13, 14, 15, 16]","[54, 751, 840, 887, 887, 887, 887, 887, 887, 887, 887, 887, 887, 887, 887, 887, 887, 887, 887, 887]","[54, 751, 840, 887, 887, 887, 887, 887, 887, 887, 887, 887, 887, 887, 887, 887, 887, 887, 887, 887]"
8_57_574,"[1827, 1855, 1855, 1855, 1855, 1855, 1855, 1855, 1855, 1855, 1855, 1855, 1855, 1855, 1855, 1855, 1855, 1855, 1855, 1855]",[8],[57],"[2, 3, 5, 7, 10, 11, 12, 13, 14, 15, 16, 17, 18, 19, 21]","[1827, 1855, 1855, 1855, 1855, 1855, 1855, 1855, 1855, 1855, 1855, 1855, 1855, 1855, 1855, 1855, 1855, 1855, 1855, 1855]","[1827, 1855, 1855, 1855, 1855, 1855, 1855, 1855, 1855, 1855, 1855, 1855, 1855, 1855, 1855, 1855, 1855, 1855, 1855, 1855]"
0_55_575,"[5, 11, 100, 415, 459, 476, 617, 698, 785, 785, 785, 806, 806, 806, 806, 806, 806, 1026, 1101, 1101]",[0],[55],"[0, 1, 2, 3, 4, 5, 6, 7, 8, 9, 10, 11, 12, 13, 14, 15, 22]","[5, 11, 100, 415, 459, 476, 617, 698, 785, 785, 785, 806, 806, 806, 806, 806, 806, 1026, 1101, 1101]","[5, 11, 100, 415, 459, 476, 617, 698, 785, 785, 785, 806, 806, 806, 806, 806, 806, 1026, 1101, 1101]"
12_35_576,"[13, 20, 29, 99, 109, 109, 116, 153, 219, 312, 337, 354, 516, 568, 674, 703, 764, 801, 912, 1004]",[12],[35],"[0, 1, 4, 5, 6, 7, 8, 9, 10, 11, 13, 14, 15, 16, 23]","[13, 20, 29, 99, 109, 109, 116, 153, 219, 312, 337, 354, 516, 568, 674, 703, 764, 801, 912, 1004]","[13, 20, 29, 99, 109, 109, 116, 153, 219, 312, 337, 354, 516, 568, 674, 703, 764, 801, 912, 1004]"
0_45_577,"[459, 653, 653, 653, 653, 675, 675, 675, 675, 675, 712, 712, 712, 712, 730, 954, 954, 954, 954, 954]",[0],[45],"[0, 2, 3, 4, 5, 6, 7, 8, 9, 10, 11, 12, 13, 14, 15, 19]","[459, 653, 653, 653, 653, 675, 675, 675, 675, 675, 712, 712, 712, 712, 730, 954, 954, 954, 954, 954]","[459, 653, 653, 653, 653, 675, 675, 675, 675, 675, 712, 712, 712, 712, 730, 954, 954, 954, 954, 954]"
15_31_578,"[19, 74, 74, 1070, 1274, 1274, 1274, 1274, 1274, 1274, 1274, 1274, 1274, 1274, 1274, 1274, 1274, 1274, 1274, 1274]",[15],[31],"[0, 1, 2, 3, 5, 6, 10, 11, 13, 15, 22, 23]","[19, 74, 74, 1070, 1274, 1274, 1274, 1274, 1274, 1274, 1274, 1274, 1274, 1274, 1274, 1274, 1274, 1274, 1274, 1274]","[19, 74, 74, 1070, 1274, 1274, 1274, 1274, 1274, 1274, 1274, 1274, 1274, 1274, 1274, 1274, 1274, 1274, 1274, 1274]"
7_57_579,"[34, 34, 51, 231, 231, 231, 231, 252, 261, 280, 321, 661, 677, 677, 677, 843, 843, 939, 939, 939]",[7],[57],"[2, 3, 4, 5, 6, 7, 8, 9, 10, 11, 12]","[34, 34, 51, 231, 231, 231, 231, 252, 261, 280, 321, 661, 677, 677, 677, 843, 843, 939, 939, 939]","[34, 34, 51, 231, 231, 231, 231, 252, 261, 280, 321, 661, 677, 677, 677, 843, 843, 939, 939, 939]"
0_65_580,"[973, 973, 973, 973, 973, 973, 973, 973, 973, 973, 973, 973, 973, 973, 973, 973, 973, 973, 973, 973]",[0],[65],"[1, 6, 9, 10, 11, 22, 23]","[973, 973, 973, 973, 973, 973, 973, 973, 973, 973, 973, 973, 973, 973, 973, 973, 973, 973, 973, 973]","[973, 973, 973, 973, 973, 973, 973, 973, 973, 973, 973, 973, 973, 973, 973, 973, 973, 973, 973, 973]"
29_45_581,"[59, 654, 1260, 1260, 1260, 1260, 1260, 1260, 1260, 1260, 1260, 1260, 1260, 1260, 1260, 1260, 1260, 1260, 1260, 1260]",[29],[45],"[2, 5, 6, 7, 8, 9, 10, 11, 12]","[59, 654, 1260, 1260, 1260, 1260, 1260, 1260, 1260, 1260, 1260, 1260, 1260, 1260, 1260, 1260, 1260, 1260, 1260, 1260]","[59, 654, 1260, 1260, 1260, 1260, 1260, 1260, 1260, 1260, 1260, 1260, 1260, 1260, 1260, 1260, 1260, 1260, 1260, 1260]"
48_48_582,"[910, 910, 925, 947, 1006, 1157, 1157, 1369, 1369, 1369, 1920, 1920, 1920, 1920, 1920, 1920, 1920, 1920, 1920, 1920]",[48],[48],"[0, 2, 3, 4, 5, 6, 7, 8, 9, 10, 11, 12, 14, 22, 23]","[910, 910, 925, 947, 1006, 1157, 1157, 1369, 1369, 1369, 1920, 1920, 1920, 1920, 1920, 1920, 1920, 1920, 1920, 1920]","[910, 910, 925, 947, 1006, 1157, 1157, 1369, 1369, 1369, 1920, 1920, 1920, 1920, 1920, 1920, 1920, 1920, 1920, 1920]"
4_56_583,"[141, 141, 144, 144, 144, 144, 144, 144, 144, 144, 144, 144, 144, 144, 195, 330, 330, 330, 330, 513]",[4],[56],"[0, 1, 3, 4, 5, 6, 7, 8, 9, 10, 13, 14, 23]","[141, 141, 144, 144, 144, 144, 144, 144, 144, 144, 144, 144, 144, 144, 195, 330, 330, 330, 330, 513]","[141, 141, 144, 144, 144, 144, 144, 144, 144, 144, 144, 144, 144, 144, 195, 330, 330, 330, 330, 513]"
13_16_584,"[75, 75, 75, 75, 75, 75, 75, 75, 75, 75, 75, 75, 128, 422, 422, 1326, 1326, 1326, 1326, 1326]",[13],[16],"[1, 2, 3, 8, 14, 23]","[75, 75, 75, 75, 75, 75, 75, 75, 75, 75, 75, 75, 128, 422, 422, 1326, 1326, 1326, 1326, 1326]","[75, 75, 75, 75, 75, 75, 75, 75, 75, 75, 75, 75, 128, 422, 422, 1326, 1326, 1326, 1326, 1326]"
32_69_585,"[329, 329, 329, 329, 329, 329, 329, 329, 329, 329, 329, 329, 329, 329, 329, 329, 329, 329, 329, 329]",[32],[69],"[1, 2, 5, 6, 11, 12, 13, 14, 15, 17, 19, 21, 22]","[329, 329, 329, 329, 329, 329, 329, 329, 329, 329, 329, 329, 329, 329, 329, 329, 329, 329, 329, 329]","[329, 329, 329, 329, 329, 329, 329, 329, 329, 329, 329, 329, 329, 329, 329, 329, 329, 329, 329, 329]"
0_22_586,"[288, 1403, 1497, 1497, 1497, 1497, 1497, 1497, 1497, 1497, 1497, 1497, 1497, 1497, 1497, 1497, 1497, 1497, 1497, 1497]",[0],[22],"[3, 7, 8, 9, 10, 11, 12, 13, 21, 22]","[288, 1403, 1497, 1497, 1497, 1497, 1497, 1497, 1497, 1497, 1497, 1497, 1497, 1497, 1497, 1497, 1497, 1497, 1497, 1497]","[288, 1403, 1497, 1497, 1497, 1497, 1497, 1497, 1497, 1497, 1497, 1497, 1497, 1497, 1497, 1497, 1497, 1497, 1497, 1497]"
0_46_587,"[42, 87, 129, 132, 195, 210, 277, 280, 348, 392, 395, 496, 503, 511, 511, 511, 511, 511, 511, 697]",[0],[46],"[0, 1, 2, 4, 5, 6, 7, 8, 9, 10, 11, 13, 14, 21, 22, 23]","[42, 87, 129, 132, 195, 210, 277, 280, 348, 392, 395, 496, 503, 511, 511, 511, 511, 511, 511, 697]","[42, 87, 129, 132, 195, 210, 277, 280, 348, 392, 395, 496, 503, 511, 511, 511, 511, 511, 511, 697]"
49_57_588,"[77, 77, 81, 165, 165, 187, 231, 439, 632, 638, 737, 788, 843, 843, 878, 884, 925, 935, 940, 940]",[49],[57],"[2, 3, 4, 5, 6, 7, 8, 10, 11, 12]","[77, 77, 81, 165, 165, 187, 231, 439, 632, 638, 737, 788, 843, 843, 878, 884, 925, 935, 940, 940]","[77, 77, 81, 165, 165, 187, 231, 439, 632, 638, 737, 788, 843, 843, 878, 884, 925, 935, 940, 940]"
0_26_589,"[85, 85, 218, 564, 564, 564, 564, 564, 564, 779, 779, 874, 874, 874, 874, 874, 874, 874, 874, 874]",[0],[26],"[5, 6, 8, 9, 10, 11, 12, 14]","[85, 85, 218, 564, 564, 564, 564, 564, 564, 779, 779, 874, 874, 874, 874, 874, 874, 874, 874, 874]","[85, 85, 218, 564, 564, 564, 564, 564, 564, 779, 779, 874, 874, 874, 874, 874, 874, 874, 874, 874]"
50_4_590,"[270, 270, 270, 270, 299, 299, 299, 299, 299, 299, 299, 299, 299, 299, 299, 299, 299, 299, 299, 299]",[50],[4],"[1, 3, 9, 10, 11, 14, 18, 21, 22, 23]","[270, 270, 270, 270, 299, 299, 299, 299, 299, 299, 299, 299, 299, 299, 299, 299, 299, 299, 299, 299]","[270, 270, 270, 270, 299, 299, 299, 299, 299, 299, 299, 299, 299, 299, 299, 299, 299, 299, 299, 299]"
0_33_591,"[54, 128, 376, 424, 424, 424, 502, 502, 502, 626, 701, 840, 840, 971, 971, 971, 993, 1467, 1467, 1467]",[0],[33],"[0, 2, 4, 5, 6, 7, 8, 9, 10, 11, 12, 13, 14, 22, 23]","[54, 128, 376, 424, 424, 424, 502, 502, 502, 626, 701, 840, 840, 971, 971, 971, 993, 1467, 1467, 1467]","[54, 128, 376, 424, 424, 424, 502, 502, 502, 626, 701, 840, 840, 971, 971, 971, 993, 1467, 1467, 1467]"
0_45_592,"[154, 154, 154, 154, 154, 154, 154, 260, 552, 614, 614, 614, 614, 614, 955, 955, 955, 955, 955, 955]",[0],[45],"[3, 5, 6, 7, 8, 11, 12, 13, 14, 23]","[154, 154, 154, 154, 154, 154, 154, 260, 552, 614, 614, 614, 614, 614, 955, 955, 955, 955, 955, 955]","[154, 154, 154, 154, 154, 154, 154, 260, 552, 614, 614, 614, 614, 614, 955, 955, 955, 955, 955, 955]"
24_52_593,"[365, 365, 365, 365, 365, 365, 365, 365, 365, 365, 471, 494, 517, 517, 562, 813, 907, 927, 1007, 1046]",[24],[52],"[0, 2, 3, 4, 5, 6, 7, 8, 9, 10, 11, 13, 20, 23]","[365, 365, 365, 365, 365, 365, 365, 365, 365, 365, 471, 494, 517, 517, 562, 813, 907, 927, 1007, 1046]","[365, 365, 365, 365, 365, 365, 365, 365, 365, 365, 471, 494, 517, 517, 562, 813, 907, 927, 1007, 1046]"
14_68_594,"[501, 501, 501, 501, 501, 501, 501, 501, 501, 501, 501, 501, 501, 501, 501, 501, 501, 501, 501, 501]",[14],[68],"[1, 8, 9, 10, 11, 13, 14, 15, 16]","[501, 501, 501, 501, 501, 501, 501, 501, 501, 501, 501, 501, 501, 501, 501, 501, 501, 501, 501, 501]","[501, 501, 501, 501, 501, 501, 501, 501, 501, 501, 501, 501, 501, 501, 501, 501, 501, 501, 501, 501]"
6_65_595,"[9, 45, 45, 45, 280, 285, 309, 341, 383, 759, 822, 925, 925, 925, 925, 925, 925, 925, 925, 1118]",[6],[65],"[2, 3, 4, 5, 6, 7, 8, 9, 10, 11, 12, 13]","[9, 45, 45, 45, 280, 285, 309, 341, 383, 759, 822, 925, 925, 925, 925, 925, 925, 925, 925, 1118]","[9, 45, 45, 45, 280, 285, 309, 341, 383, 759, 822, 925, 925, 925, 925, 925, 925, 925, 925, 1118]"
9_65_596,"[9, 45, 45, 45, 45, 45, 45, 45, 45, 45, 45, 48, 395, 395, 395, 395, 395, 395, 395, 395]",[9],[65],"[1, 2, 3, 4, 5, 6, 7, 8, 9, 10, 11, 12]","[9, 45, 45, 45, 45, 45, 45, 45, 45, 45, 45, 48, 395, 395, 395, 395, 395, 395, 395, 395]","[9, 45, 45, 45, 45, 45, 45, 45, 45, 45, 45, 48, 395, 395, 395, 395, 395, 395, 395, 395]"
23_65_597,"[147, 147, 147, 147, 147, 147, 147, 147, 147, 147, 147, 268, 268, 268, 268, 268, 268, 656, 656, 656]",[23],[65],"[1, 2, 4, 6, 7, 8, 9, 10, 11, 12, 13, 23]","[147, 147, 147, 147, 147, 147, 147, 147, 147, 147, 147, 268, 268, 268, 268, 268, 268, 656, 656, 656]","[147, 147, 147, 147, 147, 147, 147, 147, 147, 147, 147, 268, 268, 268, 268, 268, 268, 656, 656, 656]"
4_55_598,"[148, 281, 281, 281, 281, 281, 281, 281, 281, 281, 281, 281, 281, 281, 281, 281, 281, 281, 281, 281]",[4],[55],"[0, 1, 2, 3, 4, 5, 6, 7, 9, 11, 12, 13, 14]","[148, 281, 281, 281, 281, 281, 281, 281, 281, 281, 281, 281, 281, 281, 281, 281, 281, 281, 281, 281]","[148, 281, 281, 281, 281, 281, 281, 281, 281, 281, 281, 281, 281, 281, 281, 281, 281, 281, 281, 281]"
51_46_599,"[274, 316, 371, 371, 371, 371, 371, 371, 371, 371, 371, 470, 470, 529, 529, 585, 630, 630, 823, 823]",[51],[46],"[0, 1, 2, 3, 4, 5, 6, 8, 9, 10, 11, 12, 13, 14, 22, 23]","[274, 316, 371, 371, 371, 371, 371, 371, 371, 371, 371, 470, 470, 529, 529, 585, 630, 630, 823, 823]","[274, 316, 371, 371, 371, 371, 371, 371, 371, 371, 371, 470, 470, 529, 529, 585, 630, 630, 823, 823]"
