Pid,Uid,Catname,Region,Time,neighbors,forward_neighbors
0_44_0,"[3, 3, 3, 3, 3, 3, 3, 3, 3, 3, 3, 3, 3, 3, 3, 3, 3, 3, 3, 3]",[0],[44],"[0, 1, 2, 3, 4, 5, 6, 7, 8, 9, 10, 11, 12, 13, 14, 15, 16, 17, 18, 19]","[3, 3, 3, 3, 3, 3, 3, 3, 3, 3, 3, 3, 3, 3, 3, 3, 3, 3, 3, 3]","[3, 3, 3, 3, 3, 3, 3, 3, 3, 3, 3, 3, 3, 3, 3, 3, 3, 3, 3, 3]"
0_45_1,"[26, 26, 27, 31, 39, 39, 39, 39, 39, 43, 43, 50, 50, 50, 50, 50, 50, 50, 50, 50]",[0],[45],"[0, 1, 2, 3, 4, 5, 6, 8, 9, 10, 11, 12, 13, 14, 15, 16, 17, 18, 19, 20]","[26, 26, 27, 31, 39, 39, 39, 39, 39, 43, 43, 50, 50, 50, 50, 50, 50, 50, 50, 50]","[26, 26, 27, 31, 39, 39, 39, 39, 39, 43, 43, 50, 50, 50, 50, 50, 50, 50, 50, 50]"
1_18_2,"[0, 7, 13, 13, 13, 19, 19, 19, 22, 22, 23, 23, 25, 32, 32, 33, 37, 39, 47, 47]",[1],[18],"[0, 1, 2, 3, 4, 5, 6, 7, 8, 9, 10, 11, 12, 13, 14, 15, 16, 17, 18, 19]","[0, 7, 13, 13, 13, 19, 19, 19, 22, 22, 23, 23, 25, 32, 32, 33, 37, 39, 47, 47]","[0, 7, 13, 13, 13, 19, 19, 19, 22, 22, 23, 23, 25, 32, 32, 33, 37, 39, 47, 47]"
2_44_3,"[4, 16, 39, 39, 39, 51, 51, 51, 51, 51, 55, 55, 55, 55, 69, 69, 75, 96, 96, 96]",[2],[44],"[0, 1, 2, 3, 4, 5, 6, 7, 8, 9, 10, 11, 12, 13, 14, 15, 16, 17, 18, 19]","[4, 16, 39, 39, 39, 51, 51, 51, 51, 51, 55, 55, 55, 55, 69, 69, 75, 96, 96, 96]","[4, 16, 39, 39, 39, 51, 51, 51, 51, 51, 55, 55, 55, 55, 69, 69, 75, 96, 96, 96]"
1_57_4,"[0, 2, 4, 17, 19, 22, 22, 22, 22, 23, 33, 33, 37, 37, 43, 44, 47, 50, 50, 56]",[1],[57],"[0, 1, 2, 3, 4, 5, 6, 7, 8, 9, 10, 11, 12, 13, 14, 15, 16, 17, 18, 19]","[0, 2, 4, 17, 19, 22, 22, 22, 22, 23, 33, 33, 37, 37, 43, 44, 47, 50, 50, 56]","[0, 2, 4, 17, 19, 22, 22, 22, 22, 23, 33, 33, 37, 37, 43, 44, 47, 50, 50, 56]"
0_34_5,"[23, 33, 33, 43, 43, 43, 69, 102, 102, 102, 102, 104, 104, 105, 161, 161, 161, 161, 161, 161]",[0],[34],"[0, 1, 2, 3, 4, 5, 6, 7, 8, 9, 10, 11, 12, 13, 14, 15, 16, 17, 18, 19]","[23, 33, 33, 43, 43, 43, 69, 102, 102, 102, 102, 104, 104, 105, 161, 161, 161, 161, 161, 161]","[23, 33, 33, 43, 43, 43, 69, 102, 102, 102, 102, 104, 104, 105, 161, 161, 161, 161, 161, 161]"
3_44_6,"[4, 27, 36, 45, 48, 51, 62, 62, 69, 76, 76, 81, 84, 97, 100, 115, 115, 115, 115, 115]",[3],[44],"[0, 1, 2, 3, 4, 7, 8, 9, 10, 11, 12, 13, 14, 15, 16, 17, 18, 19, 20, 21]","[4, 27, 36, 45, 48, 51, 62, 62, 69, 76, 76, 81, 84, 97, 100, 115, 115, 115, 115, 115]","[4, 27, 36, 45, 48, 51, 62, 62, 69, 76, 76, 81, 84, 97, 100, 115, 115, 115, 115, 115]"
4_44_7,"[16, 26, 26, 33, 94, 102, 104, 109, 109, 109, 109, 109, 109, 109, 109, 109, 109, 109, 109, 109]",[4],[44],"[0, 1, 2, 3, 4, 5, 6, 7, 8, 9, 10, 11, 12, 13, 14, 15, 16, 17, 18, 19]","[16, 26, 26, 33, 94, 102, 104, 109, 109, 109, 109, 109, 109, 109, 109, 109, 109, 109, 109, 109]","[16, 26, 26, 33, 94, 102, 104, 109, 109, 109, 109, 109, 109, 109, 109, 109, 109, 109, 109, 109]"
0_38_8,"[3, 3, 3, 3, 3, 3, 3, 3, 3, 3, 3, 3, 3, 3, 3, 3, 3, 3, 3, 3]",[0],[38],"[0, 1, 2, 3, 4, 5, 6, 8, 9, 10, 11, 12, 13, 14, 15, 16, 17, 18, 19, 20]","[3, 3, 3, 3, 3, 3, 3, 3, 3, 3, 3, 3, 3, 3, 3, 3, 3, 3, 3, 3]","[3, 3, 3, 3, 3, 3, 3, 3, 3, 3, 3, 3, 3, 3, 3, 3, 3, 3, 3, 3]"
5_44_9,"[11, 16, 16, 16, 19, 19, 19, 19, 25, 36, 40, 40, 43, 51, 51, 69, 82, 85, 92, 102]",[5],[44],"[0, 1, 2, 3, 4, 5, 6, 7, 8, 10, 11, 12, 13, 14, 15, 16, 17, 18, 19, 20]","[11, 16, 16, 16, 19, 19, 19, 19, 25, 36, 40, 40, 43, 51, 51, 69, 82, 85, 92, 102]","[11, 16, 16, 16, 19, 19, 19, 19, 25, 36, 40, 40, 43, 51, 51, 69, 82, 85, 92, 102]"
3_44_10,"[4, 16, 16, 17, 17, 17, 17, 24, 31, 31, 31, 31, 36, 44, 51, 51, 51, 51, 51, 51]",[3],[44],"[0, 1, 2, 3, 4, 5, 10, 11, 12, 13, 14, 15, 16, 17, 18, 19, 20, 21, 22, 23]","[4, 16, 16, 17, 17, 17, 17, 24, 31, 31, 31, 31, 36, 44, 51, 51, 51, 51, 51, 51]","[4, 16, 16, 17, 17, 17, 17, 24, 31, 31, 31, 31, 36, 44, 51, 51, 51, 51, 51, 51]"
6_66_11,"[3, 3, 3, 3, 3, 3, 3, 3, 16, 19, 21, 21, 21, 21, 23, 25, 29, 53, 58, 61]",[6],[66],"[0, 1, 2, 3, 4, 5, 11, 12, 13, 14, 15, 16, 17, 18, 19, 20, 21, 22, 23]","[3, 3, 3, 3, 3, 3, 3, 3, 16, 19, 21, 21, 21, 21, 23, 25, 29, 53, 58, 61]","[3, 3, 3, 3, 3, 3, 3, 3, 16, 19, 21, 21, 21, 21, 23, 25, 29, 53, 58, 61]"
7_15_12,"[16, 57, 57, 57, 79, 79, 79, 79, 79, 79, 79, 79, 79, 79, 79, 79, 79, 80, 94, 94]",[7],[15],"[0, 1, 2, 3, 4, 5, 6, 7, 8, 9, 10, 11, 12, 13, 14, 15, 16, 17, 18, 19]","[16, 57, 57, 57, 79, 79, 79, 79, 79, 79, 79, 79, 79, 79, 79, 79, 79, 80, 94, 94]","[16, 57, 57, 57, 79, 79, 79, 79, 79, 79, 79, 79, 79, 79, 79, 79, 79, 80, 94, 94]"
1_31_13,"[1, 4, 8, 8, 8, 22, 28, 40, 62, 74, 74, 74, 75, 75, 98, 98, 109, 109, 109, 109]",[1],[31],"[0, 1, 2, 3, 4, 5, 7, 8, 9, 10, 11, 12, 13, 14, 15, 16, 17, 18, 19, 20]","[1, 4, 8, 8, 8, 22, 28, 40, 62, 74, 74, 74, 75, 75, 98, 98, 109, 109, 109, 109]","[1, 4, 8, 8, 8, 22, 28, 40, 62, 74, 74, 74, 75, 75, 98, 98, 109, 109, 109, 109]"
8_45_14,"[67, 100, 144, 239, 466, 579, 585, 606, 653, 726, 726, 726, 726, 726, 726, 726, 726, 726, 726, 726]",[8],[45],"[1, 2, 6, 7, 11, 13, 14, 15, 18, 19, 21, 22, 23]","[67, 100, 144, 239, 466, 579, 585, 606, 653, 726, 726, 726, 726, 726, 726, 726, 726, 726, 726, 726]","[67, 100, 144, 239, 466, 579, 585, 606, 653, 726, 726, 726, 726, 726, 726, 726, 726, 726, 726, 726]"
9_34_15,"[31, 33, 57, 90, 105, 105, 105, 105, 115, 134, 148, 151, 151, 158, 170, 170, 170, 170, 170, 173]",[9],[34],"[0, 1, 2, 3, 4, 5, 6, 7, 8, 9, 10, 11, 12, 13, 14, 15, 16, 17, 18, 19]","[31, 33, 57, 90, 105, 105, 105, 105, 115, 134, 148, 151, 151, 158, 170, 170, 170, 170, 170, 173]","[31, 33, 57, 90, 105, 105, 105, 105, 115, 134, 148, 151, 151, 158, 170, 170, 170, 170, 170, 173]"
7_35_16,"[13, 62, 62, 62, 62, 62, 79, 215, 233, 272, 361, 361, 361, 361, 361, 361, 361, 361, 361, 361]",[7],[35],"[0, 1, 2, 3, 4, 5, 6, 9, 10, 11, 12, 13, 14, 15, 16, 17, 18, 19, 20, 21]","[13, 62, 62, 62, 62, 62, 79, 215, 233, 272, 361, 361, 361, 361, 361, 361, 361, 361, 361, 361]","[13, 62, 62, 62, 62, 62, 79, 215, 233, 272, 361, 361, 361, 361, 361, 361, 361, 361, 361, 361]"
10_5_17,"[14, 26, 26, 26, 26, 31, 53, 70, 104, 104, 104, 104, 104, 105, 170, 170, 172, 197, 228, 238]",[10],[5],"[0, 1, 2, 3, 4, 6, 10, 11, 12, 13, 14, 15, 16, 17, 18, 19, 20, 21, 22, 23]","[14, 26, 26, 26, 26, 31, 53, 70, 104, 104, 104, 104, 104, 105, 170, 170, 172, 197, 228, 238]","[14, 26, 26, 26, 26, 31, 53, 70, 104, 104, 104, 104, 104, 105, 170, 170, 172, 197, 228, 238]"
0_33_18,"[158, 158, 158, 173, 173, 173, 328, 333, 366, 366, 381, 381, 381, 455, 455, 455, 455, 455, 455, 455]",[0],[33],"[0, 1, 2, 3, 4, 5, 8, 11, 12, 13, 14, 15, 16, 18, 19, 20, 21, 22, 23]","[158, 158, 158, 173, 173, 173, 328, 333, 366, 366, 381, 381, 381, 455, 455, 455, 455, 455, 455, 455]","[158, 158, 158, 173, 173, 173, 328, 333, 366, 366, 381, 381, 381, 455, 455, 455, 455, 455, 455, 455]"
11_35_19,"[361, 361, 361, 361, 361, 361, 361, 503, 503, 503, 503, 503, 503, 503, 503, 503, 503, 503, 503, 503]",[11],[35],"[0, 1, 2, 3, 4, 5, 6, 10, 11, 12, 13, 14, 15, 16, 17, 18, 19, 20, 21, 22]","[361, 361, 361, 361, 361, 361, 361, 503, 503, 503, 503, 503, 503, 503, 503, 503, 503, 503, 503, 503]","[361, 361, 361, 361, 361, 361, 361, 503, 503, 503, 503, 503, 503, 503, 503, 503, 503, 503, 503, 503]"
3_44_20,"[1, 1, 19, 24, 29, 39, 39, 40, 45, 47, 47, 80, 80, 85, 92, 102, 102, 102, 102, 102]",[3],[44],"[0, 1, 2, 3, 4, 8, 10, 11, 12, 13, 14, 15, 16, 17, 18, 19, 20, 21, 22, 23]","[1, 1, 19, 24, 29, 39, 39, 40, 45, 47, 47, 80, 80, 85, 92, 102, 102, 102, 102, 102]","[1, 1, 19, 24, 29, 39, 39, 40, 45, 47, 47, 80, 80, 85, 92, 102, 102, 102, 102, 102]"
12_58_21,"[5, 16, 18, 21, 23, 23, 26, 32, 57, 57, 57, 76, 103, 103, 113, 114, 120, 134, 143, 143]",[12],[58],"[0, 1, 2, 3, 4, 5, 6, 7, 8, 9, 10, 11, 12, 13, 14, 15, 16, 17, 18, 19]","[5, 16, 18, 21, 23, 23, 26, 32, 57, 57, 57, 76, 103, 103, 113, 114, 120, 134, 143, 143]","[5, 16, 18, 21, 23, 23, 26, 32, 57, 57, 57, 76, 103, 103, 113, 114, 120, 134, 143, 143]"
13_45_22,"[21, 21, 21, 21, 21, 35, 40, 51, 64, 70, 70, 70, 79, 81, 81, 97, 116, 124, 124, 141]",[13],[45],"[0, 1, 2, 3, 4, 5, 6, 7, 8, 9, 10, 11, 12, 13, 14, 15, 16, 17, 18, 19]","[21, 21, 21, 21, 21, 35, 40, 51, 64, 70, 70, 70, 79, 81, 81, 97, 116, 124, 124, 141]","[21, 21, 21, 21, 21, 35, 40, 51, 64, 70, 70, 70, 79, 81, 81, 97, 116, 124, 124, 141]"
14_44_23,"[10, 12, 55, 58, 58, 74, 75, 116, 120, 139, 182, 224, 224, 224, 224, 224, 224, 224, 224, 224]",[14],[44],"[0, 1, 2, 3, 4, 5, 6, 7, 9, 14, 15, 16, 17, 18, 19, 20, 21, 22, 23]","[10, 12, 55, 58, 58, 74, 75, 116, 120, 139, 182, 224, 224, 224, 224, 224, 224, 224, 224, 224]","[10, 12, 55, 58, 58, 74, 75, 116, 120, 139, 182, 224, 224, 224, 224, 224, 224, 224, 224, 224]"
9_34_24,"[17, 23, 23, 35, 57, 79, 90, 109, 115, 119, 134, 209, 211, 212, 228, 228, 228, 243, 243, 243]",[9],[34],"[0, 1, 2, 3, 4, 5, 6, 7, 8, 9, 10, 11, 12, 13, 14, 15, 16, 17, 18, 19]","[17, 23, 23, 35, 57, 79, 90, 109, 115, 119, 134, 209, 211, 212, 228, 228, 228, 243, 243, 243]","[17, 23, 23, 35, 57, 79, 90, 109, 115, 119, 134, 209, 211, 212, 228, 228, 228, 243, 243, 243]"
15_83_25,"[16, 16, 16, 16, 16, 20, 53, 56, 56, 56, 56, 61, 75, 75, 75, 75, 75, 83, 83, 96]",[15],[83],"[0, 1, 2, 3, 4, 6, 11, 13, 14, 15, 16, 17, 18, 19, 20, 21, 22, 23]","[16, 16, 16, 16, 16, 20, 53, 56, 56, 56, 56, 61, 75, 75, 75, 75, 75, 83, 83, 96]","[16, 16, 16, 16, 16, 20, 53, 56, 56, 56, 56, 61, 75, 75, 75, 75, 75, 83, 83, 96]"
0_55_26,"[50, 50, 50, 50, 50, 50, 50, 50, 50, 50, 50, 50, 50, 50, 50, 50, 50, 50, 50, 50]",[0],[55],"[0, 1, 2, 3, 4, 6, 10, 11, 12, 14, 15, 16, 17, 18, 19, 20, 21, 22, 23]","[50, 50, 50, 50, 50, 50, 50, 50, 50, 50, 50, 50, 50, 50, 50, 50, 50, 50, 50, 50]","[50, 50, 50, 50, 50, 50, 50, 50, 50, 50, 50, 50, 50, 50, 50, 50, 50, 50, 50, 50]"
16_94_27,"[777, 777, 777, 777, 777, 777, 777, 777, 777, 777, 777, 777, 777, 777, 777, 777, 777, 777, 777, 777]",[16],[94],"[0, 1, 2, 3, 4, 5, 6, 7, 8, 11, 12, 13, 14, 15, 16, 17, 18, 19, 20, 21]","[777, 777, 777, 777, 777, 777, 777, 777, 777, 777, 777, 777, 777, 777, 777, 777, 777, 777, 777, 777]","[777, 777, 777, 777, 777, 777, 777, 777, 777, 777, 777, 777, 777, 777, 777, 777, 777, 777, 777, 777]"
12_35_28,"[293, 293, 293, 293, 293, 293, 293, 293, 293, 293, 293, 293, 293, 293, 293, 293, 293, 293, 293, 293]",[12],[35],"[0, 1, 2, 3, 4, 5, 6, 7, 8, 9, 16, 17, 18, 19, 20, 21, 22, 23]","[293, 293, 293, 293, 293, 293, 293, 293, 293, 293, 293, 293, 293, 293, 293, 293, 293, 293, 293, 293]","[293, 293, 293, 293, 293, 293, 293, 293, 293, 293, 293, 293, 293, 293, 293, 293, 293, 293, 293, 293]"
17_93_29,"[438, 438, 438, 438, 438, 438, 438, 438, 438, 438, 438, 438, 438, 438, 438, 438, 438, 438, 438, 438]",[17],[93],"[0, 1, 2, 3, 4, 5, 6, 11, 12, 13, 14, 15, 16, 17, 18, 19, 20, 21, 22, 23]","[438, 438, 438, 438, 438, 438, 438, 438, 438, 438, 438, 438, 438, 438, 438, 438, 438, 438, 438, 438]","[438, 438, 438, 438, 438, 438, 438, 438, 438, 438, 438, 438, 438, 438, 438, 438, 438, 438, 438, 438]"
18_44_30,"[8, 16, 22, 25, 40, 53, 115, 142, 142, 157, 160, 175, 190, 190, 190, 227, 232, 240, 257, 265]",[18],[44],"[0, 1, 4, 9, 11, 12, 13, 14, 15, 16, 17, 18, 19, 20, 21, 22, 23]","[8, 16, 22, 25, 40, 53, 115, 142, 142, 157, 160, 175, 190, 190, 190, 227, 232, 240, 257, 265]","[8, 16, 22, 25, 40, 53, 115, 142, 142, 157, 160, 175, 190, 190, 190, 227, 232, 240, 257, 265]"
3_25_31,"[23, 23, 23, 23, 23, 26, 26, 26, 26, 26, 26, 26, 36, 36, 73, 98, 173, 244, 246, 246]",[3],[25],"[0, 1, 2, 4, 10, 11, 12, 13, 14, 15, 16, 17, 18, 19, 20, 21, 22, 23]","[23, 23, 23, 23, 23, 26, 26, 26, 26, 26, 26, 26, 36, 36, 73, 98, 173, 244, 246, 246]","[23, 23, 23, 23, 23, 26, 26, 26, 26, 26, 26, 26, 36, 36, 73, 98, 173, 244, 246, 246]"
19_13_32,"[16, 35, 35, 126, 190, 263, 355, 369, 396, 442, 501, 501, 501, 501, 501, 501, 501, 501, 501, 501]",[19],[13],"[0, 1, 2, 3, 4, 5, 6, 7, 9, 11, 12, 13, 14, 15, 16, 17, 18, 19, 20, 21]","[16, 35, 35, 126, 190, 263, 355, 369, 396, 442, 501, 501, 501, 501, 501, 501, 501, 501, 501, 501]","[16, 35, 35, 126, 190, 263, 355, 369, 396, 442, 501, 501, 501, 501, 501, 501, 501, 501, 501, 501]"
11_45_33,"[70, 70, 70, 70, 70, 70, 70, 70, 70, 70, 70, 70, 70, 70, 70, 70, 161, 161, 161, 161]",[11],[45],"[0, 1, 2, 4, 5, 6, 7, 9, 10, 11, 12, 13, 14, 15, 16, 17, 18, 19, 20, 21]","[70, 70, 70, 70, 70, 70, 70, 70, 70, 70, 70, 70, 70, 70, 70, 70, 161, 161, 161, 161]","[70, 70, 70, 70, 70, 70, 70, 70, 70, 70, 70, 70, 70, 70, 70, 70, 161, 161, 161, 161]"
20_44_34,"[4, 28, 37, 48, 62, 66, 92, 119, 119, 120, 125, 125, 133, 134, 139, 152, 152, 152, 165, 165]",[20],[44],"[0, 1, 2, 3, 4, 5, 6, 13, 15, 16, 17, 18, 19, 20, 21, 22, 23]","[4, 28, 37, 48, 62, 66, 92, 119, 119, 120, 125, 125, 133, 134, 139, 152, 152, 152, 165, 165]","[4, 28, 37, 48, 62, 66, 92, 119, 119, 120, 125, 125, 133, 134, 139, 152, 152, 152, 165, 165]"
20_44_35,"[3, 7, 11, 11, 11, 18, 19, 19, 19, 28, 58, 63, 66, 66, 67, 67, 67, 67, 73, 88]",[20],[44],"[0, 1, 2, 3, 4, 5, 6, 7, 8, 12, 13, 14, 15, 16, 17, 18, 19, 20, 21, 22]","[3, 7, 11, 11, 11, 18, 19, 19, 19, 28, 58, 63, 66, 66, 67, 67, 67, 67, 73, 88]","[3, 7, 11, 11, 11, 18, 19, 19, 19, 28, 58, 63, 66, 66, 67, 67, 67, 67, 73, 88]"
11_44_36,"[7, 21, 21, 61, 131, 176, 190, 250, 250, 263, 264, 264, 264, 264, 321, 340, 346, 361, 361, 361]",[11],[44],"[0, 1, 2, 3, 4, 5, 10, 11, 12, 13, 14, 15, 16, 17, 18, 19, 20, 21, 22, 23]","[7, 21, 21, 61, 131, 176, 190, 250, 250, 263, 264, 264, 264, 264, 321, 340, 346, 361, 361, 361]","[7, 21, 21, 61, 131, 176, 190, 250, 250, 263, 264, 264, 264, 264, 321, 340, 346, 361, 361, 361]"
3_55_37,"[0, 29, 29, 29, 43, 43, 43, 43, 47, 47, 47, 51, 53, 60, 60, 60, 60, 69, 97, 102]",[3],[55],"[0, 4, 10, 11, 12, 13, 14, 15, 16, 17, 18, 19, 20, 21, 22, 23]","[0, 29, 29, 29, 43, 43, 43, 43, 47, 47, 47, 51, 53, 60, 60, 60, 60, 69, 97, 102]","[0, 29, 29, 29, 43, 43, 43, 43, 47, 47, 47, 51, 53, 60, 60, 60, 60, 69, 97, 102]"
21_34_38,"[23, 23, 23, 23, 23, 23, 23, 23, 23, 23, 23, 23, 23, 23, 23, 23, 23, 23, 23, 23]",[21],[34],"[3, 11, 12, 13, 14, 15, 16, 17, 18]","[23, 23, 23, 23, 23, 23, 23, 23, 23, 23, 23, 23, 23, 23, 23, 23, 23, 23, 23, 23]","[23, 23, 23, 23, 23, 23, 23, 23, 23, 23, 23, 23, 23, 23, 23, 23, 23, 23, 23, 23]"
22_44_39,"[152, 152, 152, 152, 152, 247, 247, 247, 247, 247, 247, 247, 247, 247, 298, 644, 725, 725, 725, 725]",[22],[44],"[0, 1, 4, 9, 10, 11, 12, 13, 14, 15, 16, 17, 18, 19, 20, 21, 22, 23]","[152, 152, 152, 152, 152, 247, 247, 247, 247, 247, 247, 247, 247, 247, 298, 644, 725, 725, 725, 725]","[152, 152, 152, 152, 152, 247, 247, 247, 247, 247, 247, 247, 247, 247, 298, 644, 725, 725, 725, 725]"
11_26_40,"[170, 170, 190, 190, 196, 340, 340, 361, 361, 361, 361, 474, 474, 474, 474, 474, 474, 474, 474, 474]",[11],[26],"[0, 2, 3, 5, 6, 8, 9, 10, 11, 12, 13, 14, 15, 16, 17, 18, 19, 20, 21, 22]","[170, 170, 190, 190, 196, 340, 340, 361, 361, 361, 361, 474, 474, 474, 474, 474, 474, 474, 474, 474]","[170, 170, 190, 190, 196, 340, 340, 361, 361, 361, 361, 474, 474, 474, 474, 474, 474, 474, 474, 474]"
6_47_41,"[16, 16, 16, 33, 33, 48, 56, 61, 113, 181, 181, 184, 185, 194, 197, 203, 203, 213, 216, 257]",[6],[47],"[0, 2, 3, 4, 8, 11, 12, 14, 15, 16, 17, 18, 19, 20, 21, 22, 23]","[16, 16, 16, 33, 33, 48, 56, 61, 113, 181, 181, 184, 185, 194, 197, 203, 203, 213, 216, 257]","[16, 16, 16, 33, 33, 48, 56, 61, 113, 181, 181, 184, 185, 194, 197, 203, 203, 213, 216, 257]"
23_22_42,"[744, 811, 811, 811, 811, 811, 811, 811, 811, 811, 811, 811, 811, 811, 811, 811, 811, 811, 811, 811]",[23],[22],"[0, 1, 2, 3, 4, 5, 6, 7, 9, 10, 11, 12, 13, 14, 15, 16, 17, 18, 19, 20]","[744, 811, 811, 811, 811, 811, 811, 811, 811, 811, 811, 811, 811, 811, 811, 811, 811, 811, 811, 811]","[744, 811, 811, 811, 811, 811, 811, 811, 811, 811, 811, 811, 811, 811, 811, 811, 811, 811, 811, 811]"
20_55_43,"[0, 4, 37, 37, 41, 47, 58, 58, 74, 88, 89, 89, 102, 117, 117, 119, 122, 137, 137, 137]",[20],[55],"[0, 1, 2, 3, 4, 5, 6, 7, 8, 10, 12, 13, 14, 15, 16, 17, 18, 19, 20, 21]","[0, 4, 37, 37, 41, 47, 58, 58, 74, 88, 89, 89, 102, 117, 117, 119, 122, 137, 137, 137]","[0, 4, 37, 37, 41, 47, 58, 58, 74, 88, 89, 89, 102, 117, 117, 119, 122, 137, 137, 137]"
24_44_44,"[4, 55, 63, 79, 99, 109, 125, 125, 125, 125, 125, 125, 139, 145, 145, 145, 177, 177, 177, 186]",[24],[44],"[0, 1, 3, 16, 17, 18, 19, 20, 21, 22, 23]","[4, 55, 63, 79, 99, 109, 125, 125, 125, 125, 125, 125, 139, 145, 145, 145, 177, 177, 177, 186]","[4, 55, 63, 79, 99, 109, 125, 125, 125, 125, 125, 125, 139, 145, 145, 145, 177, 177, 177, 186]"
6_44_45,"[16, 16, 16, 21, 35, 40, 40, 50, 50, 50, 50, 77, 87, 88, 92, 117, 140, 140, 186, 202]",[6],[44],"[0, 1, 2, 3, 4, 5, 6, 8, 9, 12, 13, 14, 15, 16, 18, 19, 20, 21, 22, 23]","[16, 16, 16, 21, 35, 40, 40, 50, 50, 50, 50, 77, 87, 88, 92, 117, 140, 140, 186, 202]","[16, 16, 16, 21, 35, 40, 40, 50, 50, 50, 50, 77, 87, 88, 92, 117, 140, 140, 186, 202]"
9_3_46,"[3, 53, 94, 94, 94, 104, 148, 190, 190, 284, 289, 322, 322, 322, 322, 322, 322, 322, 322, 322]",[9],[3],"[0, 1, 2, 3, 4, 6, 9, 10, 11, 12, 13, 14, 15, 16, 17, 18, 19, 20, 21, 22]","[3, 53, 94, 94, 94, 104, 148, 190, 190, 284, 289, 322, 322, 322, 322, 322, 322, 322, 322, 322]","[3, 53, 94, 94, 94, 104, 148, 190, 190, 284, 289, 322, 322, 322, 322, 322, 322, 322, 322, 322]"
5_45_47,"[1, 21, 44, 51, 67, 69, 115, 122, 137, 137, 137, 137, 137, 137, 137, 137, 137, 137, 137, 137]",[5],[45],"[0, 1, 2, 3, 4, 5, 6, 7, 8, 10, 11, 12, 13, 14, 15, 16, 17, 18, 19, 20]","[1, 21, 44, 51, 67, 69, 115, 122, 137, 137, 137, 137, 137, 137, 137, 137, 137, 137, 137, 137]","[1, 21, 44, 51, 67, 69, 115, 122, 137, 137, 137, 137, 137, 137, 137, 137, 137, 137, 137, 137]"
7_44_48,"[16, 51, 76, 76, 76, 76, 76, 76, 76, 76, 76, 79, 99, 102, 145, 177, 177, 177, 177, 177]",[7],[44],"[0, 3, 5, 6, 11, 12, 13, 14, 15, 16, 17, 18, 19, 20, 21, 22, 23]","[16, 51, 76, 76, 76, 76, 76, 76, 76, 76, 76, 79, 99, 102, 145, 177, 177, 177, 177, 177]","[16, 51, 76, 76, 76, 76, 76, 76, 76, 76, 76, 79, 99, 102, 145, 177, 177, 177, 177, 177]"
3_44_49,"[17, 17, 17, 19, 32, 32, 40, 41, 51, 63, 85, 85, 97, 97, 97, 100, 115, 115, 115, 115]",[3],[44],"[0, 1, 2, 3, 4, 5, 12, 13, 14, 15, 16, 17, 18, 19, 20, 21, 22, 23]","[17, 17, 17, 19, 32, 32, 40, 41, 51, 63, 85, 85, 97, 97, 97, 100, 115, 115, 115, 115]","[17, 17, 17, 19, 32, 32, 40, 41, 51, 63, 85, 85, 97, 97, 97, 100, 115, 115, 115, 115]"
25_27_50,"[318, 318, 318, 318, 318, 318, 318, 318, 318, 318, 318, 318, 318, 318, 318, 318, 318, 318, 318, 318]",[25],[27],"[0, 1, 2, 4, 5, 7, 9, 10, 11, 12, 13, 14, 15, 16, 17, 18, 19, 20, 21, 22]","[318, 318, 318, 318, 318, 318, 318, 318, 318, 318, 318, 318, 318, 318, 318, 318, 318, 318, 318, 318]","[318, 318, 318, 318, 318, 318, 318, 318, 318, 318, 318, 318, 318, 318, 318, 318, 318, 318, 318, 318]"
26_44_51,"[95, 102, 108, 108, 108, 108, 108, 108, 108, 108, 108, 108, 108, 108, 108, 108, 108, 108, 108, 108]",[26],[44],"[0, 1, 2, 3, 5, 7, 10, 11, 12, 13, 14, 15, 16, 17, 18, 19, 20, 21, 22, 23]","[95, 102, 108, 108, 108, 108, 108, 108, 108, 108, 108, 108, 108, 108, 108, 108, 108, 108, 108, 108]","[95, 102, 108, 108, 108, 108, 108, 108, 108, 108, 108, 108, 108, 108, 108, 108, 108, 108, 108, 108]"
11_5_52,"[104, 170, 170, 170, 170, 170, 170, 170, 170, 170, 170, 170, 170, 170, 170, 170, 170, 170, 170, 170]",[11],[5],"[0, 1, 2, 3, 4, 5, 10, 11, 12, 13, 14, 15, 16, 17, 18, 19, 20, 21, 22]","[104, 170, 170, 170, 170, 170, 170, 170, 170, 170, 170, 170, 170, 170, 170, 170, 170, 170, 170, 170]","[104, 170, 170, 170, 170, 170, 170, 170, 170, 170, 170, 170, 170, 170, 170, 170, 170, 170, 170, 170]"
3_44_53,"[10, 16, 36, 48, 51, 66, 69, 69, 72, 72, 96, 98, 115, 115, 115, 115, 115, 115, 115, 115]",[3],[44],"[0, 1, 2, 3, 4, 6, 9, 14, 15, 16, 17, 18, 19, 20, 21, 22, 23]","[10, 16, 36, 48, 51, 66, 69, 69, 72, 72, 96, 98, 115, 115, 115, 115, 115, 115, 115, 115]","[10, 16, 36, 48, 51, 66, 69, 69, 72, 72, 96, 98, 115, 115, 115, 115, 115, 115, 115, 115]"
27_45_54,"[11, 33, 125, 125, 125, 125, 131, 131, 131, 131, 150, 193, 193, 228, 382, 382, 382, 382, 382, 382]",[27],[45],"[0, 3, 10, 11, 12, 13, 14, 15, 16, 17, 18, 19, 20, 21, 23]","[11, 33, 125, 125, 125, 125, 131, 131, 131, 131, 150, 193, 193, 228, 382, 382, 382, 382, 382, 382]","[11, 33, 125, 125, 125, 125, 131, 131, 131, 131, 150, 193, 193, 228, 382, 382, 382, 382, 382, 382]"
21_38_55,"[361, 361, 361, 361, 361, 361, 361, 361, 361, 361, 361, 361, 361, 361, 361, 361, 361, 361, 361, 361]",[21],[38],"[0, 1, 2, 3, 4, 5, 6, 7, 9, 10, 11, 12, 13, 14, 15, 16, 17, 18, 20, 21]","[361, 361, 361, 361, 361, 361, 361, 361, 361, 361, 361, 361, 361, 361, 361, 361, 361, 361, 361, 361]","[361, 361, 361, 361, 361, 361, 361, 361, 361, 361, 361, 361, 361, 361, 361, 361, 361, 361, 361, 361]"
11_55_56,"[65, 669, 669, 759, 857, 857, 857, 857, 857, 857, 857, 857, 857, 857, 857, 857, 857, 857, 857, 857]",[11],[55],"[0, 1, 2, 3, 4, 5, 6, 7, 8, 10, 11, 12, 13, 14, 16, 17, 19, 20, 21, 22]","[65, 669, 669, 759, 857, 857, 857, 857, 857, 857, 857, 857, 857, 857, 857, 857, 857, 857, 857, 857]","[65, 669, 669, 759, 857, 857, 857, 857, 857, 857, 857, 857, 857, 857, 857, 857, 857, 857, 857, 857]"
21_44_57,"[47, 47, 47, 47, 47, 47, 47, 47, 47, 47, 47, 47, 47, 47, 47, 47, 47, 47, 47, 47]",[21],[44],"[1, 10, 11, 12, 13, 14, 15, 16, 17, 18, 19, 20, 21, 22, 23]","[47, 47, 47, 47, 47, 47, 47, 47, 47, 47, 47, 47, 47, 47, 47, 47, 47, 47, 47, 47]","[47, 47, 47, 47, 47, 47, 47, 47, 47, 47, 47, 47, 47, 47, 47, 47, 47, 47, 47, 47]"
28_27_58,"[318, 318, 318, 318, 318, 318, 318, 318, 318, 318, 318, 318, 318, 318, 318, 318, 318, 318, 318, 318]",[28],[27],"[1, 7, 9, 10, 11, 12, 13, 14, 15, 16, 17, 18, 19, 20, 21, 22, 23]","[318, 318, 318, 318, 318, 318, 318, 318, 318, 318, 318, 318, 318, 318, 318, 318, 318, 318, 318, 318]","[318, 318, 318, 318, 318, 318, 318, 318, 318, 318, 318, 318, 318, 318, 318, 318, 318, 318, 318, 318]"
11_44_59,"[91, 104, 162, 170, 281, 281, 329, 355, 361, 361, 361, 361, 361, 361, 361, 361, 361, 361, 361, 361]",[11],[44],"[0, 1, 2, 3, 4, 5, 6, 7, 9, 10, 11, 13, 14, 15, 16, 17, 18, 19, 20, 21]","[91, 104, 162, 170, 281, 281, 329, 355, 361, 361, 361, 361, 361, 361, 361, 361, 361, 361, 361, 361]","[91, 104, 162, 170, 281, 281, 329, 355, 361, 361, 361, 361, 361, 361, 361, 361, 361, 361, 361, 361]"
0_41_60,"[1, 1, 16, 16, 55, 82, 82, 82, 82, 82, 82, 82, 82, 122, 123, 133, 133, 158, 177, 199]",[0],[41],"[0, 1, 2, 3, 4, 5, 8, 10, 11, 12, 13, 14, 15, 16, 17, 18, 19, 20, 21, 22]","[1, 1, 16, 16, 55, 82, 82, 82, 82, 82, 82, 82, 82, 122, 123, 133, 133, 158, 177, 199]","[1, 1, 16, 16, 55, 82, 82, 82, 82, 82, 82, 82, 82, 122, 123, 133, 133, 158, 177, 199]"
9_75_61,"[16, 27, 50, 50, 50, 57, 61, 61, 72, 76, 76, 109, 146, 158, 160, 197, 207, 214, 256, 256]",[9],[75],"[0, 1, 2, 3, 4, 5, 6, 8, 9, 10, 11, 12, 14, 15, 16, 17, 18, 19, 20, 21]","[16, 27, 50, 50, 50, 57, 61, 61, 72, 76, 76, 109, 146, 158, 160, 197, 207, 214, 256, 256]","[16, 27, 50, 50, 50, 57, 61, 61, 72, 76, 76, 109, 146, 158, 160, 197, 207, 214, 256, 256]"
29_27_62,"[318, 318, 318, 318, 318, 318, 318, 318, 318, 318, 318, 318, 318, 318, 318, 318, 318, 318, 318, 318]",[29],[27],"[0, 1, 2, 3, 4, 6, 9, 10, 11, 12, 13, 14, 15, 16, 17, 18, 19, 20, 21, 22]","[318, 318, 318, 318, 318, 318, 318, 318, 318, 318, 318, 318, 318, 318, 318, 318, 318, 318, 318, 318]","[318, 318, 318, 318, 318, 318, 318, 318, 318, 318, 318, 318, 318, 318, 318, 318, 318, 318, 318, 318]"
16_41_63,"[685, 685, 685, 685, 685, 685, 685, 685, 685, 685, 685, 685, 685, 685, 685, 685, 685, 685, 685, 685]",[16],[41],"[0, 1, 2, 3, 4, 5, 7, 8, 11, 12, 13, 14, 15, 16, 17, 18, 19, 20, 21, 22]","[685, 685, 685, 685, 685, 685, 685, 685, 685, 685, 685, 685, 685, 685, 685, 685, 685, 685, 685, 685]","[685, 685, 685, 685, 685, 685, 685, 685, 685, 685, 685, 685, 685, 685, 685, 685, 685, 685, 685, 685]"
1_18_64,"[32, 32, 32, 37, 59, 72, 89, 89, 100, 100, 106, 123, 123, 129, 186, 203, 275, 308, 308, 388]",[1],[18],"[0, 1, 2, 3, 4, 5, 9, 10, 11, 12, 13, 14, 15, 16, 17, 18, 19, 20, 21, 22]","[32, 32, 32, 37, 59, 72, 89, 89, 100, 100, 106, 123, 123, 129, 186, 203, 275, 308, 308, 388]","[32, 32, 32, 37, 59, 72, 89, 89, 100, 100, 106, 123, 123, 129, 186, 203, 275, 308, 308, 388]"
30_44_65,"[83, 85, 88, 88, 88, 88, 88, 88, 88, 88, 88, 88, 88, 88, 88, 88, 88, 88, 88, 88]",[30],[44],"[0, 1, 2, 3, 4, 5, 6, 8, 9, 13, 15, 16, 17, 18, 19, 20, 21, 22, 23]","[83, 85, 88, 88, 88, 88, 88, 88, 88, 88, 88, 88, 88, 88, 88, 88, 88, 88, 88, 88]","[83, 85, 88, 88, 88, 88, 88, 88, 88, 88, 88, 88, 88, 88, 88, 88, 88, 88, 88, 88]"
12_33_66,"[682, 682, 682, 682, 682, 682, 682, 682, 682, 682, 682, 682, 682, 682, 682, 682, 682, 682, 682, 682]",[12],[33],"[0, 1, 10, 11, 12, 13, 16, 19, 20, 21, 22, 23]","[682, 682, 682, 682, 682, 682, 682, 682, 682, 682, 682, 682, 682, 682, 682, 682, 682, 682, 682, 682]","[682, 682, 682, 682, 682, 682, 682, 682, 682, 682, 682, 682, 682, 682, 682, 682, 682, 682, 682, 682]"
22_44_67,"[394, 394, 420, 429, 429, 429, 429, 429, 429, 429, 429, 429, 429, 429, 429, 429, 482, 482, 482, 482]",[22],[44],"[0, 10, 11, 12, 13, 14, 15, 16, 17, 18, 19, 20, 21, 22, 23]","[394, 394, 420, 429, 429, 429, 429, 429, 429, 429, 429, 429, 429, 429, 429, 429, 482, 482, 482, 482]","[394, 394, 420, 429, 429, 429, 429, 429, 429, 429, 429, 429, 429, 429, 429, 429, 482, 482, 482, 482]"
11_34_68,"[31, 31, 31, 31, 31, 31, 31, 31, 31, 31, 50, 50, 50, 50, 50, 50, 50, 50, 50, 50]",[11],[34],"[0, 1, 2, 3, 4, 5, 7, 8, 9, 10, 11, 12, 13, 14, 15, 16, 17, 18, 19, 20]","[31, 31, 31, 31, 31, 31, 31, 31, 31, 31, 50, 50, 50, 50, 50, 50, 50, 50, 50, 50]","[31, 31, 31, 31, 31, 31, 31, 31, 31, 31, 50, 50, 50, 50, 50, 50, 50, 50, 50, 50]"
0_43_69,"[58, 58, 58, 58, 58, 58, 58, 58, 58, 58, 156, 232, 278, 306, 309, 309, 333, 385, 450, 472]",[0],[43],"[0, 1, 2, 3, 4, 5, 8, 10, 11, 12, 13, 14, 15, 16, 17, 18, 19, 20, 21, 22]","[58, 58, 58, 58, 58, 58, 58, 58, 58, 58, 156, 232, 278, 306, 309, 309, 333, 385, 450, 472]","[58, 58, 58, 58, 58, 58, 58, 58, 58, 58, 156, 232, 278, 306, 309, 309, 333, 385, 450, 472]"
16_46_70,"[345, 345, 345, 345, 345, 345, 345, 345, 345, 345, 345, 345, 345, 345, 345, 345, 345, 345, 345, 345]",[16],[46],"[0, 1, 2, 3, 4, 5, 7, 8, 10, 11, 12, 13, 14, 15, 16, 17, 18, 19, 20, 21]","[345, 345, 345, 345, 345, 345, 345, 345, 345, 345, 345, 345, 345, 345, 345, 345, 345, 345, 345, 345]","[345, 345, 345, 345, 345, 345, 345, 345, 345, 345, 345, 345, 345, 345, 345, 345, 345, 345, 345, 345]"
9_35_71,"[3, 13, 13, 17, 62, 70, 73, 75, 90, 160, 161, 225, 232, 237, 249, 276, 276, 289, 334, 335]",[9],[35],"[0, 1, 2, 3, 4, 5, 6, 7, 8, 9, 10, 11, 12, 13, 14, 15, 16, 17, 18, 19]","[3, 13, 13, 17, 62, 70, 73, 75, 90, 160, 161, 225, 232, 237, 249, 276, 276, 289, 334, 335]","[3, 13, 13, 17, 62, 70, 73, 75, 90, 160, 161, 225, 232, 237, 249, 276, 276, 289, 334, 335]"
11_65_72,"[69, 69, 170, 250, 460, 460, 460, 460, 460, 460, 460, 460, 460, 460, 460, 460, 460, 460, 460, 460]",[11],[65],"[0, 1, 3, 4, 5, 6, 9, 12, 13, 14, 15, 16, 17, 18, 19, 20, 21, 22, 23]","[69, 69, 170, 250, 460, 460, 460, 460, 460, 460, 460, 460, 460, 460, 460, 460, 460, 460, 460, 460]","[69, 69, 170, 250, 460, 460, 460, 460, 460, 460, 460, 460, 460, 460, 460, 460, 460, 460, 460, 460]"
11_66_73,"[264, 264, 694, 694, 860, 860, 861, 861, 861, 861, 861, 861, 861, 861, 861, 861, 861, 861, 861, 861]",[11],[66],"[0, 1, 2, 4, 9, 10, 11, 12, 13, 14, 15, 16, 17, 18, 19, 20, 21]","[264, 264, 694, 694, 860, 860, 861, 861, 861, 861, 861, 861, 861, 861, 861, 861, 861, 861, 861, 861]","[264, 264, 694, 694, 860, 860, 861, 861, 861, 861, 861, 861, 861, 861, 861, 861, 861, 861, 861, 861]"
11_34_74,"[293, 293, 293, 293, 293, 293, 293, 293, 293, 293, 293, 293, 293, 293, 293, 293, 293, 293, 293, 293]",[11],[34],"[0, 1, 12, 16, 17, 18, 20, 22, 23]","[293, 293, 293, 293, 293, 293, 293, 293, 293, 293, 293, 293, 293, 293, 293, 293, 293, 293, 293, 293]","[293, 293, 293, 293, 293, 293, 293, 293, 293, 293, 293, 293, 293, 293, 293, 293, 293, 293, 293, 293]"
0_34_75,"[1, 23, 27, 122, 134, 158, 207, 220, 220, 232, 250, 250, 293, 357, 357, 365, 414, 437, 455, 455]",[0],[34],"[0, 1, 2, 3, 4, 7, 10, 11, 12, 13, 15, 16, 18, 19, 20, 21, 22, 23]","[1, 23, 27, 122, 134, 158, 207, 220, 220, 232, 250, 250, 293, 357, 357, 365, 414, 437, 455, 455]","[1, 23, 27, 122, 134, 158, 207, 220, 220, 232, 250, 250, 293, 357, 357, 365, 414, 437, 455, 455]"
31_34_76,"[553, 553, 553, 553, 553, 553, 553, 553, 553, 553, 553, 553, 553, 553, 553, 553, 553, 553, 553, 553]",[31],[34],"[0, 1, 3, 5, 8, 9, 10, 11, 12, 13, 14, 15, 16, 17, 18, 19, 20, 21, 22, 23]","[553, 553, 553, 553, 553, 553, 553, 553, 553, 553, 553, 553, 553, 553, 553, 553, 553, 553, 553, 553]","[553, 553, 553, 553, 553, 553, 553, 553, 553, 553, 553, 553, 553, 553, 553, 553, 553, 553, 553, 553]"
16_36_77,"[727, 727, 727, 727, 727, 727, 727, 727, 727, 727, 727, 727, 727, 727, 727, 727, 727, 727, 727, 727]",[16],[36],"[2, 3, 4, 5, 6, 7, 8, 9, 16, 17, 18, 19, 21, 22, 23]","[727, 727, 727, 727, 727, 727, 727, 727, 727, 727, 727, 727, 727, 727, 727, 727, 727, 727, 727, 727]","[727, 727, 727, 727, 727, 727, 727, 727, 727, 727, 727, 727, 727, 727, 727, 727, 727, 727, 727, 727]"
12_58_78,"[876, 876, 876, 876, 876, 876, 876, 876, 876, 876, 876, 876, 876, 876, 876, 876, 876, 876, 876, 876]",[12],[58],"[0, 1, 2, 3, 8, 9, 10, 11, 12, 13, 15, 16, 17, 18, 19, 20, 21, 22, 23]","[876, 876, 876, 876, 876, 876, 876, 876, 876, 876, 876, 876, 876, 876, 876, 876, 876, 876, 876, 876]","[876, 876, 876, 876, 876, 876, 876, 876, 876, 876, 876, 876, 876, 876, 876, 876, 876, 876, 876, 876]"
22_45_79,"[273, 273, 273, 273, 273, 273, 273, 273, 273, 273, 273, 315, 315, 315, 376, 394, 394, 409, 600, 600]",[22],[45],"[0, 1, 4, 9, 10, 11, 12, 13, 14, 15, 17, 18, 19, 20, 21, 22, 23]","[273, 273, 273, 273, 273, 273, 273, 273, 273, 273, 273, 315, 315, 315, 376, 394, 394, 409, 600, 600]","[273, 273, 273, 273, 273, 273, 273, 273, 273, 273, 273, 315, 315, 315, 376, 394, 394, 409, 600, 600]"
32_25_80,"[293, 293, 293, 293, 293, 293, 293, 293, 293, 293, 293, 293, 293, 293, 293, 293, 293, 293, 293, 293]",[32],[25],"[11, 13, 14, 15, 16, 17, 18, 19, 20, 21, 22, 23]","[293, 293, 293, 293, 293, 293, 293, 293, 293, 293, 293, 293, 293, 293, 293, 293, 293, 293, 293, 293]","[293, 293, 293, 293, 293, 293, 293, 293, 293, 293, 293, 293, 293, 293, 293, 293, 293, 293, 293, 293]"
12_94_81,"[618, 777, 777, 777, 777, 777, 777, 777, 777, 777, 777, 777, 777, 777, 777, 777, 777, 777, 777, 777]",[12],[94],"[0, 1, 2, 4, 5, 6, 7, 8, 11, 12, 13, 15, 16, 17, 18, 19, 20, 21, 22, 23]","[618, 777, 777, 777, 777, 777, 777, 777, 777, 777, 777, 777, 777, 777, 777, 777, 777, 777, 777, 777]","[618, 777, 777, 777, 777, 777, 777, 777, 777, 777, 777, 777, 777, 777, 777, 777, 777, 777, 777, 777]"
16_48_82,"[1006, 1006, 1006, 1006, 1006, 1006, 1006, 1006, 1006, 1006, 1006, 1006, 1006, 1006, 1006, 1006, 1006, 1006, 1006, 1006]",[16],[48],"[0, 2, 3, 4, 5, 6, 9, 10, 11, 12, 13, 14, 16, 17, 18, 19, 20, 21, 22, 23]","[1006, 1006, 1006, 1006, 1006, 1006, 1006, 1006, 1006, 1006, 1006, 1006, 1006, 1006, 1006, 1006, 1006, 1006, 1006, 1006]","[1006, 1006, 1006, 1006, 1006, 1006, 1006, 1006, 1006, 1006, 1006, 1006, 1006, 1006, 1006, 1006, 1006, 1006, 1006, 1006]"
16_35_83,"[293, 293, 293, 293, 293, 293, 293, 293, 293, 293, 293, 293, 293, 293, 293, 293, 293, 293, 293, 293]",[16],[35],"[0, 11, 12, 13, 14, 15, 16, 17, 18, 19, 20, 21, 22, 23]","[293, 293, 293, 293, 293, 293, 293, 293, 293, 293, 293, 293, 293, 293, 293, 293, 293, 293, 293, 293]","[293, 293, 293, 293, 293, 293, 293, 293, 293, 293, 293, 293, 293, 293, 293, 293, 293, 293, 293, 293]"
21_53_84,"[597, 597, 597, 597, 597, 597, 597, 597, 597, 597, 597, 597, 597, 597, 597, 597, 597, 597, 597, 597]",[21],[53],"[12, 13, 14, 15, 16, 17, 18, 21, 22]","[597, 597, 597, 597, 597, 597, 597, 597, 597, 597, 597, 597, 597, 597, 597, 597, 597, 597, 597, 597]","[597, 597, 597, 597, 597, 597, 597, 597, 597, 597, 597, 597, 597, 597, 597, 597, 597, 597, 597, 597]"
9_45_85,"[30, 53, 53, 53, 53, 53, 53, 53, 53, 65, 107, 107, 107, 173, 176, 213, 228, 349, 350, 407]",[9],[45],"[0, 1, 2, 3, 4, 5, 7, 8, 9, 10, 11, 12, 13, 14, 15, 16, 17, 19, 20, 21]","[30, 53, 53, 53, 53, 53, 53, 53, 53, 65, 107, 107, 107, 173, 176, 213, 228, 349, 350, 407]","[30, 53, 53, 53, 53, 53, 53, 53, 53, 65, 107, 107, 107, 173, 176, 213, 228, 349, 350, 407]"
30_44_86,"[18, 18, 26, 51, 128, 128, 128, 128, 128, 152, 171, 239, 247, 272, 290, 290, 360, 447, 513, 551]",[30],[44],"[0, 1, 2, 3, 4, 6, 16, 17, 18, 19, 20, 22, 23]","[18, 18, 26, 51, 128, 128, 128, 128, 128, 152, 171, 239, 247, 272, 290, 290, 360, 447, 513, 551]","[18, 18, 26, 51, 128, 128, 128, 128, 128, 152, 171, 239, 247, 272, 290, 290, 360, 447, 513, 551]"
21_44_87,"[91, 91, 91, 91, 91, 91, 91, 91, 91, 91, 91, 91, 91, 91, 91, 91, 91, 91, 91, 91]",[21],[44],"[0, 12, 13, 14, 15, 16, 17, 18, 19, 20, 21, 22]","[91, 91, 91, 91, 91, 91, 91, 91, 91, 91, 91, 91, 91, 91, 91, 91, 91, 91, 91, 91]","[91, 91, 91, 91, 91, 91, 91, 91, 91, 91, 91, 91, 91, 91, 91, 91, 91, 91, 91, 91]"
21_34_88,"[12, 12, 142, 164, 164, 340, 648, 769, 769, 769, 769, 769, 769, 769, 769, 769, 769, 769, 769, 937]",[21],[34],"[0, 1, 2, 3, 4, 8, 9, 10, 11, 12, 13, 14, 16, 18, 20, 21, 22, 23]","[12, 12, 142, 164, 164, 340, 648, 769, 769, 769, 769, 769, 769, 769, 769, 769, 769, 769, 769, 937]","[12, 12, 142, 164, 164, 340, 648, 769, 769, 769, 769, 769, 769, 769, 769, 769, 769, 769, 769, 937]"
22_44_89,"[36, 36, 36, 84, 84, 84, 84, 84, 84, 84, 84, 84, 84, 84, 84, 84, 84, 84, 84, 84]",[22],[44],"[0, 1, 10, 11, 12, 13, 14, 15, 16, 17, 18, 19, 20, 21, 22, 23]","[36, 36, 36, 84, 84, 84, 84, 84, 84, 84, 84, 84, 84, 84, 84, 84, 84, 84, 84, 84]","[36, 36, 36, 84, 84, 84, 84, 84, 84, 84, 84, 84, 84, 84, 84, 84, 84, 84, 84, 84]"
8_44_90,"[16, 51, 100, 100, 100, 186, 187, 219, 219, 219, 238, 272, 296, 333, 337, 379, 514, 540, 616, 739]",[8],[44],"[0, 2, 3, 7, 11, 12, 13, 14, 16, 17, 18, 19, 20, 21, 22, 23]","[16, 51, 100, 100, 100, 186, 187, 219, 219, 219, 238, 272, 296, 333, 337, 379, 514, 540, 616, 739]","[16, 51, 100, 100, 100, 186, 187, 219, 219, 219, 238, 272, 296, 333, 337, 379, 514, 540, 616, 739]"
28_27_91,"[318, 318, 318, 318, 318, 318, 318, 318, 318, 318, 318, 318, 318, 318, 318, 318, 318, 318, 318, 318]",[28],[27],"[0, 1, 2, 3, 4, 9, 10, 11, 12, 13, 14, 15, 16, 17, 18, 19, 20, 21, 22, 23]","[318, 318, 318, 318, 318, 318, 318, 318, 318, 318, 318, 318, 318, 318, 318, 318, 318, 318, 318, 318]","[318, 318, 318, 318, 318, 318, 318, 318, 318, 318, 318, 318, 318, 318, 318, 318, 318, 318, 318, 318]"
4_93_92,"[174, 174, 174, 174, 174, 174, 174, 174, 174, 174, 174, 174, 174, 174, 174, 174, 174, 174, 174, 174]",[4],[93],"[0, 1, 2, 3, 4, 6, 8, 9, 10, 11, 12, 13, 14, 15, 16, 17, 18, 19, 20, 21]","[174, 174, 174, 174, 174, 174, 174, 174, 174, 174, 174, 174, 174, 174, 174, 174, 174, 174, 174, 174]","[174, 174, 174, 174, 174, 174, 174, 174, 174, 174, 174, 174, 174, 174, 174, 174, 174, 174, 174, 174]"
33_27_93,"[318, 318, 318, 318, 318, 318, 318, 318, 318, 318, 318, 318, 318, 318, 318, 318, 318, 318, 318, 318]",[33],[27],"[0, 1, 2, 3, 4, 6, 9, 10, 11, 12, 13, 14, 15, 16, 17, 18, 19, 20, 21, 22]","[318, 318, 318, 318, 318, 318, 318, 318, 318, 318, 318, 318, 318, 318, 318, 318, 318, 318, 318, 318]","[318, 318, 318, 318, 318, 318, 318, 318, 318, 318, 318, 318, 318, 318, 318, 318, 318, 318, 318, 318]"
32_94_94,"[777, 777, 777, 777, 777, 777, 777, 777, 777, 777, 777, 777, 777, 777, 777, 777, 777, 777, 777, 777]",[32],[94],"[0, 1, 2, 3, 4, 5, 6, 7, 8, 13, 14, 15, 16, 17, 18, 19, 20, 21, 22, 23]","[777, 777, 777, 777, 777, 777, 777, 777, 777, 777, 777, 777, 777, 777, 777, 777, 777, 777, 777, 777]","[777, 777, 777, 777, 777, 777, 777, 777, 777, 777, 777, 777, 777, 777, 777, 777, 777, 777, 777, 777]"
2_5_95,"[308, 308, 308, 308, 308, 764, 764, 764, 764, 764, 764, 764, 764, 764, 764, 764, 764, 764, 764, 764]",[2],[5],"[0, 1, 2, 3, 4, 5, 6, 7, 9, 10, 11, 12, 13, 14, 15, 16, 17, 18, 19, 20]","[308, 308, 308, 308, 308, 764, 764, 764, 764, 764, 764, 764, 764, 764, 764, 764, 764, 764, 764, 764]","[308, 308, 308, 308, 308, 764, 764, 764, 764, 764, 764, 764, 764, 764, 764, 764, 764, 764, 764, 764]"
16_50_96,"[678, 678, 678, 678, 678, 678, 678, 678, 678, 678, 678, 678, 678, 678, 678, 678, 678, 678, 678, 678]",[16],[50],"[0, 1, 3, 4, 5, 7, 8, 11, 12, 13, 14, 15, 16, 17, 18, 19, 20, 21, 22, 23]","[678, 678, 678, 678, 678, 678, 678, 678, 678, 678, 678, 678, 678, 678, 678, 678, 678, 678, 678, 678]","[678, 678, 678, 678, 678, 678, 678, 678, 678, 678, 678, 678, 678, 678, 678, 678, 678, 678, 678, 678]"
30_93_97,"[174, 174, 174, 174, 174, 174, 174, 174, 174, 174, 174, 174, 174, 174, 174, 174, 174, 174, 174, 174]",[30],[93],"[2, 3, 5, 8, 9, 10, 11, 12, 13, 14, 15, 16, 17, 18, 20, 21, 22, 23]","[174, 174, 174, 174, 174, 174, 174, 174, 174, 174, 174, 174, 174, 174, 174, 174, 174, 174, 174, 174]","[174, 174, 174, 174, 174, 174, 174, 174, 174, 174, 174, 174, 174, 174, 174, 174, 174, 174, 174, 174]"
16_94_98,"[20, 20, 20, 20, 20, 20, 20, 20, 20, 20, 20, 20, 20, 20, 20, 20, 20, 20, 20, 20]",[16],[94],"[0, 1, 2, 3, 4, 5, 7, 11, 12, 14, 15, 16, 17, 19, 20, 21, 22, 23]","[20, 20, 20, 20, 20, 20, 20, 20, 20, 20, 20, 20, 20, 20, 20, 20, 20, 20, 20, 20]","[20, 20, 20, 20, 20, 20, 20, 20, 20, 20, 20, 20, 20, 20, 20, 20, 20, 20, 20, 20]"
21_44_99,"[58, 58, 58, 58, 58, 58, 58, 58, 58, 58, 58, 58, 58, 58, 58, 58, 58, 58, 58, 58]",[21],[44],"[10, 11, 12, 13, 14, 15, 16, 17, 18, 19, 20, 21, 22]","[58, 58, 58, 58, 58, 58, 58, 58, 58, 58, 58, 58, 58, 58, 58, 58, 58, 58, 58, 58]","[58, 58, 58, 58, 58, 58, 58, 58, 58, 58, 58, 58, 58, 58, 58, 58, 58, 58, 58, 58]"
21_44_100,"[117, 117, 117, 117, 117, 117, 117, 117, 117, 117, 117, 117, 117, 117, 117, 117, 117, 117, 117, 117]",[21],[44],"[10, 11, 12, 13, 14, 17, 19]","[117, 117, 117, 117, 117, 117, 117, 117, 117, 117, 117, 117, 117, 117, 117, 117, 117, 117, 117, 117]","[117, 117, 117, 117, 117, 117, 117, 117, 117, 117, 117, 117, 117, 117, 117, 117, 117, 117, 117, 117]"
16_75_101,"[1008, 1008, 1008, 1008, 1008, 1008, 1008, 1008, 1008, 1008, 1008, 1008, 1008, 1008, 1008, 1008, 1008, 1008, 1008, 1008]",[16],[75],"[1, 2, 3, 4, 5, 6, 8, 9, 10, 11, 12, 13, 14, 15, 16, 17, 23]","[1008, 1008, 1008, 1008, 1008, 1008, 1008, 1008, 1008, 1008, 1008, 1008, 1008, 1008, 1008, 1008, 1008, 1008, 1008, 1008]","[1008, 1008, 1008, 1008, 1008, 1008, 1008, 1008, 1008, 1008, 1008, 1008, 1008, 1008, 1008, 1008, 1008, 1008, 1008, 1008]"
34_5_102,"[90, 191, 191, 254, 340, 340, 340, 340, 340, 340, 340, 340, 340, 340, 340, 340, 340, 443, 518, 518]",[34],[5],"[0, 1, 3, 9, 10, 11, 12, 13, 14, 15, 16, 17, 18, 19, 20, 22]","[90, 191, 191, 254, 340, 340, 340, 340, 340, 340, 340, 340, 340, 340, 340, 340, 340, 443, 518, 518]","[90, 191, 191, 254, 340, 340, 340, 340, 340, 340, 340, 340, 340, 340, 340, 340, 340, 443, 518, 518]"
16_92_103,"[549, 549, 549, 549, 549, 549, 549, 549, 549, 549, 549, 549, 549, 549, 549, 549, 549, 549, 549, 549]",[16],[92],"[0, 1, 2, 3, 5, 6, 7, 9, 11, 12, 13, 14, 15, 16, 17, 18, 19, 20, 21, 22]","[549, 549, 549, 549, 549, 549, 549, 549, 549, 549, 549, 549, 549, 549, 549, 549, 549, 549, 549, 549]","[549, 549, 549, 549, 549, 549, 549, 549, 549, 549, 549, 549, 549, 549, 549, 549, 549, 549, 549, 549]"
35_93_104,"[174, 174, 174, 174, 174, 174, 174, 174, 174, 174, 174, 174, 174, 174, 174, 174, 174, 174, 174, 174]",[35],[93],"[0, 2, 3, 6, 10, 11, 12, 13, 14, 15, 16, 17, 18, 19, 20, 21, 22, 23]","[174, 174, 174, 174, 174, 174, 174, 174, 174, 174, 174, 174, 174, 174, 174, 174, 174, 174, 174, 174]","[174, 174, 174, 174, 174, 174, 174, 174, 174, 174, 174, 174, 174, 174, 174, 174, 174, 174, 174, 174]"
25_44_105,"[131, 131, 131, 131, 131, 291, 291, 291, 323, 323, 394, 394, 394, 394, 394, 394, 394, 394, 394, 394]",[25],[44],"[0, 2, 3, 4, 5, 7, 8, 9, 10, 11, 12, 13, 14, 15, 16, 17, 18, 19, 20, 21]","[131, 131, 131, 131, 131, 291, 291, 291, 323, 323, 394, 394, 394, 394, 394, 394, 394, 394, 394, 394]","[131, 131, 131, 131, 131, 291, 291, 291, 323, 323, 394, 394, 394, 394, 394, 394, 394, 394, 394, 394]"
7_44_106,"[103, 103, 187, 215, 256, 456, 456, 489, 489, 489, 489, 489, 489, 489, 489, 551, 551, 551, 551, 551]",[7],[44],"[0, 1, 2, 3, 4, 5, 6, 7, 9, 10, 11, 12, 13, 14, 15, 16, 17, 18, 19, 20]","[103, 103, 187, 215, 256, 456, 456, 489, 489, 489, 489, 489, 489, 489, 489, 551, 551, 551, 551, 551]","[103, 103, 187, 215, 256, 456, 456, 489, 489, 489, 489, 489, 489, 489, 489, 551, 551, 551, 551, 551]"
8_28_107,"[610, 1051, 1051, 1051, 1051, 1051, 1051, 1051, 1051, 1051, 1051, 1051, 1051, 1051, 1051, 1051, 1051, 1051, 1051, 1051]",[8],[28],"[0, 1, 2, 3, 4, 5, 6, 7, 8, 9, 10, 11, 12, 13, 14, 23]","[610, 1051, 1051, 1051, 1051, 1051, 1051, 1051, 1051, 1051, 1051, 1051, 1051, 1051, 1051, 1051, 1051, 1051, 1051, 1051]","[610, 1051, 1051, 1051, 1051, 1051, 1051, 1051, 1051, 1051, 1051, 1051, 1051, 1051, 1051, 1051, 1051, 1051, 1051, 1051]"
21_44_108,"[48, 48, 48, 48, 48, 48, 48, 48, 48, 48, 48, 48, 48, 48, 48, 48, 48, 48, 48, 48]",[21],[44],"[12, 13, 14, 15, 17, 20, 22]","[48, 48, 48, 48, 48, 48, 48, 48, 48, 48, 48, 48, 48, 48, 48, 48, 48, 48, 48, 48]","[48, 48, 48, 48, 48, 48, 48, 48, 48, 48, 48, 48, 48, 48, 48, 48, 48, 48, 48, 48]"
16_55_109,"[551, 551, 551, 551, 551, 551, 551, 551, 551, 551, 551, 551, 551, 551, 551, 551, 551, 551, 551, 551]",[16],[55],"[0, 1, 2, 3, 4, 5, 6, 7, 9, 10, 11, 12, 13, 14, 15, 16, 17, 18, 19, 20]","[551, 551, 551, 551, 551, 551, 551, 551, 551, 551, 551, 551, 551, 551, 551, 551, 551, 551, 551, 551]","[551, 551, 551, 551, 551, 551, 551, 551, 551, 551, 551, 551, 551, 551, 551, 551, 551, 551, 551, 551]"
36_93_110,"[174, 174, 174, 174, 174, 174, 174, 174, 174, 174, 174, 174, 174, 174, 174, 174, 174, 174, 174, 174]",[36],[93],"[0, 1, 2, 3, 5, 9, 10, 11, 12, 13, 14, 15, 16, 17, 18, 19, 20, 21, 22, 23]","[174, 174, 174, 174, 174, 174, 174, 174, 174, 174, 174, 174, 174, 174, 174, 174, 174, 174, 174, 174]","[174, 174, 174, 174, 174, 174, 174, 174, 174, 174, 174, 174, 174, 174, 174, 174, 174, 174, 174, 174]"
37_87_111,"[358, 491, 614, 614, 614, 614, 614, 614, 614, 614, 614, 614, 614, 614, 614, 614, 614, 614, 614, 614]",[37],[87],"[0, 1, 9, 10, 11, 13, 14, 15, 16, 17, 19, 22]","[358, 491, 614, 614, 614, 614, 614, 614, 614, 614, 614, 614, 614, 614, 614, 614, 614, 614, 614, 614]","[358, 491, 614, 614, 614, 614, 614, 614, 614, 614, 614, 614, 614, 614, 614, 614, 614, 614, 614, 614]"
0_43_112,"[61, 61, 75, 168, 197, 197, 256, 257, 322, 322, 322, 322, 322, 322, 322, 326, 329, 329, 329, 329]",[0],[43],"[0, 1, 2, 3, 4, 11, 12, 13, 14, 15, 16, 17, 18, 19, 20, 21, 22, 23]","[61, 61, 75, 168, 197, 197, 256, 257, 322, 322, 322, 322, 322, 322, 322, 326, 329, 329, 329, 329]","[61, 61, 75, 168, 197, 197, 256, 257, 322, 322, 322, 322, 322, 322, 322, 326, 329, 329, 329, 329]"
11_4_113,"[104, 104, 104, 104, 104, 104, 104, 104, 104, 104, 104, 104, 104, 104, 104, 104, 104, 104, 104, 104]",[11],[4],"[0, 1, 2, 3, 4, 7, 11, 12, 13, 14, 15, 16, 18, 19, 20, 21, 22, 23]","[104, 104, 104, 104, 104, 104, 104, 104, 104, 104, 104, 104, 104, 104, 104, 104, 104, 104, 104, 104]","[104, 104, 104, 104, 104, 104, 104, 104, 104, 104, 104, 104, 104, 104, 104, 104, 104, 104, 104, 104]"
15_33_114,"[45, 173, 177, 178, 208, 286, 309, 309, 309, 325, 325, 325, 331, 367, 367, 367, 383, 383, 461, 461]",[15],[33],"[0, 1, 7, 8, 12, 14, 15, 16, 17, 18, 19, 20, 21, 22, 23]","[45, 173, 177, 178, 208, 286, 309, 309, 309, 325, 325, 325, 331, 367, 367, 367, 383, 383, 461, 461]","[45, 173, 177, 178, 208, 286, 309, 309, 309, 325, 325, 325, 331, 367, 367, 367, 383, 383, 461, 461]"
30_93_115,"[174, 174, 174, 174, 174, 174, 174, 174, 174, 174, 174, 174, 174, 174, 174, 174, 174, 174, 174, 174]",[30],[93],"[0, 1, 2, 3, 4, 5, 10, 11, 12, 13, 14, 15, 16, 17, 18, 19, 20, 21, 22, 23]","[174, 174, 174, 174, 174, 174, 174, 174, 174, 174, 174, 174, 174, 174, 174, 174, 174, 174, 174, 174]","[174, 174, 174, 174, 174, 174, 174, 174, 174, 174, 174, 174, 174, 174, 174, 174, 174, 174, 174, 174]"
30_34_116,"[227, 227, 227, 227, 227, 227, 227, 227, 227, 227, 248, 504, 504, 584, 584, 788, 788, 788, 788, 788]",[30],[34],"[0, 1, 2, 3, 4, 5, 6, 7, 17, 18, 19, 20, 21, 22, 23]","[227, 227, 227, 227, 227, 227, 227, 227, 227, 227, 248, 504, 504, 584, 584, 788, 788, 788, 788, 788]","[227, 227, 227, 227, 227, 227, 227, 227, 227, 227, 248, 504, 504, 584, 584, 788, 788, 788, 788, 788]"
38_34_117,"[159, 937, 937, 937, 937, 937, 937, 937, 937, 937, 937, 937, 937, 937, 937, 937, 937, 937, 937, 937]",[38],[34],"[0, 1, 2, 3, 4, 8, 9, 10, 11, 12, 14, 15, 20, 21, 22, 23]","[159, 937, 937, 937, 937, 937, 937, 937, 937, 937, 937, 937, 937, 937, 937, 937, 937, 937, 937, 937]","[159, 937, 937, 937, 937, 937, 937, 937, 937, 937, 937, 937, 937, 937, 937, 937, 937, 937, 937, 937]"
16_95_118,"[864, 864, 864, 864, 864, 864, 864, 864, 864, 864, 864, 864, 864, 864, 864, 864, 864, 864, 864, 864]",[16],[95],"[0, 1, 2, 3, 4, 5, 7, 8, 11, 13, 14, 16, 17, 18, 19, 20, 21, 22, 23]","[864, 864, 864, 864, 864, 864, 864, 864, 864, 864, 864, 864, 864, 864, 864, 864, 864, 864, 864, 864]","[864, 864, 864, 864, 864, 864, 864, 864, 864, 864, 864, 864, 864, 864, 864, 864, 864, 864, 864, 864]"
21_84_119,"[999, 999, 999, 999, 999, 999, 999, 999, 999, 999, 999, 999, 999, 999, 999, 999, 999, 999, 999, 999]",[21],[84],"[12, 13, 14, 15, 16, 17, 18, 19, 20, 21, 22]","[999, 999, 999, 999, 999, 999, 999, 999, 999, 999, 999, 999, 999, 999, 999, 999, 999, 999, 999, 999]","[999, 999, 999, 999, 999, 999, 999, 999, 999, 999, 999, 999, 999, 999, 999, 999, 999, 999, 999, 999]"
16_35_120,"[293, 293, 293, 293, 293, 293, 293, 293, 293, 293, 293, 293, 293, 293, 293, 293, 293, 293, 293, 293]",[16],[35],"[11, 12, 13, 14, 15, 16, 17, 18, 19, 20, 21, 22]","[293, 293, 293, 293, 293, 293, 293, 293, 293, 293, 293, 293, 293, 293, 293, 293, 293, 293, 293, 293]","[293, 293, 293, 293, 293, 293, 293, 293, 293, 293, 293, 293, 293, 293, 293, 293, 293, 293, 293, 293]"
39_35_121,"[293, 293, 293, 293, 293, 293, 293, 293, 293, 293, 293, 293, 293, 293, 293, 293, 293, 293, 293, 293]",[39],[35],"[0, 1, 2, 3, 4, 5, 6, 7, 17, 19, 20, 21, 22, 23]","[293, 293, 293, 293, 293, 293, 293, 293, 293, 293, 293, 293, 293, 293, 293, 293, 293, 293, 293, 293]","[293, 293, 293, 293, 293, 293, 293, 293, 293, 293, 293, 293, 293, 293, 293, 293, 293, 293, 293, 293]"
16_35_122,"[293, 293, 293, 293, 293, 293, 293, 293, 293, 293, 293, 293, 293, 293, 293, 293, 293, 293, 293, 293]",[16],[35],"[0, 11, 12, 13, 14, 15, 16, 17, 18, 19, 20, 21, 22]","[293, 293, 293, 293, 293, 293, 293, 293, 293, 293, 293, 293, 293, 293, 293, 293, 293, 293, 293, 293]","[293, 293, 293, 293, 293, 293, 293, 293, 293, 293, 293, 293, 293, 293, 293, 293, 293, 293, 293, 293]"
32_44_123,"[509, 509, 509, 509, 509, 509, 509, 509, 509, 509, 509, 509, 509, 509, 509, 509, 509, 509, 509, 509]",[32],[44],"[0, 10, 11, 12, 14, 21]","[509, 509, 509, 509, 509, 509, 509, 509, 509, 509, 509, 509, 509, 509, 509, 509, 509, 509, 509, 509]","[509, 509, 509, 509, 509, 509, 509, 509, 509, 509, 509, 509, 509, 509, 509, 509, 509, 509, 509, 509]"
40_93_124,"[56, 56, 56, 56, 56, 56, 56, 56, 56, 56, 56, 56, 56, 56, 56, 147, 147, 147, 147, 147]",[40],[93],"[0, 1, 2, 11, 12, 13, 14, 15, 16, 17, 18, 19, 20, 21, 22, 23]","[56, 56, 56, 56, 56, 56, 56, 56, 56, 56, 56, 56, 56, 56, 56, 147, 147, 147, 147, 147]","[56, 56, 56, 56, 56, 56, 56, 56, 56, 56, 56, 56, 56, 56, 56, 147, 147, 147, 147, 147]"
41_54_125,"[798, 798, 798, 798, 798, 798, 798, 798, 798, 798, 798, 798, 798, 798, 798, 798, 798, 798, 798, 798]",[41],[54],"[2, 11, 12, 13, 14, 15, 16, 17, 18]","[798, 798, 798, 798, 798, 798, 798, 798, 798, 798, 798, 798, 798, 798, 798, 798, 798, 798, 798, 798]","[798, 798, 798, 798, 798, 798, 798, 798, 798, 798, 798, 798, 798, 798, 798, 798, 798, 798, 798, 798]"
11_25_126,"[161, 161, 161, 161, 161, 161, 161, 161, 161, 161, 161, 161, 161, 161, 361, 426, 432, 432, 432, 432]",[11],[25],"[0, 1, 2, 4, 10, 11, 12, 13, 14, 15, 17, 19, 21, 22, 23]","[161, 161, 161, 161, 161, 161, 161, 161, 161, 161, 161, 161, 161, 161, 361, 426, 432, 432, 432, 432]","[161, 161, 161, 161, 161, 161, 161, 161, 161, 161, 161, 161, 161, 161, 361, 426, 432, 432, 432, 432]"
22_93_127,"[956, 956, 956, 956, 956, 956, 956, 956, 956, 956, 956, 956, 956, 956, 956, 956, 956, 956, 956, 956]",[22],[93],"[9, 10, 11, 12, 13, 14, 16, 17, 19, 20, 21, 22, 23]","[956, 956, 956, 956, 956, 956, 956, 956, 956, 956, 956, 956, 956, 956, 956, 956, 956, 956, 956, 956]","[956, 956, 956, 956, 956, 956, 956, 956, 956, 956, 956, 956, 956, 956, 956, 956, 956, 956, 956, 956]"
38_45_128,"[21, 166, 166, 166, 166, 279, 279, 279, 279, 279, 279, 279, 279, 279, 279, 279, 279, 279, 279, 279]",[38],[45],"[1, 10, 11, 12, 13, 14, 15, 16, 17, 18, 19]","[21, 166, 166, 166, 166, 279, 279, 279, 279, 279, 279, 279, 279, 279, 279, 279, 279, 279, 279, 279]","[21, 166, 166, 166, 166, 279, 279, 279, 279, 279, 279, 279, 279, 279, 279, 279, 279, 279, 279, 279]"
0_44_129,"[58, 58, 58, 58, 58, 124, 329, 361, 361, 361, 385, 385, 385, 455, 455, 455, 455, 455, 455, 455]",[0],[44],"[0, 1, 2, 3, 4, 5, 6, 10, 11, 12, 13, 14, 15, 16, 17, 18, 19, 20, 21, 22]","[58, 58, 58, 58, 58, 124, 329, 361, 361, 361, 385, 385, 385, 455, 455, 455, 455, 455, 455, 455]","[58, 58, 58, 58, 58, 124, 329, 361, 361, 361, 385, 385, 385, 455, 455, 455, 455, 455, 455, 455]"
22_34_130,"[429, 429, 429, 429, 429, 429, 445, 445, 445, 646, 646, 646, 646, 646, 646, 646, 646, 646, 829, 829]",[22],[34],"[0, 10, 11, 12, 14, 15, 16, 17, 18, 19, 20, 21, 22, 23]","[429, 429, 429, 429, 429, 429, 445, 445, 445, 646, 646, 646, 646, 646, 646, 646, 646, 646, 829, 829]","[429, 429, 429, 429, 429, 429, 445, 445, 445, 646, 646, 646, 646, 646, 646, 646, 646, 646, 829, 829]"
24_44_131,"[2, 2, 5, 23, 37, 60, 93, 105, 105, 105, 126, 138, 140, 140, 140, 140, 140, 140, 140, 140]",[24],[44],"[0, 11, 13, 14, 15, 16, 17, 18, 19, 20, 21, 22, 23]","[2, 2, 5, 23, 37, 60, 93, 105, 105, 105, 126, 138, 140, 140, 140, 140, 140, 140, 140, 140]","[2, 2, 5, 23, 37, 60, 93, 105, 105, 105, 126, 138, 140, 140, 140, 140, 140, 140, 140, 140]"
16_67_132,"[553, 553, 553, 553, 553, 553, 553, 553, 553, 553, 553, 553, 553, 553, 553, 553, 553, 553, 553, 553]",[16],[67],"[0, 1, 2, 3, 4, 5, 6, 9, 15, 16, 18, 19, 20, 21, 22, 23]","[553, 553, 553, 553, 553, 553, 553, 553, 553, 553, 553, 553, 553, 553, 553, 553, 553, 553, 553, 553]","[553, 553, 553, 553, 553, 553, 553, 553, 553, 553, 553, 553, 553, 553, 553, 553, 553, 553, 553, 553]"
25_61_133,"[118, 133, 558, 558, 661, 661, 661, 661, 661, 661, 661, 661, 661, 661, 661, 661, 661, 661, 661, 661]",[25],[61],"[0, 5, 9, 10, 11, 12, 14, 15, 16, 21, 22]","[118, 133, 558, 558, 661, 661, 661, 661, 661, 661, 661, 661, 661, 661, 661, 661, 661, 661, 661, 661]","[118, 133, 558, 558, 661, 661, 661, 661, 661, 661, 661, 661, 661, 661, 661, 661, 661, 661, 661, 661]"
16_43_134,"[455, 455, 455, 455, 455, 455, 455, 455, 455, 455, 455, 455, 455, 455, 455, 455, 455, 455, 455, 455]",[16],[43],"[1, 2, 3, 4, 5, 7, 9, 10, 11, 12, 13, 14, 15, 17, 23]","[455, 455, 455, 455, 455, 455, 455, 455, 455, 455, 455, 455, 455, 455, 455, 455, 455, 455, 455, 455]","[455, 455, 455, 455, 455, 455, 455, 455, 455, 455, 455, 455, 455, 455, 455, 455, 455, 455, 455, 455]"
8_44_135,"[175, 1051, 1051, 1051, 1051, 1051, 1051, 1051, 1051, 1051, 1051, 1051, 1051, 1051, 1051, 1051, 1051, 1051, 1051, 1051]",[8],[44],"[0, 1, 2, 3, 4, 5, 9, 10, 11, 21, 22, 23]","[175, 1051, 1051, 1051, 1051, 1051, 1051, 1051, 1051, 1051, 1051, 1051, 1051, 1051, 1051, 1051, 1051, 1051, 1051, 1051]","[175, 1051, 1051, 1051, 1051, 1051, 1051, 1051, 1051, 1051, 1051, 1051, 1051, 1051, 1051, 1051, 1051, 1051, 1051, 1051]"
4_34_136,"[293, 293, 293, 293, 293, 293, 293, 293, 293, 293, 293, 293, 293, 293, 293, 293, 293, 293, 293, 293]",[4],[34],"[0, 12, 16, 17, 18, 19, 23]","[293, 293, 293, 293, 293, 293, 293, 293, 293, 293, 293, 293, 293, 293, 293, 293, 293, 293, 293, 293]","[293, 293, 293, 293, 293, 293, 293, 293, 293, 293, 293, 293, 293, 293, 293, 293, 293, 293, 293, 293]"
11_45_137,"[63, 115, 329, 503, 503, 503, 503, 503, 503, 503, 503, 503, 503, 503, 503, 503, 503, 503, 503, 503]",[11],[45],"[11, 12, 13, 15, 17, 20, 21, 22, 23]","[63, 115, 329, 503, 503, 503, 503, 503, 503, 503, 503, 503, 503, 503, 503, 503, 503, 503, 503, 503]","[63, 115, 329, 503, 503, 503, 503, 503, 503, 503, 503, 503, 503, 503, 503, 503, 503, 503, 503, 503]"
22_55_138,"[245, 245, 245, 245, 245, 245, 245, 245, 245, 245, 245, 418, 420, 420, 420, 420, 420, 584, 636, 636]",[22],[55],"[6, 9, 10, 11, 12, 13, 14, 15, 16, 17, 18, 19, 20, 21, 22, 23]","[245, 245, 245, 245, 245, 245, 245, 245, 245, 245, 245, 418, 420, 420, 420, 420, 420, 584, 636, 636]","[245, 245, 245, 245, 245, 245, 245, 245, 245, 245, 245, 418, 420, 420, 420, 420, 420, 584, 636, 636]"
11_24_139,"[90, 90, 90, 170, 276, 276, 276, 346, 361, 361, 361, 361, 361, 361, 361, 361, 361, 361, 361, 361]",[11],[24],"[0, 1, 2, 3, 4, 5, 8, 9, 10, 11, 12, 13, 14, 15, 16, 17, 18, 19, 20, 21]","[90, 90, 90, 170, 276, 276, 276, 346, 361, 361, 361, 361, 361, 361, 361, 361, 361, 361, 361, 361]","[90, 90, 90, 170, 276, 276, 276, 346, 361, 361, 361, 361, 361, 361, 361, 361, 361, 361, 361, 361]"
24_44_140,"[156, 156, 156, 156, 156, 156, 156, 156, 156, 156, 156, 156, 156, 156, 156, 156, 156, 156, 156, 680]",[24],[44],"[0, 1, 2, 3, 12, 14, 15, 16, 17, 18, 19, 20, 21, 22, 23]","[156, 156, 156, 156, 156, 156, 156, 156, 156, 156, 156, 156, 156, 156, 156, 156, 156, 156, 156, 680]","[156, 156, 156, 156, 156, 156, 156, 156, 156, 156, 156, 156, 156, 156, 156, 156, 156, 156, 156, 680]"
36_44_141,"[10, 122, 134, 152, 154, 159, 193, 277, 411, 411, 523, 639, 684, 712, 717, 717, 717, 723, 726, 726]",[36],[44],"[0, 1, 2, 3, 14, 15, 16, 18, 19, 21, 22, 23]","[10, 122, 134, 152, 154, 159, 193, 277, 411, 411, 523, 639, 684, 712, 717, 717, 717, 723, 726, 726]","[10, 122, 134, 152, 154, 159, 193, 277, 411, 411, 523, 639, 684, 712, 717, 717, 717, 723, 726, 726]"
21_44_142,"[131, 131, 131, 131, 131, 131, 131, 131, 281, 281, 281, 281, 281, 281, 281, 281, 281, 281, 281, 281]",[21],[44],"[0, 2, 11, 12, 13, 14, 15, 17, 18, 22]","[131, 131, 131, 131, 131, 131, 131, 131, 281, 281, 281, 281, 281, 281, 281, 281, 281, 281, 281, 281]","[131, 131, 131, 131, 131, 131, 131, 131, 281, 281, 281, 281, 281, 281, 281, 281, 281, 281, 281, 281]"
16_13_143,"[611, 611, 611, 611, 611, 611, 611, 611, 611, 611, 611, 611, 611, 611, 611, 611, 611, 611, 611, 611]",[16],[13],"[0, 1, 2, 3, 4, 5, 6, 7, 9, 10, 11, 12, 13, 14, 15, 16, 17, 18, 19, 20]","[611, 611, 611, 611, 611, 611, 611, 611, 611, 611, 611, 611, 611, 611, 611, 611, 611, 611, 611, 611]","[611, 611, 611, 611, 611, 611, 611, 611, 611, 611, 611, 611, 611, 611, 611, 611, 611, 611, 611, 611]"
20_45_144,"[1, 1, 4, 4, 18, 22, 22, 36, 48, 67, 91, 110, 152, 152, 154, 163, 182, 197, 219, 219]",[20],[45],"[0, 1, 2, 3, 4, 5, 13, 14, 15, 17, 18, 19, 20, 21, 22, 23]","[1, 1, 4, 4, 18, 22, 22, 36, 48, 67, 91, 110, 152, 152, 154, 163, 182, 197, 219, 219]","[1, 1, 4, 4, 18, 22, 22, 36, 48, 67, 91, 110, 152, 152, 154, 163, 182, 197, 219, 219]"
18_45_145,"[18, 18, 23, 23, 36, 36, 36, 36, 36, 36, 36, 36, 36, 36, 36, 36, 36, 36, 36, 36]",[18],[45],"[0, 1, 2, 13, 14, 15, 16, 17, 18, 19, 20, 21, 22, 23]","[18, 18, 23, 23, 36, 36, 36, 36, 36, 36, 36, 36, 36, 36, 36, 36, 36, 36, 36, 36]","[18, 18, 23, 23, 36, 36, 36, 36, 36, 36, 36, 36, 36, 36, 36, 36, 36, 36, 36, 36]"
5_44_146,"[25, 115, 115, 115, 119, 166, 179, 194, 194, 208, 256, 279, 291, 291, 291, 291, 291, 291, 340, 348]",[5],[44],"[0, 1, 2, 3, 5, 11, 12, 13, 14, 15, 16, 17, 18, 19, 20, 21, 22, 23]","[25, 115, 115, 115, 119, 166, 179, 194, 194, 208, 256, 279, 291, 291, 291, 291, 291, 291, 340, 348]","[25, 115, 115, 115, 119, 166, 179, 194, 194, 208, 256, 279, 291, 291, 291, 291, 291, 291, 340, 348]"
42_44_147,"[22, 35, 41, 96, 104, 123, 127, 127, 127, 136, 136, 136, 136, 136, 136, 136, 136, 162, 168, 211]",[42],[44],"[0, 1, 2, 6, 9, 10, 11, 12, 13, 14, 15, 16, 17, 18, 19, 20, 21, 22, 23]","[22, 35, 41, 96, 104, 123, 127, 127, 127, 136, 136, 136, 136, 136, 136, 136, 136, 162, 168, 211]","[22, 35, 41, 96, 104, 123, 127, 127, 127, 136, 136, 136, 136, 136, 136, 136, 136, 162, 168, 211]"
43_34_148,"[25, 25, 25, 25, 25, 25, 25, 25, 25, 25, 25, 25, 25, 191, 529, 609, 612, 612, 612, 612]",[43],[34],"[1, 11, 12, 13, 14, 15, 16, 17, 20, 21, 22]","[25, 25, 25, 25, 25, 25, 25, 25, 25, 25, 25, 25, 25, 191, 529, 609, 612, 612, 612, 612]","[25, 25, 25, 25, 25, 25, 25, 25, 25, 25, 25, 25, 25, 191, 529, 609, 612, 612, 612, 612]"
11_16_149,"[190, 190, 190, 190, 474, 474, 474, 474, 474, 474, 474, 474, 474, 474, 474, 474, 474, 474, 474, 474]",[11],[16],"[0, 2, 4, 8, 9, 10, 11, 12, 14, 15, 16, 17, 18, 19, 20, 21, 22, 23]","[190, 190, 190, 190, 474, 474, 474, 474, 474, 474, 474, 474, 474, 474, 474, 474, 474, 474, 474, 474]","[190, 190, 190, 190, 474, 474, 474, 474, 474, 474, 474, 474, 474, 474, 474, 474, 474, 474, 474, 474]"
12_86_150,"[232, 259, 259, 259, 259, 259, 259, 259, 259, 259, 259, 259, 259, 259, 259, 259, 259, 259, 259, 259]",[12],[86],"[0, 1, 2, 3, 5, 6, 7, 9, 10, 11, 12, 13, 14, 15, 17, 18, 19, 20, 21, 22]","[232, 259, 259, 259, 259, 259, 259, 259, 259, 259, 259, 259, 259, 259, 259, 259, 259, 259, 259, 259]","[232, 259, 259, 259, 259, 259, 259, 259, 259, 259, 259, 259, 259, 259, 259, 259, 259, 259, 259, 259]"
19_34_151,"[4, 16, 122, 126, 126, 213, 239, 263, 263, 263, 281, 291, 301, 306, 357, 369, 370, 415, 415, 442]",[19],[34],"[0, 1, 2, 3, 4, 5, 7, 8, 10, 11, 12, 13, 14, 15, 16, 17, 18, 19, 20, 21]","[4, 16, 122, 126, 126, 213, 239, 263, 263, 263, 281, 291, 301, 306, 357, 369, 370, 415, 415, 442]","[4, 16, 122, 126, 126, 213, 239, 263, 263, 263, 281, 291, 301, 306, 357, 369, 370, 415, 415, 442]"
15_47_152,"[11, 11, 11, 16, 16, 16, 42, 53, 59, 70, 70, 90, 162, 176, 181, 184, 184, 196, 203, 270]",[15],[47],"[0, 1, 4, 5, 6, 9, 11, 13, 14, 15, 16, 17, 18, 19, 20, 21, 22, 23]","[11, 11, 11, 16, 16, 16, 42, 53, 59, 70, 70, 90, 162, 176, 181, 184, 184, 196, 203, 270]","[11, 11, 11, 16, 16, 16, 42, 53, 59, 70, 70, 90, 162, 176, 181, 184, 184, 196, 203, 270]"
0_44_153,"[160, 177, 177, 177, 177, 177, 179, 179, 330, 355, 383, 385, 385, 385, 385, 455, 455, 455, 455, 455]",[0],[44],"[0, 1, 2, 3, 4, 6, 10, 11, 12, 13, 14, 15, 16, 18, 19, 20, 21, 22, 23]","[160, 177, 177, 177, 177, 177, 179, 179, 330, 355, 383, 385, 385, 385, 385, 455, 455, 455, 455, 455]","[160, 177, 177, 177, 177, 177, 179, 179, 330, 355, 383, 385, 385, 385, 385, 455, 455, 455, 455, 455]"
44_93_154,"[174, 174, 174, 174, 174, 174, 174, 174, 174, 174, 174, 174, 174, 174, 174, 174, 174, 174, 174, 174]",[44],[93],"[0, 1, 2, 3, 4, 8, 13, 14, 15, 16, 17, 18, 19, 20, 21, 22, 23]","[174, 174, 174, 174, 174, 174, 174, 174, 174, 174, 174, 174, 174, 174, 174, 174, 174, 174, 174, 174]","[174, 174, 174, 174, 174, 174, 174, 174, 174, 174, 174, 174, 174, 174, 174, 174, 174, 174, 174, 174]"
16_57_155,"[453, 453, 453, 453, 453, 453, 453, 453, 453, 453, 453, 453, 453, 453, 453, 453, 453, 453, 453, 453]",[16],[57],"[0, 1, 2, 3, 4, 12, 13, 14, 15, 16, 17, 18, 19, 20, 21, 22, 23]","[453, 453, 453, 453, 453, 453, 453, 453, 453, 453, 453, 453, 453, 453, 453, 453, 453, 453, 453, 453]","[453, 453, 453, 453, 453, 453, 453, 453, 453, 453, 453, 453, 453, 453, 453, 453, 453, 453, 453, 453]"
7_25_156,"[9, 9, 9, 9, 9, 9, 9, 9, 9, 9, 9, 9, 9, 9, 9, 9, 9, 9, 9, 9]",[7],[25],"[0, 1, 2, 3, 4, 5, 6, 7, 8, 12, 13, 14, 15, 16, 17, 19, 20, 21, 22, 23]","[9, 9, 9, 9, 9, 9, 9, 9, 9, 9, 9, 9, 9, 9, 9, 9, 9, 9, 9, 9]","[9, 9, 9, 9, 9, 9, 9, 9, 9, 9, 9, 9, 9, 9, 9, 9, 9, 9, 9, 9]"
21_55_157,"[682, 682, 682, 682, 682, 682, 682, 682, 682, 682, 682, 682, 682, 682, 682, 682, 682, 682, 682, 682]",[21],[55],"[12, 13, 14, 15, 16, 17, 18, 23]","[682, 682, 682, 682, 682, 682, 682, 682, 682, 682, 682, 682, 682, 682, 682, 682, 682, 682, 682, 682]","[682, 682, 682, 682, 682, 682, 682, 682, 682, 682, 682, 682, 682, 682, 682, 682, 682, 682, 682, 682]"
12_16_158,"[366, 415, 474, 474, 474, 474, 474, 474, 474, 474, 474, 474, 474, 474, 474, 474, 474, 474, 474, 474]",[12],[16],"[0, 1, 2, 3, 4, 5, 6, 7, 8, 9, 10, 11, 13, 14, 18, 19, 20, 21, 22, 23]","[366, 415, 474, 474, 474, 474, 474, 474, 474, 474, 474, 474, 474, 474, 474, 474, 474, 474, 474, 474]","[366, 415, 474, 474, 474, 474, 474, 474, 474, 474, 474, 474, 474, 474, 474, 474, 474, 474, 474, 474]"
8_45_159,"[0, 74, 186, 238, 241, 291, 311, 355, 355, 479, 562, 646, 725, 790, 826, 832, 840, 890, 907, 907]",[8],[45],"[0, 3, 9, 10, 11, 12, 13, 14, 15, 16, 17, 18, 19, 20, 21, 22, 23]","[0, 74, 186, 238, 241, 291, 311, 355, 355, 479, 562, 646, 725, 790, 826, 832, 840, 890, 907, 907]","[0, 74, 186, 238, 241, 291, 311, 355, 355, 479, 562, 646, 725, 790, 826, 832, 840, 890, 907, 907]"
11_34_160,"[7, 284, 346, 361, 361, 361, 361, 361, 361, 361, 361, 361, 361, 361, 361, 361, 361, 361, 361, 361]",[11],[34],"[0, 1, 2, 4, 7, 8, 9, 10, 11, 12, 13, 14, 15, 16, 17, 18, 19, 20, 21, 22]","[7, 284, 346, 361, 361, 361, 361, 361, 361, 361, 361, 361, 361, 361, 361, 361, 361, 361, 361, 361]","[7, 284, 346, 361, 361, 361, 361, 361, 361, 361, 361, 361, 361, 361, 361, 361, 361, 361, 361, 361]"
7_73_161,"[61, 458, 458, 618, 693, 777, 782, 818, 818, 818, 818, 818, 818, 880, 880, 880, 880, 880, 880, 880]",[7],[73],"[0, 5, 11, 12, 13, 14, 15, 16, 17, 18, 19, 20, 23]","[61, 458, 458, 618, 693, 777, 782, 818, 818, 818, 818, 818, 818, 880, 880, 880, 880, 880, 880, 880]","[61, 458, 458, 618, 693, 777, 782, 818, 818, 818, 818, 818, 818, 880, 880, 880, 880, 880, 880, 880]"
7_55_162,"[80, 164, 230, 232, 264, 264, 278, 278, 291, 303, 303, 303, 303, 316, 316, 316, 316, 316, 366, 366]",[7],[55],"[0, 1, 2, 3, 6, 8, 11, 12, 13, 14, 15, 16, 17, 18, 19, 20, 21, 22, 23]","[80, 164, 230, 232, 264, 264, 278, 278, 291, 303, 303, 303, 303, 316, 316, 316, 316, 316, 366, 366]","[80, 164, 230, 232, 264, 264, 278, 278, 291, 303, 303, 303, 303, 316, 316, 316, 316, 316, 366, 366]"
11_44_163,"[13, 69, 105, 105, 105, 105, 105, 105, 105, 105, 105, 105, 105, 140, 170, 170, 170, 170, 170, 170]",[11],[44],"[0, 1, 3, 4, 5, 6, 7, 8, 10, 12, 13, 14, 15, 16, 17, 18, 19, 20, 21, 22]","[13, 69, 105, 105, 105, 105, 105, 105, 105, 105, 105, 105, 105, 140, 170, 170, 170, 170, 170, 170]","[13, 69, 105, 105, 105, 105, 105, 105, 105, 105, 105, 105, 105, 140, 170, 170, 170, 170, 170, 170]"
21_93_164,"[174, 174, 174, 174, 174, 174, 174, 174, 174, 174, 174, 174, 174, 174, 174, 174, 174, 174, 174, 174]",[21],[93],"[0, 1, 2, 3, 4, 5, 8, 10, 11, 12, 13, 14, 15, 16, 17, 18, 19, 20, 21, 22]","[174, 174, 174, 174, 174, 174, 174, 174, 174, 174, 174, 174, 174, 174, 174, 174, 174, 174, 174, 174]","[174, 174, 174, 174, 174, 174, 174, 174, 174, 174, 174, 174, 174, 174, 174, 174, 174, 174, 174, 174]"
16_65_165,"[944, 944, 944, 944, 944, 944, 944, 944, 944, 944, 944, 944, 944, 944, 944, 944, 944, 944, 944, 944]",[16],[65],"[0, 1, 2, 3, 4, 10, 11, 12, 13, 14, 15, 16, 17, 18, 19, 21, 22, 23]","[944, 944, 944, 944, 944, 944, 944, 944, 944, 944, 944, 944, 944, 944, 944, 944, 944, 944, 944, 944]","[944, 944, 944, 944, 944, 944, 944, 944, 944, 944, 944, 944, 944, 944, 944, 944, 944, 944, 944, 944]"
9_65_166,"[599, 599, 599, 599, 599, 599, 599, 599, 599, 599, 599, 599, 599, 599, 599, 599, 599, 599, 599, 599]",[9],[65],"[0, 1, 3, 10, 12, 13, 14, 16, 19, 20, 21, 22, 23]","[599, 599, 599, 599, 599, 599, 599, 599, 599, 599, 599, 599, 599, 599, 599, 599, 599, 599, 599, 599]","[599, 599, 599, 599, 599, 599, 599, 599, 599, 599, 599, 599, 599, 599, 599, 599, 599, 599, 599, 599]"
8_93_167,"[174, 174, 174, 174, 174, 174, 174, 174, 174, 174, 174, 174, 174, 174, 174, 174, 174, 174, 174, 174]",[8],[93],"[0, 1, 2, 3, 4, 5, 6, 9, 11, 12, 13, 14, 15, 16, 17, 18, 19, 20, 21, 22]","[174, 174, 174, 174, 174, 174, 174, 174, 174, 174, 174, 174, 174, 174, 174, 174, 174, 174, 174, 174]","[174, 174, 174, 174, 174, 174, 174, 174, 174, 174, 174, 174, 174, 174, 174, 174, 174, 174, 174, 174]"
7_45_168,"[107, 126, 126, 189, 189, 189, 189, 189, 189, 189, 189, 189, 189, 189, 189, 189, 189, 189, 189, 189]",[7],[45],"[0, 3, 4, 5, 6, 7, 8, 9, 10, 12, 13, 14, 15, 16, 17, 18, 19, 20, 21, 22]","[107, 126, 126, 189, 189, 189, 189, 189, 189, 189, 189, 189, 189, 189, 189, 189, 189, 189, 189, 189]","[107, 126, 126, 189, 189, 189, 189, 189, 189, 189, 189, 189, 189, 189, 189, 189, 189, 189, 189, 189]"
11_26_169,"[1023, 1023, 1023, 1023, 1023, 1023, 1023, 1023, 1023, 1023, 1023, 1023, 1023, 1023, 1023, 1023, 1023, 1023, 1023, 1023]",[11],[26],"[8, 10, 11, 12, 13, 14, 15, 16, 17, 19, 20, 21]","[1023, 1023, 1023, 1023, 1023, 1023, 1023, 1023, 1023, 1023, 1023, 1023, 1023, 1023, 1023, 1023, 1023, 1023, 1023, 1023]","[1023, 1023, 1023, 1023, 1023, 1023, 1023, 1023, 1023, 1023, 1023, 1023, 1023, 1023, 1023, 1023, 1023, 1023, 1023, 1023]"
3_93_170,"[174, 174, 174, 174, 174, 174, 174, 174, 174, 174, 174, 174, 174, 174, 174, 174, 174, 174, 174, 174]",[3],[93],"[0, 2, 3, 4, 5, 9, 10, 11, 12, 13, 14, 15, 16, 17, 18, 19, 20, 21, 22, 23]","[174, 174, 174, 174, 174, 174, 174, 174, 174, 174, 174, 174, 174, 174, 174, 174, 174, 174, 174, 174]","[174, 174, 174, 174, 174, 174, 174, 174, 174, 174, 174, 174, 174, 174, 174, 174, 174, 174, 174, 174]"
24_45_171,"[67, 124, 124, 124, 124, 124, 213, 215, 313, 313, 313, 313, 313, 313, 313, 313, 313, 313, 313, 313]",[24],[45],"[0, 1, 2, 3, 11, 12, 13, 14, 15, 16, 17, 19, 20, 21, 22, 23]","[67, 124, 124, 124, 124, 124, 213, 215, 313, 313, 313, 313, 313, 313, 313, 313, 313, 313, 313, 313]","[67, 124, 124, 124, 124, 124, 213, 215, 313, 313, 313, 313, 313, 313, 313, 313, 313, 313, 313, 313]"
26_67_172,"[601, 601, 601, 601, 601, 601, 601, 601, 601, 601, 601, 601, 601, 601, 601, 601, 601, 601, 601, 601]",[26],[67],"[0, 1, 2, 7, 12, 13, 14, 15, 16, 17, 18, 19, 20, 21, 22, 23]","[601, 601, 601, 601, 601, 601, 601, 601, 601, 601, 601, 601, 601, 601, 601, 601, 601, 601, 601, 601]","[601, 601, 601, 601, 601, 601, 601, 601, 601, 601, 601, 601, 601, 601, 601, 601, 601, 601, 601, 601]"
45_55_173,"[3, 7, 36, 56, 61, 105, 105, 126, 146, 170, 172, 173, 176, 176, 189, 189, 191, 193, 227, 264]",[45],[55],"[0, 2, 3, 4, 5, 6, 13, 14, 15, 16, 17, 18, 19, 20, 21, 22, 23]","[3, 7, 36, 56, 61, 105, 105, 126, 146, 170, 172, 173, 176, 176, 189, 189, 191, 193, 227, 264]","[3, 7, 36, 56, 61, 105, 105, 126, 146, 170, 172, 173, 176, 176, 189, 189, 191, 193, 227, 264]"
15_77_174,"[21, 21, 21, 21, 21, 21, 21, 21, 21, 21, 21, 21, 21, 21, 21, 21, 21, 21, 21, 21]",[15],[77],"[0, 1, 2, 3, 4, 6, 13, 14, 17, 18, 19, 20, 21, 22, 23]","[21, 21, 21, 21, 21, 21, 21, 21, 21, 21, 21, 21, 21, 21, 21, 21, 21, 21, 21, 21]","[21, 21, 21, 21, 21, 21, 21, 21, 21, 21, 21, 21, 21, 21, 21, 21, 21, 21, 21, 21]"
25_65_175,"[460, 460, 460, 460, 460, 460, 460, 460, 460, 460, 460, 460, 460, 460, 460, 460, 460, 460, 460, 460]",[25],[65],"[1, 3, 10, 11, 12, 13, 14, 15, 16, 17, 18, 19, 20, 22, 23]","[460, 460, 460, 460, 460, 460, 460, 460, 460, 460, 460, 460, 460, 460, 460, 460, 460, 460, 460, 460]","[460, 460, 460, 460, 460, 460, 460, 460, 460, 460, 460, 460, 460, 460, 460, 460, 460, 460, 460, 460]"
26_26_176,"[474, 1056, 1056, 1056, 1056, 1056, 1056, 1056, 1056, 1056, 1056, 1056, 1056, 1056, 1056, 1056, 1056, 1056, 1056, 1056]",[26],[26],"[0, 1, 10, 11, 12, 13, 14, 21, 23]","[474, 1056, 1056, 1056, 1056, 1056, 1056, 1056, 1056, 1056, 1056, 1056, 1056, 1056, 1056, 1056, 1056, 1056, 1056, 1056]","[474, 1056, 1056, 1056, 1056, 1056, 1056, 1056, 1056, 1056, 1056, 1056, 1056, 1056, 1056, 1056, 1056, 1056, 1056, 1056]"
16_65_177,"[944, 944, 944, 944, 944, 944, 944, 944, 944, 944, 944, 944, 944, 944, 944, 944, 944, 944, 944, 944]",[16],[65],"[0, 1, 2, 3, 4, 10, 11, 12, 13, 14, 15, 17, 18, 19, 20, 21, 22, 23]","[944, 944, 944, 944, 944, 944, 944, 944, 944, 944, 944, 944, 944, 944, 944, 944, 944, 944, 944, 944]","[944, 944, 944, 944, 944, 944, 944, 944, 944, 944, 944, 944, 944, 944, 944, 944, 944, 944, 944, 944]"
16_37_178,"[203, 203, 203, 203, 203, 203, 203, 203, 203, 203, 203, 203, 203, 203, 203, 203, 203, 203, 203, 203]",[16],[37],"[0, 1, 2, 3, 4, 5, 7, 13, 14, 17, 18, 19, 20, 21, 22, 23]","[203, 203, 203, 203, 203, 203, 203, 203, 203, 203, 203, 203, 203, 203, 203, 203, 203, 203, 203, 203]","[203, 203, 203, 203, 203, 203, 203, 203, 203, 203, 203, 203, 203, 203, 203, 203, 203, 203, 203, 203]"
11_76_179,"[85, 85, 85, 85, 85, 166, 166, 166, 166, 166, 166, 166, 166, 166, 166, 166, 166, 166, 166, 166]",[11],[76],"[1, 2, 3, 5, 9, 11, 12, 13, 14, 15, 17, 21, 22, 23]","[85, 85, 85, 85, 85, 166, 166, 166, 166, 166, 166, 166, 166, 166, 166, 166, 166, 166, 166, 166]","[85, 85, 85, 85, 85, 166, 166, 166, 166, 166, 166, 166, 166, 166, 166, 166, 166, 166, 166, 166]"
27_73_180,"[38, 38, 38, 147, 198, 198, 198, 198, 198, 198, 198, 198, 198, 198, 198, 198, 198, 198, 198, 198]",[27],[73],"[1, 2, 3, 4, 5, 6, 7, 8, 9, 10, 11, 12, 13, 14, 16, 17, 20, 21]","[38, 38, 38, 147, 198, 198, 198, 198, 198, 198, 198, 198, 198, 198, 198, 198, 198, 198, 198, 198]","[38, 38, 38, 147, 198, 198, 198, 198, 198, 198, 198, 198, 198, 198, 198, 198, 198, 198, 198, 198]"
46_44_181,"[773, 773, 773, 773, 773, 773, 773, 773, 773, 773, 773, 773, 773, 773, 773, 773, 773, 773, 773, 773]",[46],[44],"[0, 17, 18]","[773, 773, 773, 773, 773, 773, 773, 773, 773, 773, 773, 773, 773, 773, 773, 773, 773, 773, 773, 773]","[773, 773, 773, 773, 773, 773, 773, 773, 773, 773, 773, 773, 773, 773, 773, 773, 773, 773, 773, 773]"
17_65_182,"[460, 460, 460, 460, 460, 460, 460, 460, 460, 460, 460, 460, 460, 460, 460, 460, 460, 460, 460, 460]",[17],[65],"[0, 3, 4, 5, 6, 7, 8, 9, 12]","[460, 460, 460, 460, 460, 460, 460, 460, 460, 460, 460, 460, 460, 460, 460, 460, 460, 460, 460, 460]","[460, 460, 460, 460, 460, 460, 460, 460, 460, 460, 460, 460, 460, 460, 460, 460, 460, 460, 460, 460]"
31_73_183,"[226, 256, 664, 873, 944, 944, 944, 944, 944, 944, 944, 944, 944, 944, 944, 944, 944, 944, 944, 944]",[31],[73],"[10, 11, 12, 13, 14, 15, 16, 17, 18, 19, 20, 21]","[226, 256, 664, 873, 944, 944, 944, 944, 944, 944, 944, 944, 944, 944, 944, 944, 944, 944, 944, 944]","[226, 256, 664, 873, 944, 944, 944, 944, 944, 944, 944, 944, 944, 944, 944, 944, 944, 944, 944, 944]"
11_25_184,"[59, 104, 104, 104, 104, 104, 104, 104, 104, 104, 104, 104, 104, 104, 104, 170, 170, 170, 170, 170]",[11],[25],"[0, 1, 2, 3, 4, 6, 8, 9, 10, 11, 12, 13, 14, 15, 16, 17, 18, 19, 20, 21]","[59, 104, 104, 104, 104, 104, 104, 104, 104, 104, 104, 104, 104, 104, 104, 170, 170, 170, 170, 170]","[59, 104, 104, 104, 104, 104, 104, 104, 104, 104, 104, 104, 104, 104, 104, 170, 170, 170, 170, 170]"
21_44_185,"[737, 737, 737, 737, 737, 737, 737, 737, 737, 737, 737, 737, 737, 737, 737, 737, 737, 737, 737, 737]",[21],[44],"[0, 12, 13, 14, 15, 16, 17, 18, 19, 20, 21]","[737, 737, 737, 737, 737, 737, 737, 737, 737, 737, 737, 737, 737, 737, 737, 737, 737, 737, 737, 737]","[737, 737, 737, 737, 737, 737, 737, 737, 737, 737, 737, 737, 737, 737, 737, 737, 737, 737, 737, 737]"
12_88_186,"[43, 264, 264, 264, 264, 264, 264, 948, 948, 948, 948, 948, 948, 948, 948, 948, 948, 948, 948, 948]",[12],[88],"[0, 1, 2, 3, 4, 5, 18, 19, 20, 21, 22, 23]","[43, 264, 264, 264, 264, 264, 264, 948, 948, 948, 948, 948, 948, 948, 948, 948, 948, 948, 948, 948]","[43, 264, 264, 264, 264, 264, 264, 948, 948, 948, 948, 948, 948, 948, 948, 948, 948, 948, 948, 948]"
47_28_187,"[1033, 1033, 1033, 1033, 1033, 1033, 1033, 1033, 1033, 1033, 1033, 1033, 1033, 1033, 1033, 1033, 1033, 1033, 1033, 1033]",[47],[28],"[0, 1, 3, 4, 5, 6, 7, 8, 9, 12, 13, 14, 15, 16, 17, 18, 19, 20, 22, 23]","[1033, 1033, 1033, 1033, 1033, 1033, 1033, 1033, 1033, 1033, 1033, 1033, 1033, 1033, 1033, 1033, 1033, 1033, 1033, 1033]","[1033, 1033, 1033, 1033, 1033, 1033, 1033, 1033, 1033, 1033, 1033, 1033, 1033, 1033, 1033, 1033, 1033, 1033, 1033, 1033]"
24_44_188,"[76, 84, 84, 84, 84, 84, 84, 84, 97, 97, 131, 144, 163, 163, 163, 204, 229, 240, 269, 269]",[24],[44],"[0, 1, 2, 12, 13, 14, 15, 16, 17, 18, 19, 20, 21, 22, 23]","[76, 84, 84, 84, 84, 84, 84, 84, 97, 97, 131, 144, 163, 163, 163, 204, 229, 240, 269, 269]","[76, 84, 84, 84, 84, 84, 84, 84, 97, 97, 131, 144, 163, 163, 163, 204, 229, 240, 269, 269]"
21_45_189,"[81, 545, 545, 545, 545, 545, 545, 545, 545, 545, 545, 545, 545, 545, 545, 545, 545, 545, 545, 545]",[21],[45],"[2, 9, 10, 11, 12, 13, 14, 15, 16, 17, 21, 23]","[81, 545, 545, 545, 545, 545, 545, 545, 545, 545, 545, 545, 545, 545, 545, 545, 545, 545, 545, 545]","[81, 545, 545, 545, 545, 545, 545, 545, 545, 545, 545, 545, 545, 545, 545, 545, 545, 545, 545, 545]"
12_84_190,"[80, 458, 685, 783, 818, 818, 873, 941, 941, 941, 941, 941, 941, 941, 941, 941, 941, 941, 941, 941]",[12],[84],"[0, 1, 2, 6, 10, 11, 12, 13, 14, 15, 16, 17, 18, 19, 20, 21, 22, 23]","[80, 458, 685, 783, 818, 818, 873, 941, 941, 941, 941, 941, 941, 941, 941, 941, 941, 941, 941, 941]","[80, 458, 685, 783, 818, 818, 873, 941, 941, 941, 941, 941, 941, 941, 941, 941, 941, 941, 941, 941]"
14_93_191,"[174, 174, 174, 174, 174, 174, 174, 174, 174, 174, 174, 174, 174, 174, 174, 174, 174, 174, 174, 174]",[14],[93],"[0, 1, 2, 3, 4, 5, 6, 11, 12, 13, 14, 15, 16, 17, 18, 19, 20, 21, 22, 23]","[174, 174, 174, 174, 174, 174, 174, 174, 174, 174, 174, 174, 174, 174, 174, 174, 174, 174, 174, 174]","[174, 174, 174, 174, 174, 174, 174, 174, 174, 174, 174, 174, 174, 174, 174, 174, 174, 174, 174, 174]"
23_43_192,"[177, 177, 177, 177, 177, 177, 177, 177, 177, 177, 177, 177, 177, 177, 177, 177, 177, 177, 177, 177]",[23],[43],"[0, 1, 10, 11, 12, 14, 15, 16, 17, 18, 19, 20, 21, 22, 23]","[177, 177, 177, 177, 177, 177, 177, 177, 177, 177, 177, 177, 177, 177, 177, 177, 177, 177, 177, 177]","[177, 177, 177, 177, 177, 177, 177, 177, 177, 177, 177, 177, 177, 177, 177, 177, 177, 177, 177, 177]"
24_44_193,"[4, 4, 4, 5, 5, 17, 44, 62, 62, 62, 66, 103, 131, 131, 165, 189, 199, 225, 225, 225]",[24],[44],"[0, 1, 2, 4, 11, 12, 13, 14, 15, 16, 17, 18, 19, 20, 21, 22, 23]","[4, 4, 4, 5, 5, 17, 44, 62, 62, 62, 66, 103, 131, 131, 165, 189, 199, 225, 225, 225]","[4, 4, 4, 5, 5, 17, 44, 62, 62, 62, 66, 103, 131, 131, 165, 189, 199, 225, 225, 225]"
11_44_194,"[177, 177, 177, 177, 177, 177, 177, 177, 177, 177, 177, 177, 177, 177, 177, 177, 177, 177, 177, 177]",[11],[44],"[11, 12, 13, 16]","[177, 177, 177, 177, 177, 177, 177, 177, 177, 177, 177, 177, 177, 177, 177, 177, 177, 177, 177, 177]","[177, 177, 177, 177, 177, 177, 177, 177, 177, 177, 177, 177, 177, 177, 177, 177, 177, 177, 177, 177]"
30_84_195,"[458, 458, 458, 458, 458, 458, 458, 458, 458, 458, 458, 458, 458, 458, 458, 458, 458, 458, 458, 458]",[30],[84],"[4, 9, 10, 11, 12, 13, 14, 15, 18, 19, 22, 23]","[458, 458, 458, 458, 458, 458, 458, 458, 458, 458, 458, 458, 458, 458, 458, 458, 458, 458, 458, 458]","[458, 458, 458, 458, 458, 458, 458, 458, 458, 458, 458, 458, 458, 458, 458, 458, 458, 458, 458, 458]"
11_26_196,"[57, 103, 103, 190, 190, 258, 258, 258, 258, 258, 258, 258, 258, 258, 258, 258, 258, 669, 739, 739]",[11],[26],"[0, 1, 2, 3, 4, 5, 6, 10, 11, 12, 13, 15, 17, 18, 19, 20, 21, 22, 23]","[57, 103, 103, 190, 190, 258, 258, 258, 258, 258, 258, 258, 258, 258, 258, 258, 258, 669, 739, 739]","[57, 103, 103, 190, 190, 258, 258, 258, 258, 258, 258, 258, 258, 258, 258, 258, 258, 669, 739, 739]"
16_72_197,"[535, 535, 535, 535, 535, 535, 535, 535, 535, 535, 535, 535, 535, 535, 535, 535, 535, 535, 535, 535]",[16],[72],"[0, 1, 2, 3, 4, 9, 12, 13, 14, 16, 17, 18, 19, 20, 21, 22, 23]","[535, 535, 535, 535, 535, 535, 535, 535, 535, 535, 535, 535, 535, 535, 535, 535, 535, 535, 535, 535]","[535, 535, 535, 535, 535, 535, 535, 535, 535, 535, 535, 535, 535, 535, 535, 535, 535, 535, 535, 535]"
11_46_198,"[130, 130, 130, 130, 130, 130, 130, 130, 130, 130, 130, 130, 130, 130, 130, 130, 130, 130, 130, 130]",[11],[46],"[0, 1, 2, 5, 7, 9, 10, 11, 12, 13, 14, 15, 16, 17, 18, 19, 20, 22, 23]","[130, 130, 130, 130, 130, 130, 130, 130, 130, 130, 130, 130, 130, 130, 130, 130, 130, 130, 130, 130]","[130, 130, 130, 130, 130, 130, 130, 130, 130, 130, 130, 130, 130, 130, 130, 130, 130, 130, 130, 130]"
25_65_199,"[460, 460, 460, 460, 460, 460, 460, 460, 460, 460, 460, 460, 460, 460, 460, 460, 460, 460, 460, 460]",[25],[65],"[0, 1, 2, 3, 4, 5, 6, 10, 11, 12, 13, 14, 15, 16, 17, 18, 19, 20, 21, 22]","[460, 460, 460, 460, 460, 460, 460, 460, 460, 460, 460, 460, 460, 460, 460, 460, 460, 460, 460, 460]","[460, 460, 460, 460, 460, 460, 460, 460, 460, 460, 460, 460, 460, 460, 460, 460, 460, 460, 460, 460]"
16_54_200,"[812, 812, 812, 812, 812, 812, 812, 812, 812, 812, 812, 812, 812, 812, 812, 812, 812, 812, 812, 812]",[16],[54],"[0, 1, 3, 4, 5, 6, 7, 8, 9, 10, 13, 17, 18, 19, 20, 22, 23]","[812, 812, 812, 812, 812, 812, 812, 812, 812, 812, 812, 812, 812, 812, 812, 812, 812, 812, 812, 812]","[812, 812, 812, 812, 812, 812, 812, 812, 812, 812, 812, 812, 812, 812, 812, 812, 812, 812, 812, 812]"
46_45_201,"[550, 550, 550, 550, 550, 550, 550, 550, 550, 564, 564, 564, 564, 564, 564, 564, 564, 564, 564, 564]",[46],[45],"[0, 1, 2, 3, 4, 5, 6, 10, 11, 12, 13, 14, 15, 16, 17, 18, 19, 20, 21, 22]","[550, 550, 550, 550, 550, 550, 550, 550, 550, 564, 564, 564, 564, 564, 564, 564, 564, 564, 564, 564]","[550, 550, 550, 550, 550, 550, 550, 550, 550, 564, 564, 564, 564, 564, 564, 564, 564, 564, 564, 564]"
48_65_202,"[171, 171, 171, 171, 171, 171, 171, 171, 171, 171, 171, 171, 171, 171, 171, 171, 171, 171, 171, 171]",[48],[65],"[0, 1, 2, 3, 4, 6, 7, 10, 11, 12, 13, 14, 15, 16, 17, 19, 20, 21, 22, 23]","[171, 171, 171, 171, 171, 171, 171, 171, 171, 171, 171, 171, 171, 171, 171, 171, 171, 171, 171, 171]","[171, 171, 171, 171, 171, 171, 171, 171, 171, 171, 171, 171, 171, 171, 171, 171, 171, 171, 171, 171]"
19_34_203,"[15, 15, 15, 15, 15, 15, 15, 15, 15, 15, 15, 15, 15, 15, 15, 15, 15, 15, 15, 15]",[19],[34],"[0, 2, 12, 13, 14, 15, 16, 17, 18, 19, 21, 22]","[15, 15, 15, 15, 15, 15, 15, 15, 15, 15, 15, 15, 15, 15, 15, 15, 15, 15, 15, 15]","[15, 15, 15, 15, 15, 15, 15, 15, 15, 15, 15, 15, 15, 15, 15, 15, 15, 15, 15, 15]"
24_45_204,"[195, 195, 195, 195, 195, 195, 195, 195, 195, 195, 195, 195, 195, 195, 195, 195, 195, 195, 195, 195]",[24],[45],"[12, 13, 14, 16, 18, 19, 20, 21]","[195, 195, 195, 195, 195, 195, 195, 195, 195, 195, 195, 195, 195, 195, 195, 195, 195, 195, 195, 195]","[195, 195, 195, 195, 195, 195, 195, 195, 195, 195, 195, 195, 195, 195, 195, 195, 195, 195, 195, 195]"
16_65_205,"[798, 798, 798, 798, 798, 798, 798, 798, 798, 798, 798, 798, 798, 798, 798, 798, 798, 798, 798, 798]",[16],[65],"[0, 1, 2, 9, 10, 11, 12, 13, 14, 15, 16, 17, 18, 19, 20, 21, 22, 23]","[798, 798, 798, 798, 798, 798, 798, 798, 798, 798, 798, 798, 798, 798, 798, 798, 798, 798, 798, 798]","[798, 798, 798, 798, 798, 798, 798, 798, 798, 798, 798, 798, 798, 798, 798, 798, 798, 798, 798, 798]"
46_24_206,"[541, 541, 541, 541, 541, 541, 541, 541, 541, 541, 541, 541, 541, 541, 541, 541, 541, 541, 541, 541]",[46],[24],"[0, 1, 2, 3, 4, 5, 6, 7, 8, 10, 17, 21, 23]","[541, 541, 541, 541, 541, 541, 541, 541, 541, 541, 541, 541, 541, 541, 541, 541, 541, 541, 541, 541]","[541, 541, 541, 541, 541, 541, 541, 541, 541, 541, 541, 541, 541, 541, 541, 541, 541, 541, 541, 541]"
21_55_207,"[67, 67, 373, 373, 373, 373, 373, 373, 373, 373, 373, 373, 373, 373, 373, 373, 373, 373, 373, 373]",[21],[55],"[1, 8, 10, 11, 13, 14, 15, 16, 17, 19, 20, 21, 22, 23]","[67, 67, 373, 373, 373, 373, 373, 373, 373, 373, 373, 373, 373, 373, 373, 373, 373, 373, 373, 373]","[67, 67, 373, 373, 373, 373, 373, 373, 373, 373, 373, 373, 373, 373, 373, 373, 373, 373, 373, 373]"
49_45_208,"[545, 561, 561, 561, 561, 561, 1023, 1023, 1023, 1023, 1023, 1023, 1023, 1023, 1023, 1023, 1023, 1023, 1023, 1023]",[49],[45],"[9, 10, 11, 13, 14, 15, 16, 17, 18]","[545, 561, 561, 561, 561, 561, 1023, 1023, 1023, 1023, 1023, 1023, 1023, 1023, 1023, 1023, 1023, 1023, 1023, 1023]","[545, 561, 561, 561, 561, 561, 1023, 1023, 1023, 1023, 1023, 1023, 1023, 1023, 1023, 1023, 1023, 1023, 1023, 1023]"
5_45_209,"[2, 4, 17, 17, 102, 102, 102, 102, 102, 109, 115, 172, 175, 186, 186, 199, 204, 245, 245, 257]",[5],[45],"[0, 1, 2, 3, 4, 5, 9, 12, 13, 14, 15, 16, 17, 18, 19, 20, 21, 22, 23]","[2, 4, 17, 17, 102, 102, 102, 102, 102, 109, 115, 172, 175, 186, 186, 199, 204, 245, 245, 257]","[2, 4, 17, 17, 102, 102, 102, 102, 102, 109, 115, 172, 175, 186, 186, 199, 204, 245, 245, 257]"
50_44_210,"[51, 51, 51, 51, 51, 51, 51, 51, 51, 51, 51, 51, 51, 51, 51, 51, 51, 51, 51, 51]",[50],[44],"[11, 12, 13, 16, 17, 18, 19, 20, 22]","[51, 51, 51, 51, 51, 51, 51, 51, 51, 51, 51, 51, 51, 51, 51, 51, 51, 51, 51, 51]","[51, 51, 51, 51, 51, 51, 51, 51, 51, 51, 51, 51, 51, 51, 51, 51, 51, 51, 51, 51]"
27_93_211,"[317, 824, 997, 997, 997, 997, 997, 997, 997, 997, 997, 997, 997, 997, 997, 997, 997, 997, 997, 997]",[27],[93],"[8, 11, 12, 13, 16, 17]","[317, 824, 997, 997, 997, 997, 997, 997, 997, 997, 997, 997, 997, 997, 997, 997, 997, 997, 997, 997]","[317, 824, 997, 997, 997, 997, 997, 997, 997, 997, 997, 997, 997, 997, 997, 997, 997, 997, 997, 997]"
51_92_212,"[438, 438, 438, 438, 438, 438, 438, 438, 438, 438, 438, 438, 438, 438, 438, 438, 438, 438, 438, 438]",[51],[92],"[13, 14, 15, 16, 17, 18, 19, 20, 22, 23]","[438, 438, 438, 438, 438, 438, 438, 438, 438, 438, 438, 438, 438, 438, 438, 438, 438, 438, 438, 438]","[438, 438, 438, 438, 438, 438, 438, 438, 438, 438, 438, 438, 438, 438, 438, 438, 438, 438, 438, 438]"
26_45_213,"[25, 242, 242, 242, 253, 311, 311, 311, 311, 311, 311, 311, 311, 311, 311, 311, 311, 311, 311, 311]",[26],[45],"[1, 9, 11, 12, 13, 14, 15, 16, 17, 18, 19, 22, 23]","[25, 242, 242, 242, 253, 311, 311, 311, 311, 311, 311, 311, 311, 311, 311, 311, 311, 311, 311, 311]","[25, 242, 242, 242, 253, 311, 311, 311, 311, 311, 311, 311, 311, 311, 311, 311, 311, 311, 311, 311]"
11_25_214,"[293, 293, 293, 293, 293, 293, 293, 293, 293, 293, 293, 293, 293, 293, 293, 293, 293, 293, 293, 293]",[11],[25],"[0, 11, 13, 14, 15, 16, 17, 21, 22, 23]","[293, 293, 293, 293, 293, 293, 293, 293, 293, 293, 293, 293, 293, 293, 293, 293, 293, 293, 293, 293]","[293, 293, 293, 293, 293, 293, 293, 293, 293, 293, 293, 293, 293, 293, 293, 293, 293, 293, 293, 293]"
20_44_215,"[4, 4, 8, 18, 23, 36, 36, 39, 45, 48, 48, 48, 73, 125, 221, 262, 271, 271, 283, 292]",[20],[44],"[0, 1, 2, 3, 4, 5, 16, 17, 18, 19, 20, 21, 22, 23]","[4, 4, 8, 18, 23, 36, 36, 39, 45, 48, 48, 48, 73, 125, 221, 262, 271, 271, 283, 292]","[4, 4, 8, 18, 23, 36, 36, 39, 45, 48, 48, 48, 73, 125, 221, 262, 271, 271, 283, 292]"
16_43_216,"[999, 999, 999, 999, 999, 999, 999, 999, 999, 999, 999, 999, 999, 999, 999, 999, 999, 999, 999, 999]",[16],[43],"[0, 1, 2, 3, 4, 5, 6, 7, 8, 10, 11, 12, 13, 14, 17, 18, 20, 21, 22, 23]","[999, 999, 999, 999, 999, 999, 999, 999, 999, 999, 999, 999, 999, 999, 999, 999, 999, 999, 999, 999]","[999, 999, 999, 999, 999, 999, 999, 999, 999, 999, 999, 999, 999, 999, 999, 999, 999, 999, 999, 999]"
19_44_217,"[15, 15, 339, 378, 378, 378, 378, 378, 558, 558, 558, 558, 569, 569, 600, 600, 600, 600, 600, 600]",[19],[44],"[0, 1, 10, 11, 12, 13, 14, 15, 16, 17, 18, 20, 21, 22, 23]","[15, 15, 339, 378, 378, 378, 378, 378, 558, 558, 558, 558, 569, 569, 600, 600, 600, 600, 600, 600]","[15, 15, 339, 378, 378, 378, 378, 378, 558, 558, 558, 558, 569, 569, 600, 600, 600, 600, 600, 600]"
38_37_218,"[579, 579, 579, 579, 579, 579, 579, 579, 579, 579, 579, 579, 579, 579, 579, 579, 579, 579, 579, 579]",[38],[37],"[9, 10, 11, 12, 20]","[579, 579, 579, 579, 579, 579, 579, 579, 579, 579, 579, 579, 579, 579, 579, 579, 579, 579, 579, 579]","[579, 579, 579, 579, 579, 579, 579, 579, 579, 579, 579, 579, 579, 579, 579, 579, 579, 579, 579, 579]"
3_65_219,"[171, 171, 269, 406, 406, 406, 406, 406, 406, 406, 406, 406, 406, 406, 406, 406, 406, 406, 406, 406]",[3],[65],"[0, 10, 11, 12, 13, 14, 18, 22, 23]","[171, 171, 269, 406, 406, 406, 406, 406, 406, 406, 406, 406, 406, 406, 406, 406, 406, 406, 406, 406]","[171, 171, 269, 406, 406, 406, 406, 406, 406, 406, 406, 406, 406, 406, 406, 406, 406, 406, 406, 406]"
51_44_220,"[1, 35, 62, 63, 332, 347, 355, 370, 428, 475, 476, 493, 511, 515, 528, 541, 542, 576, 605, 628]",[51],[44],"[0, 1, 2, 11, 13, 14, 15, 16, 17, 18, 19, 20, 21, 22, 23]","[1, 35, 62, 63, 332, 347, 355, 370, 428, 475, 476, 493, 511, 515, 528, 541, 542, 576, 605, 628]","[1, 35, 62, 63, 332, 347, 355, 370, 428, 475, 476, 493, 511, 515, 528, 541, 542, 576, 605, 628]"
12_74_221,"[215, 302, 302, 302, 302, 302, 302, 302, 302, 302, 302, 302, 302, 302, 302, 302, 302, 302, 302, 302]",[12],[74],"[0, 1, 2, 3, 4, 5, 6, 7, 11, 12, 14, 15, 16, 17, 18, 19, 20, 21, 22, 23]","[215, 302, 302, 302, 302, 302, 302, 302, 302, 302, 302, 302, 302, 302, 302, 302, 302, 302, 302, 302]","[215, 302, 302, 302, 302, 302, 302, 302, 302, 302, 302, 302, 302, 302, 302, 302, 302, 302, 302, 302]"
22_45_222,"[174, 241, 299, 489, 489, 489, 489, 489, 489, 489, 489, 489, 489, 489, 489, 586, 586, 586, 586, 586]",[22],[45],"[0, 1, 2, 10, 11, 12, 13, 14, 16, 18, 20, 21, 22, 23]","[174, 241, 299, 489, 489, 489, 489, 489, 489, 489, 489, 489, 489, 489, 489, 586, 586, 586, 586, 586]","[174, 241, 299, 489, 489, 489, 489, 489, 489, 489, 489, 489, 489, 489, 489, 586, 586, 586, 586, 586]"
22_45_223,"[123, 123, 123, 123, 123, 123, 123, 123, 123, 123, 123, 123, 123, 123, 123, 123, 123, 123, 123, 123]",[22],[45],"[1, 13, 14, 15, 16, 17, 18, 19, 20, 21, 22]","[123, 123, 123, 123, 123, 123, 123, 123, 123, 123, 123, 123, 123, 123, 123, 123, 123, 123, 123, 123]","[123, 123, 123, 123, 123, 123, 123, 123, 123, 123, 123, 123, 123, 123, 123, 123, 123, 123, 123, 123]"
48_44_224,"[0, 3, 22, 61, 77, 104, 131, 155, 160, 179, 232, 250, 264, 264, 264, 264, 279, 293, 314, 350]",[48],[44],"[3, 12, 13, 14, 15, 16, 17, 18, 19, 20, 21, 22, 23]","[0, 3, 22, 61, 77, 104, 131, 155, 160, 179, 232, 250, 264, 264, 264, 264, 279, 293, 314, 350]","[0, 3, 22, 61, 77, 104, 131, 155, 160, 179, 232, 250, 264, 264, 264, 264, 279, 293, 314, 350]"
15_93_225,"[20, 202, 202, 202, 214, 342, 342, 342, 387, 387, 438, 438, 438, 485, 512, 549, 556, 560, 567, 651]",[15],[93],"[0, 1, 3, 12, 13, 14, 15, 16, 17, 18, 19, 20, 21, 22, 23]","[20, 202, 202, 202, 214, 342, 342, 342, 387, 387, 438, 438, 438, 485, 512, 549, 556, 560, 567, 651]","[20, 202, 202, 202, 214, 342, 342, 342, 387, 387, 438, 438, 438, 485, 512, 549, 556, 560, 567, 651]"
52_44_226,"[1, 10, 11, 36, 48, 72, 92, 97, 100, 102, 120, 125, 125, 125, 125, 125, 125, 125, 125, 125]",[52],[44],"[0, 1, 2, 15, 16, 17, 18, 19, 20, 21, 22, 23]","[1, 10, 11, 36, 48, 72, 92, 97, 100, 102, 120, 125, 125, 125, 125, 125, 125, 125, 125, 125]","[1, 10, 11, 36, 48, 72, 92, 97, 100, 102, 120, 125, 125, 125, 125, 125, 125, 125, 125, 125]"
8_45_227,"[1051, 1051, 1051, 1051, 1051, 1051, 1051, 1051, 1051, 1051, 1051, 1051, 1051, 1051, 1051, 1051, 1051, 1051, 1051, 1051]",[8],[45],"[0, 1, 2, 3, 4, 5, 6, 7, 8, 9, 10, 13, 14]","[1051, 1051, 1051, 1051, 1051, 1051, 1051, 1051, 1051, 1051, 1051, 1051, 1051, 1051, 1051, 1051, 1051, 1051, 1051, 1051]","[1051, 1051, 1051, 1051, 1051, 1051, 1051, 1051, 1051, 1051, 1051, 1051, 1051, 1051, 1051, 1051, 1051, 1051, 1051, 1051]"
16_46_228,"[892, 892, 892, 892, 892, 892, 892, 892, 892, 892, 892, 892, 892, 892, 892, 892, 892, 892, 892, 892]",[16],[46],"[0, 1, 2, 3, 4, 5, 6, 7, 15, 19, 20, 21, 22, 23]","[892, 892, 892, 892, 892, 892, 892, 892, 892, 892, 892, 892, 892, 892, 892, 892, 892, 892, 892, 892]","[892, 892, 892, 892, 892, 892, 892, 892, 892, 892, 892, 892, 892, 892, 892, 892, 892, 892, 892, 892]"
21_45_229,"[336, 336, 336, 336, 336, 336, 336, 336, 336, 336, 336, 336, 336, 336, 336, 336, 336, 336, 336, 336]",[21],[45],"[11, 12, 13, 14, 16, 17, 18, 19]","[336, 336, 336, 336, 336, 336, 336, 336, 336, 336, 336, 336, 336, 336, 336, 336, 336, 336, 336, 336]","[336, 336, 336, 336, 336, 336, 336, 336, 336, 336, 336, 336, 336, 336, 336, 336, 336, 336, 336, 336]"
38_14_230,"[103, 103, 103, 191, 191, 191, 191, 191, 191, 191, 191, 191, 191, 191, 191, 191, 191, 191, 191, 191]",[38],[14],"[0, 1, 2, 9, 10, 11, 12, 13, 14, 15, 16, 18, 19, 20, 21, 22, 23]","[103, 103, 103, 191, 191, 191, 191, 191, 191, 191, 191, 191, 191, 191, 191, 191, 191, 191, 191, 191]","[103, 103, 103, 191, 191, 191, 191, 191, 191, 191, 191, 191, 191, 191, 191, 191, 191, 191, 191, 191]"
1_21_231,"[613, 613, 613, 613, 613, 613, 613, 613, 613, 613, 613, 613, 613, 613, 613, 613, 613, 613, 613, 613]",[1],[21],"[3, 11, 12, 13, 18, 19]","[613, 613, 613, 613, 613, 613, 613, 613, 613, 613, 613, 613, 613, 613, 613, 613, 613, 613, 613, 613]","[613, 613, 613, 613, 613, 613, 613, 613, 613, 613, 613, 613, 613, 613, 613, 613, 613, 613, 613, 613]"
21_85_232,"[509, 509, 509, 509, 509, 509, 509, 509, 509, 509, 509, 509, 509, 509, 509, 509, 509, 509, 509, 509]",[21],[85],"[10, 11, 12, 13, 14, 19, 21]","[509, 509, 509, 509, 509, 509, 509, 509, 509, 509, 509, 509, 509, 509, 509, 509, 509, 509, 509, 509]","[509, 509, 509, 509, 509, 509, 509, 509, 509, 509, 509, 509, 509, 509, 509, 509, 509, 509, 509, 509]"
12_45_233,"[1, 3, 7, 18, 20, 61, 65, 104, 131, 144, 146, 157, 161, 179, 191, 223, 229, 235, 289, 302]",[12],[45],"[0, 1, 3, 5, 6, 11, 12, 13, 14, 15, 16, 17, 18, 19, 20, 21, 23]","[1, 3, 7, 18, 20, 61, 65, 104, 131, 144, 146, 157, 161, 179, 191, 223, 229, 235, 289, 302]","[1, 3, 7, 18, 20, 61, 65, 104, 131, 144, 146, 157, 161, 179, 191, 223, 229, 235, 289, 302]"
24_44_234,"[4, 31, 32, 32, 94, 95, 96, 99, 99, 119, 125, 125, 131, 142, 145, 177, 186, 206, 228, 228]",[24],[44],"[1, 4, 10, 11, 12, 13, 14, 15, 16, 17, 18, 19, 20, 21, 22, 23]","[4, 31, 32, 32, 94, 95, 96, 99, 99, 119, 125, 125, 131, 142, 145, 177, 186, 206, 228, 228]","[4, 31, 32, 32, 94, 95, 96, 99, 99, 119, 125, 125, 131, 142, 145, 177, 186, 206, 228, 228]"
21_53_235,"[878, 878, 878, 878, 878, 878, 878, 878, 878, 878, 878, 878, 878, 878, 878, 878, 878, 878, 878, 878]",[21],[53],"[10, 11, 12, 13, 14]","[878, 878, 878, 878, 878, 878, 878, 878, 878, 878, 878, 878, 878, 878, 878, 878, 878, 878, 878, 878]","[878, 878, 878, 878, 878, 878, 878, 878, 878, 878, 878, 878, 878, 878, 878, 878, 878, 878, 878, 878]"
12_4_236,"[105, 105, 105, 105, 105, 105, 105, 105, 105, 105, 105, 105, 105, 105, 105, 105, 105, 105, 105, 105]",[12],[4],"[2, 3, 4, 5, 6, 7, 8, 9, 10, 11, 12, 13, 14, 15, 16, 17, 18, 19, 20, 22]","[105, 105, 105, 105, 105, 105, 105, 105, 105, 105, 105, 105, 105, 105, 105, 105, 105, 105, 105, 105]","[105, 105, 105, 105, 105, 105, 105, 105, 105, 105, 105, 105, 105, 105, 105, 105, 105, 105, 105, 105]"
16_73_237,"[688, 688, 688, 688, 688, 688, 688, 688, 688, 688, 688, 688, 688, 688, 688, 688, 688, 688, 688, 688]",[16],[73],"[1, 2, 3, 4, 5, 6, 7, 8, 9, 11, 14, 15, 16, 17, 18, 19, 20, 21, 22, 23]","[688, 688, 688, 688, 688, 688, 688, 688, 688, 688, 688, 688, 688, 688, 688, 688, 688, 688, 688, 688]","[688, 688, 688, 688, 688, 688, 688, 688, 688, 688, 688, 688, 688, 688, 688, 688, 688, 688, 688, 688]"
21_44_238,"[270, 541, 541, 541, 541, 541, 541, 541, 541, 541, 541, 541, 541, 541, 541, 541, 541, 541, 541, 541]",[21],[44],"[12, 13, 14, 15, 16, 17, 18, 19, 20, 21, 22, 23]","[270, 541, 541, 541, 541, 541, 541, 541, 541, 541, 541, 541, 541, 541, 541, 541, 541, 541, 541, 541]","[270, 541, 541, 541, 541, 541, 541, 541, 541, 541, 541, 541, 541, 541, 541, 541, 541, 541, 541, 541]"
16_35_239,"[503, 503, 503, 503, 503, 503, 503, 503, 503, 503, 503, 503, 503, 503, 503, 503, 503, 503, 503, 503]",[16],[35],"[0, 1, 2, 3, 4, 5, 6, 8, 9, 13, 14, 15, 16, 17, 18, 19, 21, 22, 23]","[503, 503, 503, 503, 503, 503, 503, 503, 503, 503, 503, 503, 503, 503, 503, 503, 503, 503, 503, 503]","[503, 503, 503, 503, 503, 503, 503, 503, 503, 503, 503, 503, 503, 503, 503, 503, 503, 503, 503, 503]"
21_61_240,"[1015, 1015, 1015, 1015, 1015, 1015, 1015, 1015, 1015, 1015, 1015, 1015, 1015, 1015, 1015, 1015, 1015, 1015, 1015, 1015]",[21],[61],"[0, 12, 13, 14, 15, 16, 17, 18, 19, 21, 22]","[1015, 1015, 1015, 1015, 1015, 1015, 1015, 1015, 1015, 1015, 1015, 1015, 1015, 1015, 1015, 1015, 1015, 1015, 1015, 1015]","[1015, 1015, 1015, 1015, 1015, 1015, 1015, 1015, 1015, 1015, 1015, 1015, 1015, 1015, 1015, 1015, 1015, 1015, 1015, 1015]"
16_72_241,"[61, 61, 61, 61, 61, 61, 61, 61, 61, 61, 61, 61, 61, 61, 61, 61, 61, 61, 61, 61]",[16],[72],"[0, 1, 2, 3, 4, 5, 6, 9, 10, 12, 13, 14, 15, 16, 17, 18, 19, 20, 21, 22]","[61, 61, 61, 61, 61, 61, 61, 61, 61, 61, 61, 61, 61, 61, 61, 61, 61, 61, 61, 61]","[61, 61, 61, 61, 61, 61, 61, 61, 61, 61, 61, 61, 61, 61, 61, 61, 61, 61, 61, 61]"
26_16_242,"[474, 474, 474, 474, 474, 474, 474, 474, 474, 474, 474, 474, 474, 474, 474, 474, 474, 474, 474, 474]",[26],[16],"[0, 1, 7, 8, 9, 10, 11, 12, 13, 14, 15, 16, 17, 19, 21, 22, 23]","[474, 474, 474, 474, 474, 474, 474, 474, 474, 474, 474, 474, 474, 474, 474, 474, 474, 474, 474, 474]","[474, 474, 474, 474, 474, 474, 474, 474, 474, 474, 474, 474, 474, 474, 474, 474, 474, 474, 474, 474]"
53_88_243,"[948, 948, 948, 948, 948, 948, 948, 948, 948, 948, 948, 948, 948, 948, 948, 948, 948, 948, 948, 948]",[53],[88],"[0, 1, 2, 3, 4, 5, 19, 21, 22, 23]","[948, 948, 948, 948, 948, 948, 948, 948, 948, 948, 948, 948, 948, 948, 948, 948, 948, 948, 948, 948]","[948, 948, 948, 948, 948, 948, 948, 948, 948, 948, 948, 948, 948, 948, 948, 948, 948, 948, 948, 948]"
22_44_244,"[16, 16, 16, 16, 16, 58, 58, 58, 58, 58, 58, 58, 58, 58, 58, 58, 58, 58, 58, 58]",[22],[44],"[0, 2, 10, 11, 13, 15, 16, 17, 18, 20, 21, 22, 23]","[16, 16, 16, 16, 16, 58, 58, 58, 58, 58, 58, 58, 58, 58, 58, 58, 58, 58, 58, 58]","[16, 16, 16, 16, 16, 58, 58, 58, 58, 58, 58, 58, 58, 58, 58, 58, 58, 58, 58, 58]"
11_77_245,"[170, 232, 672, 672, 672, 672, 672, 672, 672, 672, 672, 672, 672, 672, 672, 672, 672, 672, 672, 672]",[11],[77],"[1, 7, 8, 9, 10, 11, 12, 13, 14, 15, 16, 17, 18, 19, 20, 21, 22]","[170, 232, 672, 672, 672, 672, 672, 672, 672, 672, 672, 672, 672, 672, 672, 672, 672, 672, 672, 672]","[170, 232, 672, 672, 672, 672, 672, 672, 672, 672, 672, 672, 672, 672, 672, 672, 672, 672, 672, 672]"
25_55_246,"[863, 924, 924, 924, 924, 924, 924, 924, 924, 924, 924, 924, 924, 924, 924, 924, 924, 924, 924, 924]",[25],[55],"[0, 2, 3, 5, 6, 7, 8, 12, 13, 14, 15, 16, 17, 18, 19, 20, 22, 23]","[863, 924, 924, 924, 924, 924, 924, 924, 924, 924, 924, 924, 924, 924, 924, 924, 924, 924, 924, 924]","[863, 924, 924, 924, 924, 924, 924, 924, 924, 924, 924, 924, 924, 924, 924, 924, 924, 924, 924, 924]"
20_44_247,"[12, 21, 21, 21, 25, 58, 76, 76, 88, 106, 119, 121, 140, 166, 182, 209, 219, 223, 271, 289]",[20],[44],"[0, 1, 2, 3, 4, 13, 14, 15, 16, 17, 18, 19, 20, 21, 22, 23]","[12, 21, 21, 21, 25, 58, 76, 76, 88, 106, 119, 121, 140, 166, 182, 209, 219, 223, 271, 289]","[12, 21, 21, 21, 25, 58, 76, 76, 88, 106, 119, 121, 140, 166, 182, 209, 219, 223, 271, 289]"
16_35_248,"[334, 334, 334, 334, 334, 334, 334, 334, 334, 334, 334, 334, 334, 334, 334, 334, 334, 334, 334, 334]",[16],[35],"[0, 1, 2, 3, 8, 10, 11, 12, 13, 14, 16, 17, 18, 19, 20, 21, 22, 23]","[334, 334, 334, 334, 334, 334, 334, 334, 334, 334, 334, 334, 334, 334, 334, 334, 334, 334, 334, 334]","[334, 334, 334, 334, 334, 334, 334, 334, 334, 334, 334, 334, 334, 334, 334, 334, 334, 334, 334, 334]"
16_8_249,"[390, 390, 390, 390, 390, 390, 390, 390, 390, 390, 390, 390, 390, 390, 390, 390, 390, 390, 390, 390]",[16],[8],"[0, 1, 2, 3, 4, 8, 9, 11, 12, 13, 14, 15, 16, 17, 18, 19, 20, 21, 23]","[390, 390, 390, 390, 390, 390, 390, 390, 390, 390, 390, 390, 390, 390, 390, 390, 390, 390, 390, 390]","[390, 390, 390, 390, 390, 390, 390, 390, 390, 390, 390, 390, 390, 390, 390, 390, 390, 390, 390, 390]"
54_45_250,"[241, 348, 361, 545, 545, 545, 545, 545, 545, 545, 545, 545, 545, 545, 545, 545, 545, 545, 545, 545]",[54],[45],"[2, 4, 10, 11, 12, 13, 14, 16, 22, 23]","[241, 348, 361, 545, 545, 545, 545, 545, 545, 545, 545, 545, 545, 545, 545, 545, 545, 545, 545, 545]","[241, 348, 361, 545, 545, 545, 545, 545, 545, 545, 545, 545, 545, 545, 545, 545, 545, 545, 545, 545]"
12_45_251,"[32, 61, 72, 113, 123, 157, 161, 161, 176, 177, 179, 197, 223, 223, 223, 229, 229, 229, 229, 229]",[12],[45],"[0, 1, 2, 4, 5, 6, 8, 9, 10, 11, 12, 13, 14, 16, 17, 18, 19, 20, 21, 22]","[32, 61, 72, 113, 123, 157, 161, 161, 176, 177, 179, 197, 223, 223, 223, 229, 229, 229, 229, 229]","[32, 61, 72, 113, 123, 157, 161, 161, 176, 177, 179, 197, 223, 223, 223, 229, 229, 229, 229, 229]"
16_73_252,"[554, 554, 554, 554, 554, 554, 554, 554, 554, 554, 554, 554, 554, 554, 554, 554, 554, 554, 554, 554]",[16],[73],"[0, 1, 2, 3, 4, 5, 6, 7, 8, 13]","[554, 554, 554, 554, 554, 554, 554, 554, 554, 554, 554, 554, 554, 554, 554, 554, 554, 554, 554, 554]","[554, 554, 554, 554, 554, 554, 554, 554, 554, 554, 554, 554, 554, 554, 554, 554, 554, 554, 554, 554]"
21_34_253,"[40, 75, 145, 159, 215, 270, 458, 506, 519, 565, 565, 565, 565, 565, 565, 565, 565, 565, 565, 565]",[21],[34],"[1, 2, 3, 4, 10, 12, 13, 14, 15, 16, 17, 18, 19, 20, 21, 22, 23]","[40, 75, 145, 159, 215, 270, 458, 506, 519, 565, 565, 565, 565, 565, 565, 565, 565, 565, 565, 565]","[40, 75, 145, 159, 215, 270, 458, 506, 519, 565, 565, 565, 565, 565, 565, 565, 565, 565, 565, 565]"
11_44_254,"[5, 62, 62, 190, 252, 252, 293, 293, 293, 293, 293, 293, 293, 293, 293, 293, 293, 293, 293, 293]",[11],[44],"[0, 1, 3, 12, 14, 15, 16, 17, 18, 19, 20, 21, 23]","[5, 62, 62, 190, 252, 252, 293, 293, 293, 293, 293, 293, 293, 293, 293, 293, 293, 293, 293, 293]","[5, 62, 62, 190, 252, 252, 293, 293, 293, 293, 293, 293, 293, 293, 293, 293, 293, 293, 293, 293]"
25_24_255,"[372, 458, 458, 458, 458, 458, 458, 458, 458, 458, 458, 458, 458, 458, 458, 458, 458, 458, 458, 458]",[25],[24],"[1, 2, 10, 11, 12, 13, 14, 15, 16, 17, 18, 19, 22, 23]","[372, 458, 458, 458, 458, 458, 458, 458, 458, 458, 458, 458, 458, 458, 458, 458, 458, 458, 458, 458]","[372, 458, 458, 458, 458, 458, 458, 458, 458, 458, 458, 458, 458, 458, 458, 458, 458, 458, 458, 458]"
30_73_256,"[688, 688, 688, 688, 688, 688, 688, 688, 688, 688, 688, 688, 688, 688, 688, 688, 688, 688, 688, 688]",[30],[73],"[1, 2, 3, 4, 5, 6, 7, 8, 9, 11, 14, 15, 16, 17, 18, 19, 20, 23]","[688, 688, 688, 688, 688, 688, 688, 688, 688, 688, 688, 688, 688, 688, 688, 688, 688, 688, 688, 688]","[688, 688, 688, 688, 688, 688, 688, 688, 688, 688, 688, 688, 688, 688, 688, 688, 688, 688, 688, 688]"
55_21_257,"[613, 613, 613, 613, 613, 613, 613, 613, 613, 613, 613, 613, 613, 613, 613, 613, 613, 613, 613, 613]",[55],[21],"[3, 11, 12, 13, 18]","[613, 613, 613, 613, 613, 613, 613, 613, 613, 613, 613, 613, 613, 613, 613, 613, 613, 613, 613, 613]","[613, 613, 613, 613, 613, 613, 613, 613, 613, 613, 613, 613, 613, 613, 613, 613, 613, 613, 613, 613]"
21_44_258,"[68, 496, 496, 496, 551, 551, 551, 551, 551, 551, 551, 551, 551, 551, 551, 551, 551, 551, 551, 551]",[21],[44],"[0, 11, 12, 13, 14, 15, 16, 17, 18, 19, 20, 21, 22, 23]","[68, 496, 496, 496, 551, 551, 551, 551, 551, 551, 551, 551, 551, 551, 551, 551, 551, 551, 551, 551]","[68, 496, 496, 496, 551, 551, 551, 551, 551, 551, 551, 551, 551, 551, 551, 551, 551, 551, 551, 551]"
10_8_259,"[390, 390, 390, 390, 390, 390, 390, 390, 390, 390, 390, 390, 390, 390, 390, 390, 390, 390, 390, 390]",[10],[8],"[0, 1, 2, 3, 4, 5, 7, 8, 9, 11, 12, 13, 14, 15, 16, 17, 18, 19, 21, 22]","[390, 390, 390, 390, 390, 390, 390, 390, 390, 390, 390, 390, 390, 390, 390, 390, 390, 390, 390, 390]","[390, 390, 390, 390, 390, 390, 390, 390, 390, 390, 390, 390, 390, 390, 390, 390, 390, 390, 390, 390]"
56_41_260,"[280, 280, 280, 280, 280, 280, 280, 280, 280, 280, 280, 280, 280, 280, 280, 280, 280, 280, 280, 280]",[56],[41],"[1, 2, 3, 4, 5, 12, 13, 14, 15, 16, 17, 18, 19, 20, 21, 22, 23]","[280, 280, 280, 280, 280, 280, 280, 280, 280, 280, 280, 280, 280, 280, 280, 280, 280, 280, 280, 280]","[280, 280, 280, 280, 280, 280, 280, 280, 280, 280, 280, 280, 280, 280, 280, 280, 280, 280, 280, 280]"
16_15_261,"[833, 833, 833, 833, 833, 833, 833, 833, 833, 833, 833, 833, 833, 833, 833, 833, 833, 833, 833, 833]",[16],[15],"[0, 1, 2, 4, 5, 12, 13, 14, 15, 16, 17, 18, 19, 20, 21, 22, 23]","[833, 833, 833, 833, 833, 833, 833, 833, 833, 833, 833, 833, 833, 833, 833, 833, 833, 833, 833, 833]","[833, 833, 833, 833, 833, 833, 833, 833, 833, 833, 833, 833, 833, 833, 833, 833, 833, 833, 833, 833]"
21_46_262,"[892, 892, 892, 892, 892, 892, 892, 892, 892, 892, 892, 892, 892, 892, 892, 892, 892, 892, 892, 892]",[21],[46],"[12, 13, 14, 15, 21]","[892, 892, 892, 892, 892, 892, 892, 892, 892, 892, 892, 892, 892, 892, 892, 892, 892, 892, 892, 892]","[892, 892, 892, 892, 892, 892, 892, 892, 892, 892, 892, 892, 892, 892, 892, 892, 892, 892, 892, 892]"
12_13_263,"[778, 778, 778, 778, 778, 778, 778, 778, 778, 778, 778, 778, 778, 778, 778, 778, 778, 778, 778, 778]",[12],[13],"[0, 1, 3, 10, 11, 12, 13, 16, 19, 20, 21, 22, 23]","[778, 778, 778, 778, 778, 778, 778, 778, 778, 778, 778, 778, 778, 778, 778, 778, 778, 778, 778, 778]","[778, 778, 778, 778, 778, 778, 778, 778, 778, 778, 778, 778, 778, 778, 778, 778, 778, 778, 778, 778]"
3_55_264,"[2, 2, 234, 234, 234, 234, 234, 234, 234, 234, 234, 234, 234, 234, 234, 234, 234, 234, 234, 234]",[3],[55],"[0, 1, 3, 5, 11, 12, 13, 14, 15, 16, 19, 20, 21, 22]","[2, 2, 234, 234, 234, 234, 234, 234, 234, 234, 234, 234, 234, 234, 234, 234, 234, 234, 234, 234]","[2, 2, 234, 234, 234, 234, 234, 234, 234, 234, 234, 234, 234, 234, 234, 234, 234, 234, 234, 234]"
0_25_265,"[57, 90, 90, 90, 90, 90, 90, 90, 90, 90, 170, 170, 170, 170, 244, 361, 361, 361, 478, 478]",[0],[25],"[1, 5, 10, 11, 12, 13, 14, 15, 16, 18, 19, 20, 21, 22, 23]","[57, 90, 90, 90, 90, 90, 90, 90, 90, 90, 170, 170, 170, 170, 244, 361, 361, 361, 478, 478]","[57, 90, 90, 90, 90, 90, 90, 90, 90, 90, 170, 170, 170, 170, 244, 361, 361, 361, 478, 478]"
57_34_266,"[36, 40, 44, 335, 335, 335, 335, 335, 335, 335, 335, 335, 335, 335, 335, 335, 335, 335, 335, 335]",[57],[34],"[0, 3, 4, 5, 9, 10, 11, 12, 13, 14, 15, 16, 17, 19, 20, 21, 22]","[36, 40, 44, 335, 335, 335, 335, 335, 335, 335, 335, 335, 335, 335, 335, 335, 335, 335, 335, 335]","[36, 40, 44, 335, 335, 335, 335, 335, 335, 335, 335, 335, 335, 335, 335, 335, 335, 335, 335, 335]"
46_72_267,"[61, 61, 61, 61, 61, 61, 61, 61, 61, 61, 61, 61, 61, 61, 61, 61, 61, 61, 61, 61]",[46],[72],"[0, 1, 2, 3, 4, 8, 13, 14, 15, 16, 17, 18, 19, 20, 21, 22, 23]","[61, 61, 61, 61, 61, 61, 61, 61, 61, 61, 61, 61, 61, 61, 61, 61, 61, 61, 61, 61]","[61, 61, 61, 61, 61, 61, 61, 61, 61, 61, 61, 61, 61, 61, 61, 61, 61, 61, 61, 61]"
20_65_268,"[460, 460, 460, 460, 460, 460, 460, 460, 460, 460, 460, 460, 460, 460, 460, 460, 460, 460, 460, 460]",[20],[65],"[4, 5, 6, 7, 8, 9]","[460, 460, 460, 460, 460, 460, 460, 460, 460, 460, 460, 460, 460, 460, 460, 460, 460, 460, 460, 460]","[460, 460, 460, 460, 460, 460, 460, 460, 460, 460, 460, 460, 460, 460, 460, 460, 460, 460, 460, 460]"
4_61_269,"[623, 623, 623, 623, 623, 623, 623, 623, 623, 623, 623, 623, 623, 623, 623, 623, 623, 623, 623, 623]",[4],[61],"[0, 1, 2, 6, 7, 8, 9, 10, 12, 13, 15, 18, 19, 20, 21, 22, 23]","[623, 623, 623, 623, 623, 623, 623, 623, 623, 623, 623, 623, 623, 623, 623, 623, 623, 623, 623, 623]","[623, 623, 623, 623, 623, 623, 623, 623, 623, 623, 623, 623, 623, 623, 623, 623, 623, 623, 623, 623]"
7_34_270,"[6, 6, 6, 6, 6, 6, 6, 6, 6, 6, 6, 21, 21, 21, 21, 21, 21, 21, 53, 123]",[7],[34],"[0, 1, 2, 3, 4, 11, 12, 13, 14, 15, 16, 17, 18, 19, 20, 21, 22, 23]","[6, 6, 6, 6, 6, 6, 6, 6, 6, 6, 6, 21, 21, 21, 21, 21, 21, 21, 53, 123]","[6, 6, 6, 6, 6, 6, 6, 6, 6, 6, 6, 21, 21, 21, 21, 21, 21, 21, 53, 123]"
4_49_271,"[176, 176, 176, 176, 176, 176, 176, 176, 176, 176, 176, 176, 176, 176, 176, 176, 176, 176, 176, 176]",[4],[49],"[0, 1, 2, 3, 7, 11, 13, 14, 15, 16, 17, 18, 19, 20, 21, 22, 23]","[176, 176, 176, 176, 176, 176, 176, 176, 176, 176, 176, 176, 176, 176, 176, 176, 176, 176, 176, 176]","[176, 176, 176, 176, 176, 176, 176, 176, 176, 176, 176, 176, 176, 176, 176, 176, 176, 176, 176, 176]"
13_45_272,"[50, 50, 50, 50, 50, 50, 50, 50, 50, 50, 50, 50, 50, 50, 50, 50, 50, 50, 50, 50]",[13],[45],"[0, 3, 7, 11, 13, 14, 15, 16, 17, 18, 19, 20, 21, 22, 23]","[50, 50, 50, 50, 50, 50, 50, 50, 50, 50, 50, 50, 50, 50, 50, 50, 50, 50, 50, 50]","[50, 50, 50, 50, 50, 50, 50, 50, 50, 50, 50, 50, 50, 50, 50, 50, 50, 50, 50, 50]"
11_46_273,"[29, 29, 29, 29, 29, 29, 29, 29, 29, 29, 29, 29, 29, 29, 29, 29, 29, 29, 170, 170]",[11],[46],"[0, 1, 2, 3, 4, 5, 6, 7, 10, 11, 12, 13, 14, 16, 18, 19, 20, 21, 22, 23]","[29, 29, 29, 29, 29, 29, 29, 29, 29, 29, 29, 29, 29, 29, 29, 29, 29, 29, 170, 170]","[29, 29, 29, 29, 29, 29, 29, 29, 29, 29, 29, 29, 29, 29, 29, 29, 29, 29, 170, 170]"
58_5_274,"[276, 276, 276, 361, 361, 361, 361, 361, 361, 361, 361, 361, 361, 361, 361, 361, 361, 361, 361, 361]",[58],[5],"[0, 1, 2, 3, 4, 8, 9, 10, 11, 12, 13, 14, 15, 16, 17, 18, 19, 20, 21, 22]","[276, 276, 276, 361, 361, 361, 361, 361, 361, 361, 361, 361, 361, 361, 361, 361, 361, 361, 361, 361]","[276, 276, 276, 361, 361, 361, 361, 361, 361, 361, 361, 361, 361, 361, 361, 361, 361, 361, 361, 361]"
11_44_275,"[7, 69, 91, 91, 91, 129, 170, 252, 252, 329, 361, 361, 361, 361, 361, 361, 361, 361, 361, 447]",[11],[44],"[0, 1, 2, 3, 4, 6, 8, 12, 13, 15, 16, 17, 18, 19, 21, 22, 23]","[7, 69, 91, 91, 91, 129, 170, 252, 252, 329, 361, 361, 361, 361, 361, 361, 361, 361, 361, 447]","[7, 69, 91, 91, 91, 129, 170, 252, 252, 329, 361, 361, 361, 361, 361, 361, 361, 361, 361, 447]"
0_25_276,"[16, 25, 104, 104, 104, 104, 104, 104, 104, 104, 104, 104, 104, 104, 104, 104, 104, 104, 104, 104]",[0],[25],"[0, 1, 2, 3, 4, 6, 11, 12, 13, 15, 16, 17, 18, 19, 20, 21, 22, 23]","[16, 25, 104, 104, 104, 104, 104, 104, 104, 104, 104, 104, 104, 104, 104, 104, 104, 104, 104, 104]","[16, 25, 104, 104, 104, 104, 104, 104, 104, 104, 104, 104, 104, 104, 104, 104, 104, 104, 104, 104]"
16_34_277,"[681, 681, 681, 681, 681, 681, 681, 681, 681, 681, 681, 681, 681, 681, 681, 681, 681, 681, 681, 681]",[16],[34],"[0, 2, 3, 4, 5, 6, 7, 8, 9, 11, 12, 13, 14, 15, 16, 17, 18, 19, 22, 23]","[681, 681, 681, 681, 681, 681, 681, 681, 681, 681, 681, 681, 681, 681, 681, 681, 681, 681, 681, 681]","[681, 681, 681, 681, 681, 681, 681, 681, 681, 681, 681, 681, 681, 681, 681, 681, 681, 681, 681, 681]"
59_44_278,"[0, 18, 18, 36, 61, 77, 105, 127, 155, 157, 189, 193, 223, 229, 232, 257, 264, 264, 331, 362]",[59],[44],"[0, 13, 14, 15, 16, 17, 18, 19, 20, 21, 22, 23]","[0, 18, 18, 36, 61, 77, 105, 127, 155, 157, 189, 193, 223, 229, 232, 257, 264, 264, 331, 362]","[0, 18, 18, 36, 61, 77, 105, 127, 155, 157, 189, 193, 223, 229, 232, 257, 264, 264, 331, 362]"
16_45_279,"[394, 394, 394, 394, 394, 394, 394, 394, 394, 394, 394, 394, 394, 394, 394, 394, 394, 394, 394, 394]",[16],[45],"[1, 2, 3, 4, 5, 6, 7, 8, 9, 10, 11, 12, 13, 15, 21, 23]","[394, 394, 394, 394, 394, 394, 394, 394, 394, 394, 394, 394, 394, 394, 394, 394, 394, 394, 394, 394]","[394, 394, 394, 394, 394, 394, 394, 394, 394, 394, 394, 394, 394, 394, 394, 394, 394, 394, 394, 394]"
26_45_280,"[394, 394, 394, 394, 394, 394, 394, 394, 394, 394, 394, 394, 394, 394, 394, 394, 394, 394, 394, 394]",[26],[45],"[1, 2, 3, 5, 6, 7, 8, 9, 10, 11, 12, 13, 14, 15, 17, 18, 19, 23]","[394, 394, 394, 394, 394, 394, 394, 394, 394, 394, 394, 394, 394, 394, 394, 394, 394, 394, 394, 394]","[394, 394, 394, 394, 394, 394, 394, 394, 394, 394, 394, 394, 394, 394, 394, 394, 394, 394, 394, 394]"
12_65_281,"[171, 406, 406, 406, 406, 406, 406, 406, 406, 406, 406, 406, 406, 406, 406, 406, 406, 406, 406, 406]",[12],[65],"[0, 10, 11, 12, 13, 14, 17, 22, 23]","[171, 406, 406, 406, 406, 406, 406, 406, 406, 406, 406, 406, 406, 406, 406, 406, 406, 406, 406, 406]","[171, 406, 406, 406, 406, 406, 406, 406, 406, 406, 406, 406, 406, 406, 406, 406, 406, 406, 406, 406]"
6_63_282,"[16, 27, 40, 41, 41, 50, 50, 80, 88, 88, 92, 158, 191, 191, 195, 207, 236, 236, 236, 236]",[6],[63],"[0, 2, 3, 5, 6, 10, 12, 13, 14, 15, 16, 17, 18, 19, 20, 21, 22, 23]","[16, 27, 40, 41, 41, 50, 50, 80, 88, 88, 92, 158, 191, 191, 195, 207, 236, 236, 236, 236]","[16, 27, 40, 41, 41, 50, 50, 80, 88, 88, 92, 158, 191, 191, 195, 207, 236, 236, 236, 236]"
19_54_283,"[331, 558, 558, 558, 558, 558, 565, 565, 575, 851, 851, 851, 851, 851, 851, 851, 851, 851, 851, 851]",[19],[54],"[0, 1, 10, 11, 14, 15, 16, 18, 19, 20, 21, 22, 23]","[331, 558, 558, 558, 558, 558, 565, 565, 575, 851, 851, 851, 851, 851, 851, 851, 851, 851, 851, 851]","[331, 558, 558, 558, 558, 558, 565, 565, 575, 851, 851, 851, 851, 851, 851, 851, 851, 851, 851, 851]"
12_39_284,"[200, 415, 415, 499, 499, 499, 499, 499, 499, 499, 499, 499, 499, 499, 499, 499, 499, 499, 499, 499]",[12],[39],"[0, 1, 2, 3, 4, 5, 6, 7, 8, 10, 12, 14, 17, 18, 20, 21, 22, 23]","[200, 415, 415, 499, 499, 499, 499, 499, 499, 499, 499, 499, 499, 499, 499, 499, 499, 499, 499, 499]","[200, 415, 415, 499, 499, 499, 499, 499, 499, 499, 499, 499, 499, 499, 499, 499, 499, 499, 499, 499]"
16_58_285,"[380, 380, 380, 380, 380, 380, 380, 380, 380, 380, 380, 380, 380, 380, 380, 380, 380, 380, 380, 380]",[16],[58],"[0, 1, 2, 3, 4, 5, 6, 7, 12, 14, 15, 16, 17, 18, 19, 20, 21, 22, 23]","[380, 380, 380, 380, 380, 380, 380, 380, 380, 380, 380, 380, 380, 380, 380, 380, 380, 380, 380, 380]","[380, 380, 380, 380, 380, 380, 380, 380, 380, 380, 380, 380, 380, 380, 380, 380, 380, 380, 380, 380]"
20_44_286,"[18, 19, 19, 19, 19, 19, 104, 142, 175, 219, 219, 264, 264, 271, 289, 400, 409, 445, 459, 459]",[20],[44],"[0, 1, 2, 3, 4, 5, 15, 18, 19, 20, 22, 23]","[18, 19, 19, 19, 19, 19, 104, 142, 175, 219, 219, 264, 264, 271, 289, 400, 409, 445, 459, 459]","[18, 19, 19, 19, 19, 19, 104, 142, 175, 219, 219, 264, 264, 271, 289, 400, 409, 445, 459, 459]"
12_44_287,"[61, 105, 105, 105, 173, 173, 229, 229, 229, 229, 229, 229, 264, 264, 264, 264, 284, 284, 339, 362]",[12],[44],"[0, 1, 2, 3, 4, 5, 6, 8, 10, 11, 12, 13, 14, 15, 16, 17, 18, 19, 20, 21]","[61, 105, 105, 105, 173, 173, 229, 229, 229, 229, 229, 229, 264, 264, 264, 264, 284, 284, 339, 362]","[61, 105, 105, 105, 173, 173, 229, 229, 229, 229, 229, 229, 264, 264, 264, 264, 284, 284, 339, 362]"
25_65_288,"[460, 460, 460, 460, 460, 460, 460, 460, 460, 460, 460, 460, 460, 460, 460, 460, 460, 460, 460, 460]",[25],[65],"[0, 1, 2, 3, 4, 5, 6, 7, 9, 19]","[460, 460, 460, 460, 460, 460, 460, 460, 460, 460, 460, 460, 460, 460, 460, 460, 460, 460, 460, 460]","[460, 460, 460, 460, 460, 460, 460, 460, 460, 460, 460, 460, 460, 460, 460, 460, 460, 460, 460, 460]"
21_45_289,"[287, 287, 287, 287, 287, 287, 287, 287, 287, 287, 287, 287, 287, 287, 287, 287, 287, 287, 287, 287]",[21],[45],"[11, 12, 13, 15, 19]","[287, 287, 287, 287, 287, 287, 287, 287, 287, 287, 287, 287, 287, 287, 287, 287, 287, 287, 287, 287]","[287, 287, 287, 287, 287, 287, 287, 287, 287, 287, 287, 287, 287, 287, 287, 287, 287, 287, 287, 287]"
15_63_290,"[373, 373, 373, 373, 373, 373, 373, 373, 373, 373, 373, 373, 373, 373, 373, 373, 373, 373, 373, 373]",[15],[63],"[8, 9, 10, 11, 12, 13, 14, 15, 16]","[373, 373, 373, 373, 373, 373, 373, 373, 373, 373, 373, 373, 373, 373, 373, 373, 373, 373, 373, 373]","[373, 373, 373, 373, 373, 373, 373, 373, 373, 373, 373, 373, 373, 373, 373, 373, 373, 373, 373, 373]"
24_44_291,"[4, 4, 4, 5, 62, 66, 66, 66, 66, 66, 66, 97, 163, 209, 240, 240, 240, 240, 356, 356]",[24],[44],"[0, 1, 2, 12, 13, 14, 16, 17, 18, 19, 20, 21, 22, 23]","[4, 4, 4, 5, 62, 66, 66, 66, 66, 66, 66, 97, 163, 209, 240, 240, 240, 240, 356, 356]","[4, 4, 4, 5, 62, 66, 66, 66, 66, 66, 66, 97, 163, 209, 240, 240, 240, 240, 356, 356]"
11_45_292,"[21, 21, 50, 50, 50, 50, 50, 50, 50, 50, 50, 50, 50, 50, 50, 361, 361, 361, 361, 361]",[11],[45],"[0, 1, 2, 3, 9, 17, 18, 19, 20, 21, 22, 23]","[21, 21, 50, 50, 50, 50, 50, 50, 50, 50, 50, 50, 50, 50, 50, 361, 361, 361, 361, 361]","[21, 21, 50, 50, 50, 50, 50, 50, 50, 50, 50, 50, 50, 50, 50, 361, 361, 361, 361, 361]"
60_16_293,"[474, 474, 474, 474, 474, 474, 474, 474, 474, 474, 474, 474, 474, 474, 474, 474, 474, 474, 474, 474]",[60],[16],"[0, 1, 6, 8, 9, 10, 11, 12, 13, 14, 19, 20, 21, 22, 23]","[474, 474, 474, 474, 474, 474, 474, 474, 474, 474, 474, 474, 474, 474, 474, 474, 474, 474, 474, 474]","[474, 474, 474, 474, 474, 474, 474, 474, 474, 474, 474, 474, 474, 474, 474, 474, 474, 474, 474, 474]"
11_45_294,"[455, 455, 455, 455, 455, 455, 455, 455, 455, 455, 455, 455, 455, 455, 455, 455, 455, 455, 455, 455]",[11],[45],"[12, 13, 14, 15, 17, 20, 21, 22, 23]","[455, 455, 455, 455, 455, 455, 455, 455, 455, 455, 455, 455, 455, 455, 455, 455, 455, 455, 455, 455]","[455, 455, 455, 455, 455, 455, 455, 455, 455, 455, 455, 455, 455, 455, 455, 455, 455, 455, 455, 455]"
3_77_295,"[19, 21, 21, 21, 21, 21, 21, 21, 21, 21, 21, 21, 21, 21, 21, 21, 21, 21, 21, 21]",[3],[77],"[0, 1, 2, 3, 4, 5, 6, 12, 13, 15, 16, 17, 18, 19, 20, 21, 22, 23]","[19, 21, 21, 21, 21, 21, 21, 21, 21, 21, 21, 21, 21, 21, 21, 21, 21, 21, 21, 21]","[19, 21, 21, 21, 21, 21, 21, 21, 21, 21, 21, 21, 21, 21, 21, 21, 21, 21, 21, 21]"
3_35_296,"[40, 55, 144, 171, 180, 212, 346, 368, 368, 368, 528, 528, 528, 528, 528, 528, 528, 528, 528, 528]",[3],[35],"[0, 1, 2, 5, 6, 8, 9, 10, 12, 13, 14, 15, 16, 17, 18, 19, 20, 21, 22, 23]","[40, 55, 144, 171, 180, 212, 346, 368, 368, 368, 528, 528, 528, 528, 528, 528, 528, 528, 528, 528]","[40, 55, 144, 171, 180, 212, 346, 368, 368, 368, 528, 528, 528, 528, 528, 528, 528, 528, 528, 528]"
21_45_297,"[285, 285, 315, 569, 591, 591, 591, 591, 591, 591, 591, 591, 591, 591, 591, 591, 591, 591, 591, 591]",[21],[45],"[12, 13, 14, 17, 18]","[285, 285, 315, 569, 591, 591, 591, 591, 591, 591, 591, 591, 591, 591, 591, 591, 591, 591, 591, 591]","[285, 285, 315, 569, 591, 591, 591, 591, 591, 591, 591, 591, 591, 591, 591, 591, 591, 591, 591, 591]"
21_44_298,"[295, 295, 295, 295, 295, 295, 295, 295, 295, 295, 295, 295, 295, 295, 295, 295, 295, 295, 295, 295]",[21],[44],"[12, 13, 14, 15, 16, 17, 18, 19, 22]","[295, 295, 295, 295, 295, 295, 295, 295, 295, 295, 295, 295, 295, 295, 295, 295, 295, 295, 295, 295]","[295, 295, 295, 295, 295, 295, 295, 295, 295, 295, 295, 295, 295, 295, 295, 295, 295, 295, 295, 295]"
12_26_299,"[7, 7, 123, 123, 123, 123, 123, 123, 123, 123, 123, 123, 123, 123, 127, 340, 340, 340, 340, 340]",[12],[26],"[0, 1, 2, 3, 4, 5, 7, 9, 11, 12, 13, 14, 15, 16, 17, 18, 19, 20, 21, 22]","[7, 7, 123, 123, 123, 123, 123, 123, 123, 123, 123, 123, 123, 123, 127, 340, 340, 340, 340, 340]","[7, 7, 123, 123, 123, 123, 123, 123, 123, 123, 123, 123, 123, 123, 127, 340, 340, 340, 340, 340]"
11_35_300,"[276, 276, 276, 346, 346, 361, 361, 361, 361, 361, 361, 361, 361, 361, 361, 361, 361, 361, 361, 361]",[11],[35],"[0, 1, 2, 3, 5, 9, 10, 11, 12, 13, 16, 18, 19, 20, 21, 23]","[276, 276, 276, 346, 346, 361, 361, 361, 361, 361, 361, 361, 361, 361, 361, 361, 361, 361, 361, 361]","[276, 276, 276, 346, 346, 361, 361, 361, 361, 361, 361, 361, 361, 361, 361, 361, 361, 361, 361, 361]"
11_66_301,"[21, 21, 21, 21, 21, 21, 21, 21, 21, 21, 21, 21, 43, 130, 130, 130, 170, 264, 264, 292]",[11],[66],"[0, 1, 2, 3, 6, 8, 10, 12, 14, 15, 16, 18, 19, 20, 21, 22, 23]","[21, 21, 21, 21, 21, 21, 21, 21, 21, 21, 21, 21, 43, 130, 130, 130, 170, 264, 264, 292]","[21, 21, 21, 21, 21, 21, 21, 21, 21, 21, 21, 21, 43, 130, 130, 130, 170, 264, 264, 292]"
30_44_302,"[35, 155, 301, 331, 532, 577, 621, 674, 718, 726, 726, 726, 726, 726, 726, 726, 726, 726, 726, 726]",[30],[44],"[1, 2, 3, 4, 6, 7, 11, 13, 14, 23]","[35, 155, 301, 331, 532, 577, 621, 674, 718, 726, 726, 726, 726, 726, 726, 726, 726, 726, 726, 726]","[35, 155, 301, 331, 532, 577, 621, 674, 718, 726, 726, 726, 726, 726, 726, 726, 726, 726, 726, 726]"
61_27_303,"[318, 318, 318, 318, 318, 318, 318, 318, 318, 318, 318, 318, 318, 318, 318, 318, 318, 318, 318, 318]",[61],[27],"[0, 1, 2, 3, 5, 7, 8, 10, 11, 12, 13, 15, 16, 17, 18, 19, 20, 21, 22, 23]","[318, 318, 318, 318, 318, 318, 318, 318, 318, 318, 318, 318, 318, 318, 318, 318, 318, 318, 318, 318]","[318, 318, 318, 318, 318, 318, 318, 318, 318, 318, 318, 318, 318, 318, 318, 318, 318, 318, 318, 318]"
8_34_304,"[74, 152, 152, 282, 482, 519, 823, 909, 909, 909, 909, 909, 909, 909, 909, 909, 909, 909, 909, 909]",[8],[34],"[0, 1, 3, 10, 11, 12, 13, 14, 16, 18, 23]","[74, 152, 152, 282, 482, 519, 823, 909, 909, 909, 909, 909, 909, 909, 909, 909, 909, 909, 909, 909]","[74, 152, 152, 282, 482, 519, 823, 909, 909, 909, 909, 909, 909, 909, 909, 909, 909, 909, 909, 909]"
16_65_305,"[649, 649, 649, 649, 649, 649, 649, 649, 649, 649, 649, 649, 649, 649, 649, 649, 649, 649, 649, 649]",[16],[65],"[0, 1, 2, 3, 4, 5, 6, 7, 8, 9, 10, 14, 16, 17, 18, 19, 20, 21, 22]","[649, 649, 649, 649, 649, 649, 649, 649, 649, 649, 649, 649, 649, 649, 649, 649, 649, 649, 649, 649]","[649, 649, 649, 649, 649, 649, 649, 649, 649, 649, 649, 649, 649, 649, 649, 649, 649, 649, 649, 649]"
46_25_306,"[9, 9, 9, 9, 9, 9, 9, 9, 9, 9, 9, 9, 9, 9, 9, 9, 9, 9, 9, 9]",[46],[25],"[0, 1, 2, 3, 4, 5, 6, 7, 8, 9, 10, 11, 12, 13, 17, 18, 21, 22, 23]","[9, 9, 9, 9, 9, 9, 9, 9, 9, 9, 9, 9, 9, 9, 9, 9, 9, 9, 9, 9]","[9, 9, 9, 9, 9, 9, 9, 9, 9, 9, 9, 9, 9, 9, 9, 9, 9, 9, 9, 9]"
21_57_307,"[82, 82, 82, 82, 82, 82, 82, 82, 82, 82, 82, 82, 82, 82, 82, 82, 82, 82, 82, 82]",[21],[57],"[11, 12, 13, 22]","[82, 82, 82, 82, 82, 82, 82, 82, 82, 82, 82, 82, 82, 82, 82, 82, 82, 82, 82, 82]","[82, 82, 82, 82, 82, 82, 82, 82, 82, 82, 82, 82, 82, 82, 82, 82, 82, 82, 82, 82]"
7_47_308,"[16, 16, 16, 16, 16, 16, 16, 16, 16, 16, 16, 16, 16, 16, 59, 59, 59, 59, 59, 59]",[7],[47],"[0, 1, 2, 3, 5, 12, 13, 14, 15, 16, 18, 19, 20, 21, 22, 23]","[16, 16, 16, 16, 16, 16, 16, 16, 16, 16, 16, 16, 16, 16, 59, 59, 59, 59, 59, 59]","[16, 16, 16, 16, 16, 16, 16, 16, 16, 16, 16, 16, 16, 16, 59, 59, 59, 59, 59, 59]"
8_45_309,"[67, 67, 186, 355, 463, 463, 463, 463, 463, 463, 463, 463, 463, 463, 463, 463, 463, 463, 463, 463]",[8],[45],"[1, 2, 3, 4, 8, 9, 10, 11, 12, 13, 15, 16, 17, 18, 19, 20, 21, 23]","[67, 67, 186, 355, 463, 463, 463, 463, 463, 463, 463, 463, 463, 463, 463, 463, 463, 463, 463, 463]","[67, 67, 186, 355, 463, 463, 463, 463, 463, 463, 463, 463, 463, 463, 463, 463, 463, 463, 463, 463]"
6_25_310,"[43, 60, 141, 152, 170, 220, 239, 244, 288, 343, 346, 378, 390, 401, 416, 460, 460, 460, 460, 460]",[6],[25],"[0, 1, 2, 3, 4, 6, 10, 11, 12, 13, 14, 16, 18, 19, 20, 21, 22, 23]","[43, 60, 141, 152, 170, 220, 239, 244, 288, 343, 346, 378, 390, 401, 416, 460, 460, 460, 460, 460]","[43, 60, 141, 152, 170, 220, 239, 244, 288, 343, 346, 378, 390, 401, 416, 460, 460, 460, 460, 460]"
3_34_311,"[293, 293, 293, 293, 293, 293, 293, 293, 293, 293, 293, 293, 293, 293, 293, 293, 293, 293, 293, 293]",[3],[34],"[0, 12, 16, 17, 18, 19, 23]","[293, 293, 293, 293, 293, 293, 293, 293, 293, 293, 293, 293, 293, 293, 293, 293, 293, 293, 293, 293]","[293, 293, 293, 293, 293, 293, 293, 293, 293, 293, 293, 293, 293, 293, 293, 293, 293, 293, 293, 293]"
22_34_312,"[33, 33, 97, 97, 97, 97, 97, 97, 97, 97, 97, 153, 153, 153, 153, 153, 153, 153, 153, 153]",[22],[34],"[8, 9, 10, 11, 12, 13, 15, 16, 17, 18, 21, 22, 23]","[33, 33, 97, 97, 97, 97, 97, 97, 97, 97, 97, 153, 153, 153, 153, 153, 153, 153, 153, 153]","[33, 33, 97, 97, 97, 97, 97, 97, 97, 97, 97, 153, 153, 153, 153, 153, 153, 153, 153, 153]"
0_46_313,"[3, 70, 70, 82, 82, 90, 90, 90, 90, 90, 90, 170, 170, 170, 176, 176, 203, 231, 231, 313]",[0],[46],"[0, 1, 2, 3, 4, 5, 11, 12, 13, 14, 15, 16, 17, 18, 19, 20, 21, 22, 23]","[3, 70, 70, 82, 82, 90, 90, 90, 90, 90, 90, 170, 170, 170, 176, 176, 203, 231, 231, 313]","[3, 70, 70, 82, 82, 90, 90, 90, 90, 90, 90, 170, 170, 170, 176, 176, 203, 231, 231, 313]"
38_44_314,"[16, 121, 121, 121, 121, 121, 121, 121, 121, 121, 121, 121, 121, 121, 121, 121, 121, 121, 121, 121]",[38],[44],"[0, 1, 2, 3, 12, 13, 14, 17, 19, 20, 22, 23]","[16, 121, 121, 121, 121, 121, 121, 121, 121, 121, 121, 121, 121, 121, 121, 121, 121, 121, 121, 121]","[16, 121, 121, 121, 121, 121, 121, 121, 121, 121, 121, 121, 121, 121, 121, 121, 121, 121, 121, 121]"
8_44_315,"[5, 16, 22, 79, 79, 114, 135, 160, 421, 421, 497, 672, 750, 750, 750, 750, 750, 750, 750, 750]",[8],[44],"[0, 1, 2, 3, 4, 5, 8, 12, 13, 14, 15, 16, 17, 18, 19, 20, 21, 22, 23]","[5, 16, 22, 79, 79, 114, 135, 160, 421, 421, 497, 672, 750, 750, 750, 750, 750, 750, 750, 750]","[5, 16, 22, 79, 79, 114, 135, 160, 421, 421, 497, 672, 750, 750, 750, 750, 750, 750, 750, 750]"
38_55_316,"[366, 452, 452, 452, 452, 452, 452, 452, 452, 452, 452, 452, 452, 452, 452, 452, 452, 452, 452, 452]",[38],[55],"[11, 12, 13, 14, 16, 17, 18, 19, 23]","[366, 452, 452, 452, 452, 452, 452, 452, 452, 452, 452, 452, 452, 452, 452, 452, 452, 452, 452, 452]","[366, 452, 452, 452, 452, 452, 452, 452, 452, 452, 452, 452, 452, 452, 452, 452, 452, 452, 452, 452]"
16_72_317,"[34, 34, 34, 34, 34, 34, 34, 34, 34, 34, 34, 34, 34, 34, 34, 34, 34, 34, 34, 34]",[16],[72],"[0, 1, 2, 3, 4, 5, 6, 7, 8, 9, 18, 19, 23]","[34, 34, 34, 34, 34, 34, 34, 34, 34, 34, 34, 34, 34, 34, 34, 34, 34, 34, 34, 34]","[34, 34, 34, 34, 34, 34, 34, 34, 34, 34, 34, 34, 34, 34, 34, 34, 34, 34, 34, 34]"
16_65_318,"[630, 933, 933, 933, 933, 933, 933, 933, 933, 933, 933, 933, 933, 933, 933, 933, 933, 933, 933, 933]",[16],[65],"[0, 1, 2, 9, 10, 11, 12, 13, 15, 16, 17, 18, 19, 20, 21, 23]","[630, 933, 933, 933, 933, 933, 933, 933, 933, 933, 933, 933, 933, 933, 933, 933, 933, 933, 933, 933]","[630, 933, 933, 933, 933, 933, 933, 933, 933, 933, 933, 933, 933, 933, 933, 933, 933, 933, 933, 933]"
18_45_319,"[8, 17, 17, 17, 36, 36, 36, 36, 36, 102, 102, 102, 102, 102, 102, 102, 102, 102, 102, 102]",[18],[45],"[0, 13, 14, 15, 16, 17, 18, 19, 20, 21, 22, 23]","[8, 17, 17, 17, 36, 36, 36, 36, 36, 102, 102, 102, 102, 102, 102, 102, 102, 102, 102, 102]","[8, 17, 17, 17, 36, 36, 36, 36, 36, 102, 102, 102, 102, 102, 102, 102, 102, 102, 102, 102]"
21_34_320,"[142, 142, 142, 142, 142, 142, 142, 142, 142, 142, 142, 142, 142, 142, 142, 142, 142, 142, 142, 142]",[21],[34],"[0, 1, 12, 13, 14, 16, 17, 18, 21, 22, 23]","[142, 142, 142, 142, 142, 142, 142, 142, 142, 142, 142, 142, 142, 142, 142, 142, 142, 142, 142, 142]","[142, 142, 142, 142, 142, 142, 142, 142, 142, 142, 142, 142, 142, 142, 142, 142, 142, 142, 142, 142]"
8_44_321,"[45, 60, 60, 152, 160, 243, 315, 321, 394, 394, 394, 394, 394, 394, 394, 394, 394, 394, 394, 394]",[8],[44],"[0, 2, 3, 4, 5, 6, 7, 8, 9, 10, 11, 12, 13, 14, 17, 18, 19, 20, 21, 22]","[45, 60, 60, 152, 160, 243, 315, 321, 394, 394, 394, 394, 394, 394, 394, 394, 394, 394, 394, 394]","[45, 60, 60, 152, 160, 243, 315, 321, 394, 394, 394, 394, 394, 394, 394, 394, 394, 394, 394, 394]"
3_88_322,"[948, 948, 948, 948, 948, 948, 948, 948, 948, 948, 948, 948, 948, 948, 948, 948, 948, 948, 948, 948]",[3],[88],"[0, 1, 2, 3, 4, 5, 18, 19, 21, 22, 23]","[948, 948, 948, 948, 948, 948, 948, 948, 948, 948, 948, 948, 948, 948, 948, 948, 948, 948, 948, 948]","[948, 948, 948, 948, 948, 948, 948, 948, 948, 948, 948, 948, 948, 948, 948, 948, 948, 948, 948, 948]"
62_55_323,"[27, 35, 40, 41, 60, 66, 72, 72, 111, 128, 149, 152, 185, 204, 212, 212, 219, 242, 247, 289]",[62],[55],"[0, 1, 8, 9, 11, 13, 14, 15, 16, 17, 18, 19, 20, 21, 22, 23]","[27, 35, 40, 41, 60, 66, 72, 72, 111, 128, 149, 152, 185, 204, 212, 212, 219, 242, 247, 289]","[27, 35, 40, 41, 60, 66, 72, 72, 111, 128, 149, 152, 185, 204, 212, 212, 219, 242, 247, 289]"
2_35_324,"[293, 293, 293, 293, 293, 293, 293, 293, 293, 293, 293, 293, 293, 293, 293, 293, 293, 293, 293, 293]",[2],[35],"[3, 4, 5, 6, 7, 8, 9, 20]","[293, 293, 293, 293, 293, 293, 293, 293, 293, 293, 293, 293, 293, 293, 293, 293, 293, 293, 293, 293]","[293, 293, 293, 293, 293, 293, 293, 293, 293, 293, 293, 293, 293, 293, 293, 293, 293, 293, 293, 293]"
24_55_325,"[69, 69, 69, 69, 69, 74, 74, 74, 74, 80, 80, 80, 80, 80, 85, 89, 89, 97, 139, 160]",[24],[55],"[0, 1, 2, 12, 14, 15, 16, 17, 18, 19, 20, 21, 22, 23]","[69, 69, 69, 69, 69, 74, 74, 74, 74, 80, 80, 80, 80, 80, 85, 89, 89, 97, 139, 160]","[69, 69, 69, 69, 69, 74, 74, 74, 74, 80, 80, 80, 80, 80, 85, 89, 89, 97, 139, 160]"
12_54_326,"[179, 179, 331, 383, 654, 654, 812, 812, 812, 812, 812, 812, 812, 812, 812, 812, 812, 812, 812, 812]",[12],[54],"[0, 1, 4, 5, 7, 8, 9, 11, 12, 13, 14, 15, 16, 17, 18, 19, 20, 21, 22, 23]","[179, 179, 331, 383, 654, 654, 812, 812, 812, 812, 812, 812, 812, 812, 812, 812, 812, 812, 812, 812]","[179, 179, 331, 383, 654, 654, 812, 812, 812, 812, 812, 812, 812, 812, 812, 812, 812, 812, 812, 812]"
11_75_327,"[586, 1008, 1008, 1008, 1008, 1008, 1008, 1008, 1008, 1008, 1008, 1008, 1008, 1008, 1008, 1008, 1008, 1008, 1008, 1008]",[11],[75],"[0, 1, 3, 4, 5, 11, 12, 13, 14, 17, 20, 21, 22, 23]","[586, 1008, 1008, 1008, 1008, 1008, 1008, 1008, 1008, 1008, 1008, 1008, 1008, 1008, 1008, 1008, 1008, 1008, 1008, 1008]","[586, 1008, 1008, 1008, 1008, 1008, 1008, 1008, 1008, 1008, 1008, 1008, 1008, 1008, 1008, 1008, 1008, 1008, 1008, 1008]"
22_65_328,"[263, 263, 316, 316, 316, 316, 316, 316, 316, 316, 316, 410, 410, 410, 410, 410, 410, 410, 410, 410]",[22],[65],"[0, 1, 2, 3, 8, 12, 13, 14, 15, 16, 17, 18, 21, 22, 23]","[263, 263, 316, 316, 316, 316, 316, 316, 316, 316, 316, 410, 410, 410, 410, 410, 410, 410, 410, 410]","[263, 263, 316, 316, 316, 316, 316, 316, 316, 316, 316, 410, 410, 410, 410, 410, 410, 410, 410, 410]"
11_34_329,"[24, 250, 250, 276, 276, 276, 361, 361, 361, 361, 361, 361, 361, 361, 361, 361, 361, 361, 361, 361]",[11],[34],"[0, 1, 2, 3, 4, 5, 6, 9, 10, 11, 12, 13, 14, 16, 17, 18, 19, 20, 21, 22]","[24, 250, 250, 276, 276, 276, 361, 361, 361, 361, 361, 361, 361, 361, 361, 361, 361, 361, 361, 361]","[24, 250, 250, 276, 276, 276, 361, 361, 361, 361, 361, 361, 361, 361, 361, 361, 361, 361, 361, 361]"
16_95_330,"[556, 556, 556, 556, 556, 556, 556, 556, 556, 556, 556, 556, 556, 556, 556, 556, 556, 556, 556, 556]",[16],[95],"[1, 2, 3, 4, 5, 6, 7, 11, 12, 14, 15, 16, 17, 19, 20, 21, 22, 23]","[556, 556, 556, 556, 556, 556, 556, 556, 556, 556, 556, 556, 556, 556, 556, 556, 556, 556, 556, 556]","[556, 556, 556, 556, 556, 556, 556, 556, 556, 556, 556, 556, 556, 556, 556, 556, 556, 556, 556, 556]"
63_54_331,"[654, 685, 685, 685, 685, 685, 685, 685, 685, 685, 685, 685, 685, 685, 685, 685, 685, 685, 685, 685]",[63],[54],"[0, 12, 13, 14, 15, 16, 17, 18, 19, 20]","[654, 685, 685, 685, 685, 685, 685, 685, 685, 685, 685, 685, 685, 685, 685, 685, 685, 685, 685, 685]","[654, 685, 685, 685, 685, 685, 685, 685, 685, 685, 685, 685, 685, 685, 685, 685, 685, 685, 685, 685]"
21_45_332,"[144, 144, 144, 144, 144, 144, 144, 144, 144, 144, 388, 388, 388, 388, 388, 388, 388, 388, 388, 388]",[21],[45],"[10, 11, 12, 13, 15, 17, 20, 21]","[144, 144, 144, 144, 144, 144, 144, 144, 144, 144, 388, 388, 388, 388, 388, 388, 388, 388, 388, 388]","[144, 144, 144, 144, 144, 144, 144, 144, 144, 144, 388, 388, 388, 388, 388, 388, 388, 388, 388, 388]"
2_38_333,"[9, 258, 258, 258, 258, 258, 258, 258, 258, 258, 258, 258, 490, 490, 490, 490, 490, 490, 490, 490]",[2],[38],"[0, 1, 2, 3, 4, 5, 8, 9, 11, 12, 13, 15, 18, 20, 21, 22, 23]","[9, 258, 258, 258, 258, 258, 258, 258, 258, 258, 258, 258, 490, 490, 490, 490, 490, 490, 490, 490]","[9, 258, 258, 258, 258, 258, 258, 258, 258, 258, 258, 258, 490, 490, 490, 490, 490, 490, 490, 490]"
16_58_334,"[1022, 1022, 1022, 1022, 1022, 1022, 1022, 1022, 1022, 1022, 1022, 1022, 1022, 1022, 1022, 1022, 1022, 1022, 1022, 1022]",[16],[58],"[0, 1, 2, 3, 4, 5, 6, 12, 13, 14, 15, 16, 17, 19, 20, 21, 22, 23]","[1022, 1022, 1022, 1022, 1022, 1022, 1022, 1022, 1022, 1022, 1022, 1022, 1022, 1022, 1022, 1022, 1022, 1022, 1022, 1022]","[1022, 1022, 1022, 1022, 1022, 1022, 1022, 1022, 1022, 1022, 1022, 1022, 1022, 1022, 1022, 1022, 1022, 1022, 1022, 1022]"
22_55_335,"[382, 382, 382, 382, 382, 382, 382, 382, 382, 382, 382, 382, 382, 410, 410, 410, 410, 410, 466, 466]",[22],[55],"[9, 10, 11, 12, 13, 14, 15, 16, 17, 19, 21, 22]","[382, 382, 382, 382, 382, 382, 382, 382, 382, 382, 382, 382, 382, 410, 410, 410, 410, 410, 466, 466]","[382, 382, 382, 382, 382, 382, 382, 382, 382, 382, 382, 382, 382, 410, 410, 410, 410, 410, 466, 466]"
22_94_336,"[771, 771, 771, 771, 771, 771, 771, 771, 771, 771, 771, 771, 771, 771, 771, 771, 771, 771, 771, 771]",[22],[94],"[0, 1, 4, 10, 11, 12, 13, 14, 16, 17, 21]","[771, 771, 771, 771, 771, 771, 771, 771, 771, 771, 771, 771, 771, 771, 771, 771, 771, 771, 771, 771]","[771, 771, 771, 771, 771, 771, 771, 771, 771, 771, 771, 771, 771, 771, 771, 771, 771, 771, 771, 771]"
11_47_337,"[61, 70, 70, 170, 170, 170, 170, 170, 170, 170, 170, 170, 170, 176, 284, 460, 460, 460, 460, 515]",[11],[47],"[0, 1, 3, 4, 11, 12, 13, 14, 15, 20, 21, 22, 23]","[61, 70, 70, 170, 170, 170, 170, 170, 170, 170, 170, 170, 170, 176, 284, 460, 460, 460, 460, 515]","[61, 70, 70, 170, 170, 170, 170, 170, 170, 170, 170, 170, 170, 176, 284, 460, 460, 460, 460, 515]"
16_4_338,"[104, 104, 104, 104, 104, 104, 104, 104, 104, 104, 104, 104, 104, 104, 104, 104, 104, 104, 104, 104]",[16],[4],"[0, 1, 2, 3, 4, 5, 6, 7, 8, 9, 11, 12, 13, 14, 15, 16, 18, 19, 20]","[104, 104, 104, 104, 104, 104, 104, 104, 104, 104, 104, 104, 104, 104, 104, 104, 104, 104, 104, 104]","[104, 104, 104, 104, 104, 104, 104, 104, 104, 104, 104, 104, 104, 104, 104, 104, 104, 104, 104, 104]"
21_44_339,"[146, 146, 146, 146, 146, 146, 146, 146, 146, 146, 146, 146, 146, 146, 146, 146, 146, 146, 146, 146]",[21],[44],"[12, 13, 14, 15, 16, 17, 19, 20, 23]","[146, 146, 146, 146, 146, 146, 146, 146, 146, 146, 146, 146, 146, 146, 146, 146, 146, 146, 146, 146]","[146, 146, 146, 146, 146, 146, 146, 146, 146, 146, 146, 146, 146, 146, 146, 146, 146, 146, 146, 146]"
16_49_340,"[868, 868, 868, 868, 868, 868, 868, 868, 868, 868, 868, 868, 868, 868, 868, 868, 868, 868, 868, 868]",[16],[49],"[0, 1, 2, 3, 4, 5, 8, 9, 11, 13, 14, 15, 16, 17, 19, 20, 21, 22, 23]","[868, 868, 868, 868, 868, 868, 868, 868, 868, 868, 868, 868, 868, 868, 868, 868, 868, 868, 868, 868]","[868, 868, 868, 868, 868, 868, 868, 868, 868, 868, 868, 868, 868, 868, 868, 868, 868, 868, 868, 868]"
11_44_341,"[232, 432, 432, 432, 432, 432, 432, 432, 432, 432, 432, 432, 551, 551, 551, 551, 551, 551, 551, 551]",[11],[44],"[0, 7, 11, 12, 13, 14, 15, 16, 17, 18, 20, 21, 22, 23]","[232, 432, 432, 432, 432, 432, 432, 432, 432, 432, 432, 432, 551, 551, 551, 551, 551, 551, 551, 551]","[232, 432, 432, 432, 432, 432, 432, 432, 432, 432, 432, 432, 551, 551, 551, 551, 551, 551, 551, 551]"
11_55_342,"[21, 65, 350, 350, 350, 350, 350, 350, 350, 350, 350, 350, 350, 350, 366, 366, 366, 382, 470, 672]",[11],[55],"[0, 1, 2, 3, 4, 9, 10, 11, 12, 13, 14, 15, 17, 18, 19, 20, 21, 22, 23]","[21, 65, 350, 350, 350, 350, 350, 350, 350, 350, 350, 350, 350, 350, 366, 366, 366, 382, 470, 672]","[21, 65, 350, 350, 350, 350, 350, 350, 350, 350, 350, 350, 350, 350, 366, 366, 366, 382, 470, 672]"
64_73_343,"[554, 554, 554, 554, 554, 554, 554, 554, 554, 554, 554, 554, 554, 554, 554, 554, 554, 554, 554, 554]",[64],[73],"[11, 12, 13, 14, 15, 16, 17, 18]","[554, 554, 554, 554, 554, 554, 554, 554, 554, 554, 554, 554, 554, 554, 554, 554, 554, 554, 554, 554]","[554, 554, 554, 554, 554, 554, 554, 554, 554, 554, 554, 554, 554, 554, 554, 554, 554, 554, 554, 554]"
65_54_344,"[463, 463, 463, 463, 463, 463, 463, 463, 463, 463, 463, 463, 463, 463, 463, 463, 463, 463, 463, 463]",[65],[54],"[4, 9, 10, 11, 12, 13, 14, 15, 16, 17, 20, 21, 22, 23]","[463, 463, 463, 463, 463, 463, 463, 463, 463, 463, 463, 463, 463, 463, 463, 463, 463, 463, 463, 463]","[463, 463, 463, 463, 463, 463, 463, 463, 463, 463, 463, 463, 463, 463, 463, 463, 463, 463, 463, 463]"
21_44_345,"[339, 339, 339, 339, 339, 339, 339, 339, 339, 339, 339, 339, 339, 339, 339, 339, 339, 339, 339, 339]",[21],[44],"[0, 5, 13, 14, 15, 16, 17, 18, 19, 20, 21, 22, 23]","[339, 339, 339, 339, 339, 339, 339, 339, 339, 339, 339, 339, 339, 339, 339, 339, 339, 339, 339, 339]","[339, 339, 339, 339, 339, 339, 339, 339, 339, 339, 339, 339, 339, 339, 339, 339, 339, 339, 339, 339]"
48_28_346,"[1033, 1033, 1033, 1033, 1033, 1033, 1033, 1033, 1033, 1033, 1033, 1033, 1033, 1033, 1033, 1033, 1033, 1033, 1033, 1033]",[48],[28],"[0, 1, 3, 4, 5, 6, 7, 8, 9, 12, 13, 14, 15, 16, 17, 18, 19, 20, 21]","[1033, 1033, 1033, 1033, 1033, 1033, 1033, 1033, 1033, 1033, 1033, 1033, 1033, 1033, 1033, 1033, 1033, 1033, 1033, 1033]","[1033, 1033, 1033, 1033, 1033, 1033, 1033, 1033, 1033, 1033, 1033, 1033, 1033, 1033, 1033, 1033, 1033, 1033, 1033, 1033]"
11_5_347,"[545, 545, 545, 545, 545, 545, 545, 545, 545, 545, 545, 545, 545, 545, 545, 545, 545, 545, 545, 545]",[11],[5],"[10, 11, 12, 16]","[545, 545, 545, 545, 545, 545, 545, 545, 545, 545, 545, 545, 545, 545, 545, 545, 545, 545, 545, 545]","[545, 545, 545, 545, 545, 545, 545, 545, 545, 545, 545, 545, 545, 545, 545, 545, 545, 545, 545, 545]"
16_88_348,"[948, 948, 948, 948, 948, 948, 948, 948, 948, 948, 948, 948, 948, 948, 948, 948, 948, 948, 948, 948]",[16],[88],"[0, 1, 2, 3, 4, 5, 6, 19, 21, 22, 23]","[948, 948, 948, 948, 948, 948, 948, 948, 948, 948, 948, 948, 948, 948, 948, 948, 948, 948, 948, 948]","[948, 948, 948, 948, 948, 948, 948, 948, 948, 948, 948, 948, 948, 948, 948, 948, 948, 948, 948, 948]"
11_35_349,"[361, 361, 361, 361, 361, 361, 361, 361, 361, 361, 361, 361, 361, 361, 361, 361, 361, 361, 361, 361]",[11],[35],"[0, 2, 3, 4, 5, 9, 11, 12, 13, 14, 15, 16, 17, 18, 19, 22]","[361, 361, 361, 361, 361, 361, 361, 361, 361, 361, 361, 361, 361, 361, 361, 361, 361, 361, 361, 361]","[361, 361, 361, 361, 361, 361, 361, 361, 361, 361, 361, 361, 361, 361, 361, 361, 361, 361, 361, 361]"
5_54_350,"[18, 36, 89, 115, 137, 137, 137, 137, 186, 191, 221, 299, 300, 373, 373, 373, 373, 373, 373, 373]",[5],[54],"[0, 1, 2, 3, 4, 5, 6, 11, 13, 14, 15, 16, 17, 18, 19, 20, 21, 22, 23]","[18, 36, 89, 115, 137, 137, 137, 137, 186, 191, 221, 299, 300, 373, 373, 373, 373, 373, 373, 373]","[18, 36, 89, 115, 137, 137, 137, 137, 186, 191, 221, 299, 300, 373, 373, 373, 373, 373, 373, 373]"
25_44_351,"[355, 1017, 1017, 1017, 1017, 1017, 1017, 1017, 1017, 1017, 1017, 1017, 1017, 1017, 1017, 1017, 1017, 1017, 1017, 1017]",[25],[44],"[11, 20]","[355, 1017, 1017, 1017, 1017, 1017, 1017, 1017, 1017, 1017, 1017, 1017, 1017, 1017, 1017, 1017, 1017, 1017, 1017, 1017]","[355, 1017, 1017, 1017, 1017, 1017, 1017, 1017, 1017, 1017, 1017, 1017, 1017, 1017, 1017, 1017, 1017, 1017, 1017, 1017]"
21_45_352,"[205, 205, 205, 205, 205, 205, 205, 205, 205, 205, 205, 205, 205, 205, 205, 205, 205, 205, 205, 205]",[21],[45],"[12, 13, 14, 15, 16, 17, 18]","[205, 205, 205, 205, 205, 205, 205, 205, 205, 205, 205, 205, 205, 205, 205, 205, 205, 205, 205, 205]","[205, 205, 205, 205, 205, 205, 205, 205, 205, 205, 205, 205, 205, 205, 205, 205, 205, 205, 205, 205]"
48_44_353,"[879, 879, 879, 879, 879, 879, 879, 879, 879, 879, 879, 879, 879, 879, 879, 879, 879, 879, 879, 879]",[48],[44],"[0, 1, 2, 3, 4, 5, 8, 9, 12, 13, 14, 16, 17, 18, 19, 20, 21, 22, 23]","[879, 879, 879, 879, 879, 879, 879, 879, 879, 879, 879, 879, 879, 879, 879, 879, 879, 879, 879, 879]","[879, 879, 879, 879, 879, 879, 879, 879, 879, 879, 879, 879, 879, 879, 879, 879, 879, 879, 879, 879]"
66_45_354,"[628, 628, 628, 628, 628, 628, 628, 628, 628, 628, 628, 628, 628, 628, 628, 628, 628, 628, 628, 628]",[66],[45],"[13, 14, 15, 16, 17, 18, 19, 20, 21]","[628, 628, 628, 628, 628, 628, 628, 628, 628, 628, 628, 628, 628, 628, 628, 628, 628, 628, 628, 628]","[628, 628, 628, 628, 628, 628, 628, 628, 628, 628, 628, 628, 628, 628, 628, 628, 628, 628, 628, 628]"
67_73_355,"[198, 198, 198, 198, 198, 198, 198, 198, 198, 198, 198, 198, 198, 198, 198, 198, 198, 198, 198, 198]",[67],[73],"[12, 13, 14, 16, 17, 21]","[198, 198, 198, 198, 198, 198, 198, 198, 198, 198, 198, 198, 198, 198, 198, 198, 198, 198, 198, 198]","[198, 198, 198, 198, 198, 198, 198, 198, 198, 198, 198, 198, 198, 198, 198, 198, 198, 198, 198, 198]"
11_65_356,"[406, 406, 406, 406, 406, 406, 406, 406, 406, 475, 538, 538, 586, 630, 630, 759, 759, 759, 759, 759]",[11],[65],"[0, 1, 2, 3, 4, 5, 7, 8, 9, 10, 11, 12, 13, 15, 17, 18, 19, 20, 21, 22]","[406, 406, 406, 406, 406, 406, 406, 406, 406, 475, 538, 538, 586, 630, 630, 759, 759, 759, 759, 759]","[406, 406, 406, 406, 406, 406, 406, 406, 406, 475, 538, 538, 586, 630, 630, 759, 759, 759, 759, 759]"
0_47_357,"[16, 16, 16, 16, 170, 170, 170, 170, 561, 561, 561, 561, 561, 561, 561, 561, 561, 561, 561, 561]",[0],[47],"[0, 1, 2, 3, 7, 10, 11, 12, 13, 14, 15, 16, 21, 22]","[16, 16, 16, 16, 170, 170, 170, 170, 561, 561, 561, 561, 561, 561, 561, 561, 561, 561, 561, 561]","[16, 16, 16, 16, 170, 170, 170, 170, 561, 561, 561, 561, 561, 561, 561, 561, 561, 561, 561, 561]"
24_45_358,"[21, 21, 21, 21, 44, 74, 96, 117, 117, 117, 117, 117, 117, 206, 242, 244, 265, 265, 271, 289]",[24],[45],"[0, 1, 2, 10, 12, 13, 14, 16, 17, 18, 19, 20, 21, 22, 23]","[21, 21, 21, 21, 44, 74, 96, 117, 117, 117, 117, 117, 117, 206, 242, 244, 265, 265, 271, 289]","[21, 21, 21, 21, 44, 74, 96, 117, 117, 117, 117, 117, 117, 206, 242, 244, 265, 265, 271, 289]"
16_39_359,"[314, 314, 314, 314, 314, 314, 314, 314, 314, 314, 314, 314, 314, 314, 314, 314, 314, 314, 314, 314]",[16],[39],"[1, 2, 3, 4, 5, 6, 7, 8, 10, 11, 12, 13, 14, 15, 16, 17, 18, 19, 20, 21]","[314, 314, 314, 314, 314, 314, 314, 314, 314, 314, 314, 314, 314, 314, 314, 314, 314, 314, 314, 314]","[314, 314, 314, 314, 314, 314, 314, 314, 314, 314, 314, 314, 314, 314, 314, 314, 314, 314, 314, 314]"
68_44_360,"[76, 76, 76, 76, 76, 76, 76, 76, 76, 76, 76, 76, 76, 76, 76, 76, 76, 76, 76, 76]",[68],[44],"[12, 13, 14, 15, 16, 17, 18, 19, 20, 21]","[76, 76, 76, 76, 76, 76, 76, 76, 76, 76, 76, 76, 76, 76, 76, 76, 76, 76, 76, 76]","[76, 76, 76, 76, 76, 76, 76, 76, 76, 76, 76, 76, 76, 76, 76, 76, 76, 76, 76, 76]"
22_55_361,"[239, 239, 239, 239, 239, 239, 239, 239, 239, 239, 239, 239, 239, 239, 239, 239, 239, 239, 239, 269]",[22],[55],"[0, 1, 10, 11, 13, 14, 15, 16, 17, 18, 20, 21, 22, 23]","[239, 239, 239, 239, 239, 239, 239, 239, 239, 239, 239, 239, 239, 239, 239, 239, 239, 239, 239, 269]","[239, 239, 239, 239, 239, 239, 239, 239, 239, 239, 239, 239, 239, 239, 239, 239, 239, 239, 239, 269]"
11_77_362,"[264, 264, 264, 264, 389, 491, 491, 491, 491, 491, 491, 672, 672, 672, 672, 672, 672, 672, 672, 672]",[11],[77],"[0, 1, 11, 12, 13, 14, 15, 16, 17, 18, 19, 20, 21, 22]","[264, 264, 264, 264, 389, 491, 491, 491, 491, 491, 491, 672, 672, 672, 672, 672, 672, 672, 672, 672]","[264, 264, 264, 264, 389, 491, 491, 491, 491, 491, 491, 672, 672, 672, 672, 672, 672, 672, 672, 672]"
69_44_363,"[40, 48, 48, 60, 87, 98, 120, 139, 146, 152, 189, 199, 235, 242, 244, 247, 295, 295, 324, 338]",[69],[44],"[0, 1, 2, 3, 4, 5, 14, 15, 16, 18, 19, 20, 21, 22, 23]","[40, 48, 48, 60, 87, 98, 120, 139, 146, 152, 189, 199, 235, 242, 244, 247, 295, 295, 324, 338]","[40, 48, 48, 60, 87, 98, 120, 139, 146, 152, 189, 199, 235, 242, 244, 247, 295, 295, 324, 338]"
30_55_364,"[497, 907, 1043, 1043, 1043, 1043, 1043, 1043, 1043, 1043, 1043, 1043, 1043, 1043, 1043, 1043, 1043, 1043, 1043, 1043]",[30],[55],"[2, 4, 7, 12, 15, 16, 18]","[497, 907, 1043, 1043, 1043, 1043, 1043, 1043, 1043, 1043, 1043, 1043, 1043, 1043, 1043, 1043, 1043, 1043, 1043, 1043]","[497, 907, 1043, 1043, 1043, 1043, 1043, 1043, 1043, 1043, 1043, 1043, 1043, 1043, 1043, 1043, 1043, 1043, 1043, 1043]"
26_84_365,"[458, 458, 458, 458, 458, 458, 458, 458, 458, 458, 458, 458, 458, 458, 458, 458, 458, 458, 458, 458]",[26],[84],"[0, 1, 2, 3, 9, 10, 11, 12, 13, 14, 15, 16, 18, 21, 22, 23]","[458, 458, 458, 458, 458, 458, 458, 458, 458, 458, 458, 458, 458, 458, 458, 458, 458, 458, 458, 458]","[458, 458, 458, 458, 458, 458, 458, 458, 458, 458, 458, 458, 458, 458, 458, 458, 458, 458, 458, 458]"
16_57_366,"[453, 453, 453, 453, 453, 453, 453, 453, 453, 453, 453, 453, 453, 453, 453, 453, 453, 453, 453, 453]",[16],[57],"[2, 3, 4, 5]","[453, 453, 453, 453, 453, 453, 453, 453, 453, 453, 453, 453, 453, 453, 453, 453, 453, 453, 453, 453]","[453, 453, 453, 453, 453, 453, 453, 453, 453, 453, 453, 453, 453, 453, 453, 453, 453, 453, 453, 453]"
16_19_367,"[566, 566, 566, 566, 566, 566, 566, 566, 566, 566, 566, 566, 566, 566, 566, 566, 566, 566, 566, 566]",[16],[19],"[1, 2, 3, 4, 5, 6, 11, 12, 15, 16, 17, 18, 19, 20, 21]","[566, 566, 566, 566, 566, 566, 566, 566, 566, 566, 566, 566, 566, 566, 566, 566, 566, 566, 566, 566]","[566, 566, 566, 566, 566, 566, 566, 566, 566, 566, 566, 566, 566, 566, 566, 566, 566, 566, 566, 566]"
11_86_368,"[250, 250, 250, 250, 250, 250, 250, 250, 250, 250, 250, 250, 250, 250, 250, 250, 250, 250, 250, 250]",[11],[86],"[0, 1, 2, 4, 5, 13, 14, 15, 16, 17, 18, 19, 22, 23]","[250, 250, 250, 250, 250, 250, 250, 250, 250, 250, 250, 250, 250, 250, 250, 250, 250, 250, 250, 250]","[250, 250, 250, 250, 250, 250, 250, 250, 250, 250, 250, 250, 250, 250, 250, 250, 250, 250, 250, 250]"
7_34_369,"[17, 17, 17, 17, 17, 17, 70, 100, 100, 113, 170, 238, 238, 238, 238, 238, 238, 238, 238, 238]",[7],[34],"[0, 2, 4, 8, 9, 12, 13, 14, 15, 16, 17, 18, 19, 20, 21, 22, 23]","[17, 17, 17, 17, 17, 17, 70, 100, 100, 113, 170, 238, 238, 238, 238, 238, 238, 238, 238, 238]","[17, 17, 17, 17, 17, 17, 70, 100, 100, 113, 170, 238, 238, 238, 238, 238, 238, 238, 238, 238]"
70_6_370,"[184, 184, 184, 184, 184, 184, 184, 184, 184, 184, 184, 184, 184, 184, 421, 502, 502, 502, 502, 502]",[70],[6],"[0, 1, 2, 9, 12, 13, 14, 15, 16, 17, 18, 19, 20, 21, 22, 23]","[184, 184, 184, 184, 184, 184, 184, 184, 184, 184, 184, 184, 184, 184, 421, 502, 502, 502, 502, 502]","[184, 184, 184, 184, 184, 184, 184, 184, 184, 184, 184, 184, 184, 184, 421, 502, 502, 502, 502, 502]"
16_7_371,"[742, 742, 742, 742, 742, 742, 742, 742, 742, 742, 742, 742, 742, 742, 742, 742, 742, 742, 742, 742]",[16],[7],"[0, 1, 2, 3, 4, 5, 6, 7, 9, 17, 18, 19, 20, 21, 22, 23]","[742, 742, 742, 742, 742, 742, 742, 742, 742, 742, 742, 742, 742, 742, 742, 742, 742, 742, 742, 742]","[742, 742, 742, 742, 742, 742, 742, 742, 742, 742, 742, 742, 742, 742, 742, 742, 742, 742, 742, 742]"
11_55_372,"[21, 21, 21, 53, 366, 366, 366, 366, 366, 366, 366, 366, 366, 551, 551, 551, 551, 551, 551, 551]",[11],[55],"[0, 2, 11, 12, 13, 14, 15, 17, 18, 19, 20, 21, 22, 23]","[21, 21, 21, 53, 366, 366, 366, 366, 366, 366, 366, 366, 366, 551, 551, 551, 551, 551, 551, 551]","[21, 21, 21, 53, 366, 366, 366, 366, 366, 366, 366, 366, 366, 551, 551, 551, 551, 551, 551, 551]"
1_31_373,"[67, 67, 109, 117, 120, 161, 167, 169, 174, 179, 195, 199, 204, 208, 208, 236, 246, 329, 330, 349]",[1],[31],"[0, 1, 3, 4, 5, 6, 8, 9, 10, 11, 12, 14, 15, 16, 18, 19, 20, 21, 22, 23]","[67, 67, 109, 117, 120, 161, 167, 169, 174, 179, 195, 199, 204, 208, 208, 236, 246, 329, 330, 349]","[67, 67, 109, 117, 120, 161, 167, 169, 174, 179, 195, 199, 204, 208, 208, 236, 246, 329, 330, 349]"
71_65_374,"[76, 585, 773, 773, 773, 773, 773, 773, 773, 773, 773, 773, 773, 773, 773, 773, 773, 773, 773, 773]",[71],[65],"[17, 18, 20, 23]","[76, 585, 773, 773, 773, 773, 773, 773, 773, 773, 773, 773, 773, 773, 773, 773, 773, 773, 773, 773]","[76, 585, 773, 773, 773, 773, 773, 773, 773, 773, 773, 773, 773, 773, 773, 773, 773, 773, 773, 773]"
72_62_375,"[14, 118, 280, 280, 535, 901, 905, 905, 905, 905, 905, 905, 905, 905, 905, 905, 905, 905, 905, 905]",[72],[62],"[0, 3, 8, 9, 10, 11, 12, 13, 15, 16, 17, 18, 19, 21]","[14, 118, 280, 280, 535, 901, 905, 905, 905, 905, 905, 905, 905, 905, 905, 905, 905, 905, 905, 905]","[14, 118, 280, 280, 535, 901, 905, 905, 905, 905, 905, 905, 905, 905, 905, 905, 905, 905, 905, 905]"
20_5_376,"[25, 94, 100, 103, 104, 104, 184, 184, 191, 238, 284, 289, 289, 289, 289, 322, 322, 328, 340, 349]",[20],[5],"[0, 1, 2, 3, 4, 6, 13, 15, 16, 17, 19, 20, 21, 22, 23]","[25, 94, 100, 103, 104, 104, 184, 184, 191, 238, 284, 289, 289, 289, 289, 322, 322, 328, 340, 349]","[25, 94, 100, 103, 104, 104, 184, 184, 191, 238, 284, 289, 289, 289, 289, 322, 322, 328, 340, 349]"
27_77_377,"[250, 250, 250, 250, 264, 396, 443, 443, 648, 706, 706, 706, 706, 706, 706, 706, 706, 706, 706, 706]",[27],[77],"[1, 2, 3, 4, 5, 6, 7, 9, 10, 11, 12, 13, 14, 15, 16, 17, 19, 20, 21, 22]","[250, 250, 250, 250, 264, 396, 443, 443, 648, 706, 706, 706, 706, 706, 706, 706, 706, 706, 706, 706]","[250, 250, 250, 250, 264, 396, 443, 443, 648, 706, 706, 706, 706, 706, 706, 706, 706, 706, 706, 706]"
11_4_378,"[104, 104, 104, 105, 170, 170, 170, 276, 276, 909, 909, 909, 909, 909, 909, 909, 909, 909, 909, 909]",[11],[4],"[1, 2, 3, 4, 9, 10, 12, 15, 19, 22]","[104, 104, 104, 105, 170, 170, 170, 276, 276, 909, 909, 909, 909, 909, 909, 909, 909, 909, 909, 909]","[104, 104, 104, 105, 170, 170, 170, 276, 276, 909, 909, 909, 909, 909, 909, 909, 909, 909, 909, 909]"
11_5_379,"[104, 161, 161, 170, 170, 170, 170, 170, 170, 322, 340, 340, 340, 340, 340, 340, 361, 361, 361, 361]",[11],[5],"[1, 2, 4, 10, 11, 12, 13, 14, 16, 18, 19, 20, 21, 22, 23]","[104, 161, 161, 170, 170, 170, 170, 170, 170, 322, 340, 340, 340, 340, 340, 340, 361, 361, 361, 361]","[104, 161, 161, 170, 170, 170, 170, 170, 170, 322, 340, 340, 340, 340, 340, 340, 361, 361, 361, 361]"
21_34_380,"[381, 381, 381, 381, 381, 381, 381, 381, 381, 381, 381, 381, 381, 381, 381, 381, 381, 381, 381, 381]",[21],[34],"[13, 14, 15, 16, 17]","[381, 381, 381, 381, 381, 381, 381, 381, 381, 381, 381, 381, 381, 381, 381, 381, 381, 381, 381, 381]","[381, 381, 381, 381, 381, 381, 381, 381, 381, 381, 381, 381, 381, 381, 381, 381, 381, 381, 381, 381]"
8_44_381,"[1051, 1051, 1051, 1051, 1051, 1051, 1051, 1051, 1051, 1051, 1051, 1051, 1051, 1051, 1051, 1051, 1051, 1051, 1051, 1051]",[8],[44],"[1, 2, 3, 4, 5, 6, 7, 8, 10, 11, 12, 14]","[1051, 1051, 1051, 1051, 1051, 1051, 1051, 1051, 1051, 1051, 1051, 1051, 1051, 1051, 1051, 1051, 1051, 1051, 1051, 1051]","[1051, 1051, 1051, 1051, 1051, 1051, 1051, 1051, 1051, 1051, 1051, 1051, 1051, 1051, 1051, 1051, 1051, 1051, 1051, 1051]"
36_44_382,"[67, 67, 116, 116, 152, 163, 232, 320, 343, 355, 397, 463, 493, 511, 511, 511, 511, 511, 511, 511]",[36],[44],"[0, 1, 2, 3, 4, 5, 6, 8, 9, 10, 11, 12, 14, 15, 16, 17, 19, 20, 21, 22]","[67, 67, 116, 116, 152, 163, 232, 320, 343, 355, 397, 463, 493, 511, 511, 511, 511, 511, 511, 511]","[67, 67, 116, 116, 152, 163, 232, 320, 343, 355, 397, 463, 493, 511, 511, 511, 511, 511, 511, 511]"
30_44_383,"[89, 185, 185, 185, 185, 185, 229, 229, 283, 382, 389, 421, 445, 538, 538, 538, 538, 551, 574, 574]",[30],[44],"[0, 1, 2, 3, 4, 5, 6, 8, 9, 18, 20, 22, 23]","[89, 185, 185, 185, 185, 185, 229, 229, 283, 382, 389, 421, 445, 538, 538, 538, 538, 551, 574, 574]","[89, 185, 185, 185, 185, 185, 229, 229, 283, 382, 389, 421, 445, 538, 538, 538, 538, 551, 574, 574]"
21_44_384,"[1008, 1008, 1008, 1008, 1008, 1008, 1008, 1008, 1008, 1008, 1008, 1008, 1008, 1008, 1008, 1008, 1008, 1008, 1008, 1008]",[21],[44],"[12, 13, 14, 15, 16, 18, 19, 20, 21]","[1008, 1008, 1008, 1008, 1008, 1008, 1008, 1008, 1008, 1008, 1008, 1008, 1008, 1008, 1008, 1008, 1008, 1008, 1008, 1008]","[1008, 1008, 1008, 1008, 1008, 1008, 1008, 1008, 1008, 1008, 1008, 1008, 1008, 1008, 1008, 1008, 1008, 1008, 1008, 1008]"
22_44_385,"[47, 47, 47, 47, 47, 47, 247, 247, 247, 369, 420, 482, 482, 482, 482, 482, 482, 482, 482, 482]",[22],[44],"[8, 9, 10, 11, 12, 13, 14, 16, 17, 20, 21, 22, 23]","[47, 47, 47, 47, 47, 47, 247, 247, 247, 369, 420, 482, 482, 482, 482, 482, 482, 482, 482, 482]","[47, 47, 47, 47, 47, 47, 247, 247, 247, 369, 420, 482, 482, 482, 482, 482, 482, 482, 482, 482]"
16_76_386,"[513, 513, 513, 513, 513, 513, 513, 513, 513, 513, 513, 513, 513, 513, 513, 513, 513, 513, 513, 513]",[16],[76],"[0, 1, 2, 4, 5, 6, 7, 8, 9, 10, 11, 12, 13, 14, 15, 16, 18, 19, 21, 23]","[513, 513, 513, 513, 513, 513, 513, 513, 513, 513, 513, 513, 513, 513, 513, 513, 513, 513, 513, 513]","[513, 513, 513, 513, 513, 513, 513, 513, 513, 513, 513, 513, 513, 513, 513, 513, 513, 513, 513, 513]"
22_44_387,"[47, 47, 47, 47, 47, 47, 47, 47, 47, 47, 47, 47, 47, 47, 47, 47, 47, 47, 47, 279]",[22],[44],"[0, 10, 11, 12, 13, 14, 15, 16, 17, 21, 22]","[47, 47, 47, 47, 47, 47, 47, 47, 47, 47, 47, 47, 47, 47, 47, 47, 47, 47, 47, 279]","[47, 47, 47, 47, 47, 47, 47, 47, 47, 47, 47, 47, 47, 47, 47, 47, 47, 47, 47, 279]"
7_75_388,"[76, 76, 76, 76, 76, 76, 76, 76, 76, 76, 76, 76, 76, 76, 76, 124, 202, 202, 278, 361]",[7],[75],"[0, 1, 2, 3, 4, 8, 10, 11, 12, 13, 15, 16, 17, 18, 19, 20, 21, 22, 23]","[76, 76, 76, 76, 76, 76, 76, 76, 76, 76, 76, 76, 76, 76, 76, 124, 202, 202, 278, 361]","[76, 76, 76, 76, 76, 76, 76, 76, 76, 76, 76, 76, 76, 76, 76, 124, 202, 202, 278, 361]"
30_44_389,"[36, 36, 39, 67, 88, 94, 108, 108, 185, 185, 185, 232, 245, 296, 320, 320, 355, 382, 427, 458]",[30],[44],"[0, 1, 2, 3, 4, 5, 6, 7, 8, 10, 18, 21, 22, 23]","[36, 36, 39, 67, 88, 94, 108, 108, 185, 185, 185, 232, 245, 296, 320, 320, 355, 382, 427, 458]","[36, 36, 39, 67, 88, 94, 108, 108, 185, 185, 185, 232, 245, 296, 320, 320, 355, 382, 427, 458]"
52_44_390,"[1, 1, 21, 45, 93, 102, 102, 102, 102, 102, 102, 102, 102, 102, 102, 102, 102, 102, 102, 102]",[52],[44],"[0, 1, 2, 3, 4, 8, 15, 16, 17, 18, 19, 22, 23]","[1, 1, 21, 45, 93, 102, 102, 102, 102, 102, 102, 102, 102, 102, 102, 102, 102, 102, 102, 102]","[1, 1, 21, 45, 93, 102, 102, 102, 102, 102, 102, 102, 102, 102, 102, 102, 102, 102, 102, 102]"
24_70_391,"[15, 16, 708, 708, 708, 708, 708, 708, 708, 708, 708, 708, 708, 708, 708, 708, 708, 708, 708, 708]",[24],[70],"[9, 10, 11, 12, 13, 14, 15, 16, 17, 18, 19, 21]","[15, 16, 708, 708, 708, 708, 708, 708, 708, 708, 708, 708, 708, 708, 708, 708, 708, 708, 708, 708]","[15, 16, 708, 708, 708, 708, 708, 708, 708, 708, 708, 708, 708, 708, 708, 708, 708, 708, 708, 708]"
11_56_392,"[43, 122, 161, 424, 424, 424, 424, 424, 424, 424, 424, 424, 424, 424, 424, 424, 424, 424, 424, 424]",[11],[56],"[0, 11, 12, 14, 15, 18, 19, 21, 22, 23]","[43, 122, 161, 424, 424, 424, 424, 424, 424, 424, 424, 424, 424, 424, 424, 424, 424, 424, 424, 424]","[43, 122, 161, 424, 424, 424, 424, 424, 424, 424, 424, 424, 424, 424, 424, 424, 424, 424, 424, 424]"
71_65_393,"[773, 773, 773, 773, 773, 773, 773, 773, 773, 773, 773, 773, 773, 773, 773, 773, 773, 773, 773, 773]",[71],[65],"[17, 18]","[773, 773, 773, 773, 773, 773, 773, 773, 773, 773, 773, 773, 773, 773, 773, 773, 773, 773, 773, 773]","[773, 773, 773, 773, 773, 773, 773, 773, 773, 773, 773, 773, 773, 773, 773, 773, 773, 773, 773, 773]"
0_46_394,"[11, 70, 70, 78, 135, 170, 170, 170, 170, 217, 270, 270, 270, 312, 347, 347, 347, 347, 347, 347]",[0],[46],"[0, 1, 2, 3, 4, 5, 6, 10, 11, 12, 13, 15, 16, 17, 18, 19, 20, 21, 22, 23]","[11, 70, 70, 78, 135, 170, 170, 170, 170, 217, 270, 270, 270, 312, 347, 347, 347, 347, 347, 347]","[11, 70, 70, 78, 135, 170, 170, 170, 170, 217, 270, 270, 270, 312, 347, 347, 347, 347, 347, 347]"
16_62_395,"[623, 623, 623, 623, 623, 623, 623, 623, 623, 623, 623, 623, 623, 623, 623, 623, 623, 623, 623, 623]",[16],[62],"[0, 5, 6, 7, 8, 10, 12, 13, 15, 17, 18, 19, 20, 21, 22, 23]","[623, 623, 623, 623, 623, 623, 623, 623, 623, 623, 623, 623, 623, 623, 623, 623, 623, 623, 623, 623]","[623, 623, 623, 623, 623, 623, 623, 623, 623, 623, 623, 623, 623, 623, 623, 623, 623, 623, 623, 623]"
16_19_396,"[566, 566, 566, 566, 566, 566, 566, 566, 566, 566, 566, 566, 566, 566, 566, 566, 566, 566, 566, 566]",[16],[19],"[1, 2, 3, 4, 5, 6, 11, 12, 15, 16, 17, 18, 19, 20, 21]","[566, 566, 566, 566, 566, 566, 566, 566, 566, 566, 566, 566, 566, 566, 566, 566, 566, 566, 566, 566]","[566, 566, 566, 566, 566, 566, 566, 566, 566, 566, 566, 566, 566, 566, 566, 566, 566, 566, 566, 566]"
26_45_397,"[677, 677, 677, 677, 677, 677, 677, 677, 677, 677, 677, 677, 677, 677, 677, 677, 677, 677, 677, 677]",[26],[45],"[11, 12, 13, 14, 15, 16, 17, 18, 19, 20, 22]","[677, 677, 677, 677, 677, 677, 677, 677, 677, 677, 677, 677, 677, 677, 677, 677, 677, 677, 677, 677]","[677, 677, 677, 677, 677, 677, 677, 677, 677, 677, 677, 677, 677, 677, 677, 677, 677, 677, 677, 677]"
12_67_398,"[2, 7, 18, 22, 80, 105, 105, 146, 223, 232, 253, 264, 264, 264, 279, 284, 291, 293, 318, 361]",[12],[67],"[0, 1, 2, 3, 6, 12, 13, 14, 15, 16, 17, 18, 19, 21, 22, 23]","[2, 7, 18, 22, 80, 105, 105, 146, 223, 232, 253, 264, 264, 264, 279, 284, 291, 293, 318, 361]","[2, 7, 18, 22, 80, 105, 105, 146, 223, 232, 253, 264, 264, 264, 279, 284, 291, 293, 318, 361]"
20_83_399,"[61, 75, 255, 255, 255, 255, 255, 342, 342, 353, 387, 387, 387, 387, 387, 387, 395, 404, 404, 431]",[20],[83],"[0, 1, 2, 3, 4, 12, 14, 15, 17, 19, 20, 21, 22, 23]","[61, 75, 255, 255, 255, 255, 255, 342, 342, 353, 387, 387, 387, 387, 387, 387, 395, 404, 404, 431]","[61, 75, 255, 255, 255, 255, 255, 342, 342, 353, 387, 387, 387, 387, 387, 387, 395, 404, 404, 431]"
30_44_400,"[58, 131, 227, 352, 384, 384, 416, 425, 473, 473, 473, 473, 473, 473, 473, 473, 473, 473, 473, 473]",[30],[44],"[0, 1, 2, 3, 4, 6, 7, 8, 9, 20, 21, 22, 23]","[58, 131, 227, 352, 384, 384, 416, 425, 473, 473, 473, 473, 473, 473, 473, 473, 473, 473, 473, 473]","[58, 131, 227, 352, 384, 384, 416, 425, 473, 473, 473, 473, 473, 473, 473, 473, 473, 473, 473, 473]"
16_72_401,"[626, 626, 626, 626, 626, 626, 626, 626, 626, 626, 626, 626, 626, 626, 626, 626, 626, 626, 626, 626]",[16],[72],"[0, 1, 2, 3, 4, 5, 6, 7, 15, 18, 19, 20, 21, 22, 23]","[626, 626, 626, 626, 626, 626, 626, 626, 626, 626, 626, 626, 626, 626, 626, 626, 626, 626, 626, 626]","[626, 626, 626, 626, 626, 626, 626, 626, 626, 626, 626, 626, 626, 626, 626, 626, 626, 626, 626, 626]"
0_39_402,"[336, 336, 336, 336, 336, 336, 336, 336, 336, 336, 336, 336, 336, 336, 336, 336, 336, 336, 336, 336]",[0],[39],"[4, 10, 11, 12, 22]","[336, 336, 336, 336, 336, 336, 336, 336, 336, 336, 336, 336, 336, 336, 336, 336, 336, 336, 336, 336]","[336, 336, 336, 336, 336, 336, 336, 336, 336, 336, 336, 336, 336, 336, 336, 336, 336, 336, 336, 336]"
16_52_403,"[86, 86, 86, 86, 86, 86, 86, 86, 86, 86, 86, 86, 86, 86, 86, 86, 86, 86, 86, 86]",[16],[52],"[0, 1, 9, 13, 16, 17, 18, 19, 20, 21, 22, 23]","[86, 86, 86, 86, 86, 86, 86, 86, 86, 86, 86, 86, 86, 86, 86, 86, 86, 86, 86, 86]","[86, 86, 86, 86, 86, 86, 86, 86, 86, 86, 86, 86, 86, 86, 86, 86, 86, 86, 86, 86]"
18_57_404,"[1022, 1022, 1022, 1022, 1022, 1022, 1022, 1022, 1022, 1022, 1022, 1022, 1022, 1022, 1022, 1022, 1022, 1022, 1022, 1022]",[18],[57],"[10, 11, 12, 13, 14, 15, 16, 17, 21]","[1022, 1022, 1022, 1022, 1022, 1022, 1022, 1022, 1022, 1022, 1022, 1022, 1022, 1022, 1022, 1022, 1022, 1022, 1022, 1022]","[1022, 1022, 1022, 1022, 1022, 1022, 1022, 1022, 1022, 1022, 1022, 1022, 1022, 1022, 1022, 1022, 1022, 1022, 1022, 1022]"
31_16_405,"[867, 867, 867, 867, 867, 867, 867, 867, 867, 867, 867, 867, 867, 867, 867, 867, 867, 867, 867, 867]",[31],[16],"[0, 1, 3, 4, 8, 9, 10, 11, 12, 13, 15, 18, 19, 20, 21, 23]","[867, 867, 867, 867, 867, 867, 867, 867, 867, 867, 867, 867, 867, 867, 867, 867, 867, 867, 867, 867]","[867, 867, 867, 867, 867, 867, 867, 867, 867, 867, 867, 867, 867, 867, 867, 867, 867, 867, 867, 867]"
8_45_406,"[216, 216, 216, 216, 216, 399, 616, 889, 1051, 1051, 1051, 1051, 1051, 1051, 1051, 1051, 1051, 1051, 1051, 1051]",[8],[45],"[0, 1, 2, 4, 6, 8, 9, 10, 11, 14, 15, 17, 18, 21, 22, 23]","[216, 216, 216, 216, 216, 399, 616, 889, 1051, 1051, 1051, 1051, 1051, 1051, 1051, 1051, 1051, 1051, 1051, 1051]","[216, 216, 216, 216, 216, 399, 616, 889, 1051, 1051, 1051, 1051, 1051, 1051, 1051, 1051, 1051, 1051, 1051, 1051]"
16_43_407,"[999, 999, 999, 999, 999, 999, 999, 999, 999, 999, 999, 999, 999, 999, 999, 999, 999, 999, 999, 999]",[16],[43],"[0, 1, 2, 3, 4, 5, 6, 7, 9, 10, 11, 12, 14, 18, 20, 21, 22, 23]","[999, 999, 999, 999, 999, 999, 999, 999, 999, 999, 999, 999, 999, 999, 999, 999, 999, 999, 999, 999]","[999, 999, 999, 999, 999, 999, 999, 999, 999, 999, 999, 999, 999, 999, 999, 999, 999, 999, 999, 999]"
73_44_408,"[386, 386, 386, 386, 386, 386, 386, 386, 386, 386, 386, 386, 386, 386, 386, 386, 386, 386, 386, 386]",[73],[44],"[12, 13, 14, 16, 17, 18, 22]","[386, 386, 386, 386, 386, 386, 386, 386, 386, 386, 386, 386, 386, 386, 386, 386, 386, 386, 386, 386]","[386, 386, 386, 386, 386, 386, 386, 386, 386, 386, 386, 386, 386, 386, 386, 386, 386, 386, 386, 386]"
22_73_409,"[485, 485, 485, 485, 485, 485, 485, 554, 554, 554, 554, 554, 714, 714, 714, 714, 714, 714, 714, 824]",[22],[73],"[0, 1, 10, 11, 12, 13, 17, 18, 19, 20, 21, 22, 23]","[485, 485, 485, 485, 485, 485, 485, 554, 554, 554, 554, 554, 714, 714, 714, 714, 714, 714, 714, 824]","[485, 485, 485, 485, 485, 485, 485, 554, 554, 554, 554, 554, 714, 714, 714, 714, 714, 714, 714, 824]"
22_24_410,"[514, 761, 761, 761, 761, 761, 761, 761, 761, 761, 761, 761, 761, 761, 761, 761, 761, 761, 761, 761]",[22],[24],"[10, 11, 12, 16]","[514, 761, 761, 761, 761, 761, 761, 761, 761, 761, 761, 761, 761, 761, 761, 761, 761, 761, 761, 761]","[514, 761, 761, 761, 761, 761, 761, 761, 761, 761, 761, 761, 761, 761, 761, 761, 761, 761, 761, 761]"
72_45_411,"[29, 29, 29, 29, 29, 29, 29, 35, 58, 64, 67, 78, 80, 92, 116, 117, 188, 201, 201, 264]",[72],[45],"[0, 1, 7, 10, 11, 12, 14, 15, 16, 17, 18, 19, 20, 21, 22, 23]","[29, 29, 29, 29, 29, 29, 29, 35, 58, 64, 67, 78, 80, 92, 116, 117, 188, 201, 201, 264]","[29, 29, 29, 29, 29, 29, 29, 35, 58, 64, 67, 78, 80, 92, 116, 117, 188, 201, 201, 264]"
74_44_412,"[96, 96, 96, 414, 515, 869, 869, 869, 869, 869, 869, 869, 869, 869, 869, 869, 869, 869, 869, 869]",[74],[44],"[11, 12, 13, 14, 20]","[96, 96, 96, 414, 515, 869, 869, 869, 869, 869, 869, 869, 869, 869, 869, 869, 869, 869, 869, 869]","[96, 96, 96, 414, 515, 869, 869, 869, 869, 869, 869, 869, 869, 869, 869, 869, 869, 869, 869, 869]"
12_58_413,"[213, 218, 218, 218, 218, 218, 218, 218, 326, 326, 361, 380, 380, 380, 380, 380, 380, 380, 380, 380]",[12],[58],"[0, 1, 2, 3, 5, 6, 7, 11, 12, 13, 14, 15, 16, 17, 18, 19, 20, 21, 22, 23]","[213, 218, 218, 218, 218, 218, 218, 218, 326, 326, 361, 380, 380, 380, 380, 380, 380, 380, 380, 380]","[213, 218, 218, 218, 218, 218, 218, 218, 326, 326, 361, 380, 380, 380, 380, 380, 380, 380, 380, 380]"
12_44_414,"[5, 18, 29, 61, 61, 76, 95, 155, 186, 193, 223, 229, 239, 241, 264, 275, 293, 302, 302, 331]",[12],[44],"[0, 1, 2, 3, 4, 6, 7, 10, 11, 12, 13, 14, 15, 16, 17, 18, 19, 20, 22, 23]","[5, 18, 29, 61, 61, 76, 95, 155, 186, 193, 223, 229, 239, 241, 264, 275, 293, 302, 302, 331]","[5, 18, 29, 61, 61, 76, 95, 155, 186, 193, 223, 229, 239, 241, 264, 275, 293, 302, 302, 331]"
11_15_415,"[104, 104, 104, 104, 104, 104, 141, 141, 141, 141, 141, 141, 170, 170, 170, 322, 322, 322, 322, 322]",[11],[15],"[0, 1, 2, 5, 9, 10, 11, 12, 13, 14, 15, 16, 17, 18, 19, 20, 22]","[104, 104, 104, 104, 104, 104, 141, 141, 141, 141, 141, 141, 170, 170, 170, 322, 322, 322, 322, 322]","[104, 104, 104, 104, 104, 104, 141, 141, 141, 141, 141, 141, 170, 170, 170, 322, 322, 322, 322, 322]"
46_65_416,"[772, 772, 772, 772, 772, 772, 772, 772, 772, 772, 772, 772, 772, 772, 772, 772, 772, 772, 772, 772]",[46],[65],"[0, 1, 2, 3, 4, 5, 10, 11, 12, 14, 18, 19, 20, 21, 22, 23]","[772, 772, 772, 772, 772, 772, 772, 772, 772, 772, 772, 772, 772, 772, 772, 772, 772, 772, 772, 772]","[772, 772, 772, 772, 772, 772, 772, 772, 772, 772, 772, 772, 772, 772, 772, 772, 772, 772, 772, 772]"
75_27_417,"[318, 318, 318, 318, 318, 318, 318, 318, 318, 318, 318, 318, 318, 318, 318, 318, 318, 318, 318, 318]",[75],[27],"[0, 1, 8, 9, 10, 11, 12, 13, 14, 15, 16, 17, 18, 19, 20, 22]","[318, 318, 318, 318, 318, 318, 318, 318, 318, 318, 318, 318, 318, 318, 318, 318, 318, 318, 318, 318]","[318, 318, 318, 318, 318, 318, 318, 318, 318, 318, 318, 318, 318, 318, 318, 318, 318, 318, 318, 318]"
38_45_418,"[241, 311, 593, 593, 919, 953, 1010, 1010, 1010, 1010, 1010, 1010, 1010, 1010, 1010, 1010, 1010, 1010, 1010, 1010]",[38],[45],"[11, 12, 13, 14, 17, 18, 19]","[241, 311, 593, 593, 919, 953, 1010, 1010, 1010, 1010, 1010, 1010, 1010, 1010, 1010, 1010, 1010, 1010, 1010, 1010]","[241, 311, 593, 593, 919, 953, 1010, 1010, 1010, 1010, 1010, 1010, 1010, 1010, 1010, 1010, 1010, 1010, 1010, 1010]"
43_38_419,"[83, 129, 129, 129, 129, 129, 129, 129, 129, 129, 129, 129, 129, 129, 129, 176, 176, 270, 270, 270]",[43],[38],"[1, 12, 13, 14, 15, 16, 17, 18, 19, 20, 21, 23]","[83, 129, 129, 129, 129, 129, 129, 129, 129, 129, 129, 129, 129, 129, 129, 176, 176, 270, 270, 270]","[83, 129, 129, 129, 129, 129, 129, 129, 129, 129, 129, 129, 129, 129, 129, 176, 176, 270, 270, 270]"
16_62_420,"[198, 198, 198, 198, 198, 198, 198, 198, 198, 198, 198, 198, 198, 198, 198, 198, 198, 198, 198, 198]",[16],[62],"[0, 1, 2, 3, 4, 6, 11, 12, 13, 15, 16, 19, 20, 22, 23]","[198, 198, 198, 198, 198, 198, 198, 198, 198, 198, 198, 198, 198, 198, 198, 198, 198, 198, 198, 198]","[198, 198, 198, 198, 198, 198, 198, 198, 198, 198, 198, 198, 198, 198, 198, 198, 198, 198, 198, 198]"
7_66_421,"[21, 21, 21, 21, 21, 21, 21, 21, 21, 21, 31, 63, 232, 232, 232, 320, 320, 337, 345, 460]",[7],[66],"[0, 1, 2, 3, 4, 5, 12, 13, 14, 15, 16, 18, 19, 20, 21, 22, 23]","[21, 21, 21, 21, 21, 21, 21, 21, 21, 21, 31, 63, 232, 232, 232, 320, 320, 337, 345, 460]","[21, 21, 21, 21, 21, 21, 21, 21, 21, 21, 31, 63, 232, 232, 232, 320, 320, 337, 345, 460]"
38_44_422,"[4, 72, 155, 176, 176, 176, 176, 176, 176, 176, 176, 176, 176, 176, 176, 176, 176, 176, 176, 176]",[38],[44],"[12, 13, 15, 17, 18, 19, 20]","[4, 72, 155, 176, 176, 176, 176, 176, 176, 176, 176, 176, 176, 176, 176, 176, 176, 176, 176, 176]","[4, 72, 155, 176, 176, 176, 176, 176, 176, 176, 176, 176, 176, 176, 176, 176, 176, 176, 176, 176]"
76_23_423,"[339, 339, 339, 339, 339, 339, 339, 339, 339, 339, 339, 339, 339, 339, 339, 339, 339, 339, 339, 339]",[76],[23],"[0, 1, 2, 3, 4, 5, 6, 7, 8, 10, 12, 13, 14, 16, 20, 21]","[339, 339, 339, 339, 339, 339, 339, 339, 339, 339, 339, 339, 339, 339, 339, 339, 339, 339, 339, 339]","[339, 339, 339, 339, 339, 339, 339, 339, 339, 339, 339, 339, 339, 339, 339, 339, 339, 339, 339, 339]"
46_35_424,"[361, 785, 785, 785, 785, 785, 785, 785, 785, 785, 785, 785, 785, 785, 785, 785, 785, 785, 785, 785]",[46],[35],"[4, 11, 12, 13, 14, 15, 16, 17, 18]","[361, 785, 785, 785, 785, 785, 785, 785, 785, 785, 785, 785, 785, 785, 785, 785, 785, 785, 785, 785]","[361, 785, 785, 785, 785, 785, 785, 785, 785, 785, 785, 785, 785, 785, 785, 785, 785, 785, 785, 785]"
7_39_425,"[955, 964, 964, 964, 964, 964, 964, 964, 964, 964, 964, 964, 964, 964, 964, 964, 964, 964, 964, 964]",[7],[39],"[0, 1, 2, 3, 4, 5, 8, 9, 10, 11, 12, 13, 14, 15, 16, 17, 18, 19, 21, 22]","[955, 964, 964, 964, 964, 964, 964, 964, 964, 964, 964, 964, 964, 964, 964, 964, 964, 964, 964, 964]","[955, 964, 964, 964, 964, 964, 964, 964, 964, 964, 964, 964, 964, 964, 964, 964, 964, 964, 964, 964]"
16_46_426,"[828, 828, 828, 828, 828, 828, 828, 828, 828, 828, 828, 828, 828, 828, 828, 828, 828, 828, 828, 828]",[16],[46],"[0, 2, 3, 4, 5, 14, 15, 16, 17, 18, 19, 20, 21, 22, 23]","[828, 828, 828, 828, 828, 828, 828, 828, 828, 828, 828, 828, 828, 828, 828, 828, 828, 828, 828, 828]","[828, 828, 828, 828, 828, 828, 828, 828, 828, 828, 828, 828, 828, 828, 828, 828, 828, 828, 828, 828]"
21_45_427,"[512, 512, 512, 512, 512, 512, 512, 512, 512, 512, 512, 512, 512, 512, 512, 512, 512, 512, 512, 512]",[21],[45],"[12, 13, 14, 15, 16, 17, 18, 19, 20, 21]","[512, 512, 512, 512, 512, 512, 512, 512, 512, 512, 512, 512, 512, 512, 512, 512, 512, 512, 512, 512]","[512, 512, 512, 512, 512, 512, 512, 512, 512, 512, 512, 512, 512, 512, 512, 512, 512, 512, 512, 512]"
48_34_428,"[293, 293, 293, 293, 293, 293, 293, 293, 293, 293, 293, 293, 293, 293, 293, 293, 293, 293, 293, 293]",[48],[34],"[0, 1, 12, 14, 17, 18, 19, 20, 21, 22, 23]","[293, 293, 293, 293, 293, 293, 293, 293, 293, 293, 293, 293, 293, 293, 293, 293, 293, 293, 293, 293]","[293, 293, 293, 293, 293, 293, 293, 293, 293, 293, 293, 293, 293, 293, 293, 293, 293, 293, 293, 293]"
36_45_429,"[279, 279, 279, 279, 279, 279, 279, 279, 279, 279, 279, 279, 279, 279, 279, 287, 287, 287, 287, 287]",[36],[45],"[11, 12, 13, 14, 15, 16, 17, 18]","[279, 279, 279, 279, 279, 279, 279, 279, 279, 279, 279, 279, 279, 279, 279, 287, 287, 287, 287, 287]","[279, 279, 279, 279, 279, 279, 279, 279, 279, 279, 279, 279, 279, 279, 279, 287, 287, 287, 287, 287]"
16_44_430,"[542, 542, 542, 542, 542, 542, 542, 542, 542, 542, 542, 542, 542, 542, 542, 542, 542, 542, 542, 542]",[16],[44],"[0, 1, 2, 3, 5, 6, 14, 16, 17, 19, 21, 22, 23]","[542, 542, 542, 542, 542, 542, 542, 542, 542, 542, 542, 542, 542, 542, 542, 542, 542, 542, 542, 542]","[542, 542, 542, 542, 542, 542, 542, 542, 542, 542, 542, 542, 542, 542, 542, 542, 542, 542, 542, 542]"
27_12_431,"[574, 574, 574, 574, 574, 574, 574, 574, 574, 574, 574, 574, 574, 574, 574, 574, 574, 574, 574, 574]",[27],[12],"[11, 12, 13]","[574, 574, 574, 574, 574, 574, 574, 574, 574, 574, 574, 574, 574, 574, 574, 574, 574, 574, 574, 574]","[574, 574, 574, 574, 574, 574, 574, 574, 574, 574, 574, 574, 574, 574, 574, 574, 574, 574, 574, 574]"
2_93_432,"[174, 174, 174, 174, 174, 174, 174, 174, 174, 174, 174, 174, 174, 174, 174, 174, 174, 174, 174, 174]",[2],[93],"[0, 1, 2, 3, 4, 5, 7, 10, 11, 12, 14, 15, 17, 18, 19, 20, 21, 22, 23]","[174, 174, 174, 174, 174, 174, 174, 174, 174, 174, 174, 174, 174, 174, 174, 174, 174, 174, 174, 174]","[174, 174, 174, 174, 174, 174, 174, 174, 174, 174, 174, 174, 174, 174, 174, 174, 174, 174, 174, 174]"
76_34_433,"[4, 25, 48, 50, 119, 211, 224, 291, 305, 313, 324, 344, 360, 360, 360, 379, 394, 399, 401, 417]",[76],[34],"[0, 1, 2, 3, 12, 15, 17, 18, 19, 20, 21, 22, 23]","[4, 25, 48, 50, 119, 211, 224, 291, 305, 313, 324, 344, 360, 360, 360, 379, 394, 399, 401, 417]","[4, 25, 48, 50, 119, 211, 224, 291, 305, 313, 324, 344, 360, 360, 360, 379, 394, 399, 401, 417]"
77_45_434,"[18, 140, 174, 220, 290, 295, 360, 375, 429, 437, 513, 645, 651, 732, 779, 889, 889, 889, 889, 889]",[77],[45],"[0, 1, 2, 3, 5, 11, 14, 15, 16, 17, 18, 19, 20, 21, 22, 23]","[18, 140, 174, 220, 290, 295, 360, 375, 429, 437, 513, 645, 651, 732, 779, 889, 889, 889, 889, 889]","[18, 140, 174, 220, 290, 295, 360, 375, 429, 437, 513, 645, 651, 732, 779, 889, 889, 889, 889, 889]"
22_5_435,"[289, 289, 289, 289, 607, 607, 607, 607, 607, 607, 607, 611, 611, 611, 611, 785, 830, 830, 830, 830]",[22],[5],"[0, 1, 13, 14, 15, 16, 17, 18, 19, 20, 21, 22, 23]","[289, 289, 289, 289, 607, 607, 607, 607, 607, 607, 607, 611, 611, 611, 611, 785, 830, 830, 830, 830]","[289, 289, 289, 289, 607, 607, 607, 607, 607, 607, 607, 611, 611, 611, 611, 785, 830, 830, 830, 830]"
22_24_436,"[128, 350, 350, 350, 350, 350, 350, 350, 350, 350, 350, 350, 350, 350, 350, 350, 474, 537, 537, 537]",[22],[24],"[0, 1, 2, 15, 16, 17, 18, 19, 20, 21, 22, 23]","[128, 350, 350, 350, 350, 350, 350, 350, 350, 350, 350, 350, 350, 350, 350, 350, 474, 537, 537, 537]","[128, 350, 350, 350, 350, 350, 350, 350, 350, 350, 350, 350, 350, 350, 350, 350, 474, 537, 537, 537]"
46_61_437,"[402, 402, 402, 402, 402, 402, 402, 402, 402, 402, 402, 402, 402, 402, 402, 402, 402, 402, 402, 402]",[46],[61],"[0, 1, 2, 3, 4, 5, 6, 9, 11, 12, 13, 14, 15, 16, 17, 18, 22, 23]","[402, 402, 402, 402, 402, 402, 402, 402, 402, 402, 402, 402, 402, 402, 402, 402, 402, 402, 402, 402]","[402, 402, 402, 402, 402, 402, 402, 402, 402, 402, 402, 402, 402, 402, 402, 402, 402, 402, 402, 402]"
21_44_438,"[296, 296, 296, 296, 296, 296, 296, 296, 296, 296, 296, 296, 296, 296, 296, 296, 296, 296, 296, 296]",[21],[44],"[0, 12, 13, 14, 15, 16, 18]","[296, 296, 296, 296, 296, 296, 296, 296, 296, 296, 296, 296, 296, 296, 296, 296, 296, 296, 296, 296]","[296, 296, 296, 296, 296, 296, 296, 296, 296, 296, 296, 296, 296, 296, 296, 296, 296, 296, 296, 296]"
43_34_439,"[110, 173, 187, 361, 581, 581, 667, 667, 667, 667, 667, 667, 667, 750, 750, 750, 750, 750, 750, 750]",[43],[34],"[1, 12, 13, 14, 15, 16, 17, 18, 19, 20, 21, 22]","[110, 173, 187, 361, 581, 581, 667, 667, 667, 667, 667, 667, 667, 750, 750, 750, 750, 750, 750, 750]","[110, 173, 187, 361, 581, 581, 667, 667, 667, 667, 667, 667, 667, 750, 750, 750, 750, 750, 750, 750]"
46_55_440,"[372, 932, 932, 932, 932, 932, 932, 932, 932, 932, 932, 932, 932, 932, 932, 932, 932, 932, 932, 932]",[46],[55],"[0, 1, 2, 3, 4, 5, 6, 7, 8, 9, 11, 12, 13, 14, 15, 16, 17, 18, 20, 21]","[372, 932, 932, 932, 932, 932, 932, 932, 932, 932, 932, 932, 932, 932, 932, 932, 932, 932, 932, 932]","[372, 932, 932, 932, 932, 932, 932, 932, 932, 932, 932, 932, 932, 932, 932, 932, 932, 932, 932, 932]"
38_44_441,"[112, 126, 204, 204, 204, 204, 204, 204, 204, 204, 204, 204, 204, 204, 204, 204, 204, 204, 204, 204]",[38],[44],"[11, 12, 13, 14, 15, 17, 18]","[112, 126, 204, 204, 204, 204, 204, 204, 204, 204, 204, 204, 204, 204, 204, 204, 204, 204, 204, 204]","[112, 126, 204, 204, 204, 204, 204, 204, 204, 204, 204, 204, 204, 204, 204, 204, 204, 204, 204, 204]"
16_45_442,"[923, 923, 923, 923, 923, 923, 923, 923, 923, 923, 923, 923, 923, 923, 923, 923, 923, 923, 923, 923]",[16],[45],"[1, 2, 3, 4, 5, 6, 7, 8, 9, 10, 11, 12, 13, 20, 21, 22, 23]","[923, 923, 923, 923, 923, 923, 923, 923, 923, 923, 923, 923, 923, 923, 923, 923, 923, 923, 923, 923]","[923, 923, 923, 923, 923, 923, 923, 923, 923, 923, 923, 923, 923, 923, 923, 923, 923, 923, 923, 923]"
22_44_443,"[348, 348, 450, 450, 450, 450, 450, 450, 450, 450, 450, 466, 466, 466, 492, 492, 492, 492, 492, 492]",[22],[44],"[10, 11, 12, 15, 16, 17, 18, 19, 20, 23]","[348, 348, 450, 450, 450, 450, 450, 450, 450, 450, 450, 466, 466, 466, 492, 492, 492, 492, 492, 492]","[348, 348, 450, 450, 450, 450, 450, 450, 450, 450, 450, 466, 466, 466, 492, 492, 492, 492, 492, 492]"
21_44_444,"[93, 93, 152, 307, 307, 337, 659, 659, 659, 659, 659, 659, 659, 659, 659, 659, 659, 659, 659, 659]",[21],[44],"[13, 14, 15, 16, 17, 18, 19, 22]","[93, 93, 152, 307, 307, 337, 659, 659, 659, 659, 659, 659, 659, 659, 659, 659, 659, 659, 659, 659]","[93, 93, 152, 307, 307, 337, 659, 659, 659, 659, 659, 659, 659, 659, 659, 659, 659, 659, 659, 659]"
30_55_445,"[10, 10, 87, 139, 191, 227, 227, 227, 239, 239, 239, 239, 257, 295, 295, 295, 313, 359, 359, 367]",[30],[55],"[0, 1, 2, 3, 4, 5, 6, 15, 17, 18, 19, 20, 21, 22, 23]","[10, 10, 87, 139, 191, 227, 227, 227, 239, 239, 239, 239, 257, 295, 295, 295, 313, 359, 359, 367]","[10, 10, 87, 139, 191, 227, 227, 227, 239, 239, 239, 239, 257, 295, 295, 295, 313, 359, 359, 367]"
78_88_446,"[948, 948, 948, 948, 948, 948, 948, 948, 948, 948, 948, 948, 948, 948, 948, 948, 948, 948, 948, 948]",[78],[88],"[10, 11, 12, 13, 14, 18, 19, 20]","[948, 948, 948, 948, 948, 948, 948, 948, 948, 948, 948, 948, 948, 948, 948, 948, 948, 948, 948, 948]","[948, 948, 948, 948, 948, 948, 948, 948, 948, 948, 948, 948, 948, 948, 948, 948, 948, 948, 948, 948]"
16_4_447,"[764, 764, 764, 764, 764, 764, 764, 764, 764, 764, 764, 764, 764, 764, 764, 764, 764, 764, 764, 764]",[16],[4],"[0, 1, 2, 3, 4, 5, 8, 9, 11, 12, 13, 14, 16, 18, 19, 20, 21, 22, 23]","[764, 764, 764, 764, 764, 764, 764, 764, 764, 764, 764, 764, 764, 764, 764, 764, 764, 764, 764, 764]","[764, 764, 764, 764, 764, 764, 764, 764, 764, 764, 764, 764, 764, 764, 764, 764, 764, 764, 764, 764]"
16_58_448,"[380, 380, 380, 380, 380, 380, 380, 380, 380, 380, 380, 380, 380, 380, 380, 380, 380, 380, 380, 380]",[16],[58],"[0, 1, 2, 3, 4, 6, 7, 12, 14, 15, 16, 17, 18, 19, 20, 21, 22, 23]","[380, 380, 380, 380, 380, 380, 380, 380, 380, 380, 380, 380, 380, 380, 380, 380, 380, 380, 380, 380]","[380, 380, 380, 380, 380, 380, 380, 380, 380, 380, 380, 380, 380, 380, 380, 380, 380, 380, 380, 380]"
2_62_449,"[623, 623, 623, 623, 623, 623, 623, 623, 623, 623, 623, 623, 623, 623, 623, 623, 623, 623, 623, 623]",[2],[62],"[0, 1, 6, 7, 9, 10, 17, 19, 20, 22, 23]","[623, 623, 623, 623, 623, 623, 623, 623, 623, 623, 623, 623, 623, 623, 623, 623, 623, 623, 623, 623]","[623, 623, 623, 623, 623, 623, 623, 623, 623, 623, 623, 623, 623, 623, 623, 623, 623, 623, 623, 623]"
22_44_450,"[583, 583, 583, 583, 583, 583, 583, 583, 583, 583, 583, 583, 583, 583, 583, 583, 583, 583, 583, 583]",[22],[44],"[10, 11, 12, 13, 14, 15, 16, 17, 18, 19, 20, 21, 22]","[583, 583, 583, 583, 583, 583, 583, 583, 583, 583, 583, 583, 583, 583, 583, 583, 583, 583, 583, 583]","[583, 583, 583, 583, 583, 583, 583, 583, 583, 583, 583, 583, 583, 583, 583, 583, 583, 583, 583, 583]"
16_61_451,"[402, 402, 402, 402, 402, 402, 402, 402, 402, 402, 402, 402, 402, 402, 402, 402, 402, 402, 402, 402]",[16],[61],"[0, 1, 2, 3, 4, 5, 6, 11, 12, 13, 14, 15, 16, 18, 22, 23]","[402, 402, 402, 402, 402, 402, 402, 402, 402, 402, 402, 402, 402, 402, 402, 402, 402, 402, 402, 402]","[402, 402, 402, 402, 402, 402, 402, 402, 402, 402, 402, 402, 402, 402, 402, 402, 402, 402, 402, 402]"
7_84_452,"[20, 169, 169, 169, 812, 873, 941, 941, 941, 941, 941, 941, 941, 941, 941, 941, 941, 941, 941, 941]",[7],[84],"[0, 1, 2, 3, 4, 5, 7, 12, 13, 15, 17, 18, 19, 20, 21, 22, 23]","[20, 169, 169, 169, 812, 873, 941, 941, 941, 941, 941, 941, 941, 941, 941, 941, 941, 941, 941, 941]","[20, 169, 169, 169, 812, 873, 941, 941, 941, 941, 941, 941, 941, 941, 941, 941, 941, 941, 941, 941]"
16_35_453,"[1035, 1035, 1035, 1035, 1035, 1035, 1035, 1035, 1035, 1035, 1035, 1035, 1035, 1035, 1035, 1035, 1035, 1035, 1035, 1035]",[16],[35],"[0, 1, 2, 3, 4, 7, 9, 10, 11, 12, 13, 14, 15, 16, 19, 20, 21, 22, 23]","[1035, 1035, 1035, 1035, 1035, 1035, 1035, 1035, 1035, 1035, 1035, 1035, 1035, 1035, 1035, 1035, 1035, 1035, 1035, 1035]","[1035, 1035, 1035, 1035, 1035, 1035, 1035, 1035, 1035, 1035, 1035, 1035, 1035, 1035, 1035, 1035, 1035, 1035, 1035, 1035]"
1_47_454,"[1051, 1051, 1051, 1051, 1051, 1051, 1051, 1051, 1051, 1051, 1051, 1051, 1051, 1051, 1051, 1051, 1051, 1051, 1051, 1051]",[1],[47],"[0, 1, 2, 3, 5, 7, 9, 10, 11, 13, 14, 19, 22]","[1051, 1051, 1051, 1051, 1051, 1051, 1051, 1051, 1051, 1051, 1051, 1051, 1051, 1051, 1051, 1051, 1051, 1051, 1051, 1051]","[1051, 1051, 1051, 1051, 1051, 1051, 1051, 1051, 1051, 1051, 1051, 1051, 1051, 1051, 1051, 1051, 1051, 1051, 1051, 1051]"
43_44_455,"[19, 78, 78, 78, 78, 78, 78, 78, 78, 205, 205, 205, 205, 205, 205, 564, 632, 632, 632, 632]",[43],[44],"[0, 1, 13, 14, 15, 16, 17, 18, 19, 20, 21, 22, 23]","[19, 78, 78, 78, 78, 78, 78, 78, 78, 205, 205, 205, 205, 205, 205, 564, 632, 632, 632, 632]","[19, 78, 78, 78, 78, 78, 78, 78, 78, 205, 205, 205, 205, 205, 205, 564, 632, 632, 632, 632]"
11_44_456,"[21, 21, 21, 21, 43, 63, 91, 104, 170, 170, 278, 292, 292, 292, 329, 329, 329, 329, 329, 361]",[11],[44],"[0, 1, 2, 3, 8, 9, 10, 11, 12, 13, 14, 15, 16, 17, 18, 19, 20, 21, 22, 23]","[21, 21, 21, 21, 43, 63, 91, 104, 170, 170, 278, 292, 292, 292, 329, 329, 329, 329, 329, 361]","[21, 21, 21, 21, 43, 63, 91, 104, 170, 170, 278, 292, 292, 292, 329, 329, 329, 329, 329, 361]"
74_46_457,"[135, 135, 135, 135, 135, 135, 135, 135, 135, 135, 135, 135, 135, 135, 135, 135, 135, 135, 135, 135]",[74],[46],"[0, 1, 2, 10, 11, 12, 13, 14, 17, 18, 19, 21, 22, 23]","[135, 135, 135, 135, 135, 135, 135, 135, 135, 135, 135, 135, 135, 135, 135, 135, 135, 135, 135, 135]","[135, 135, 135, 135, 135, 135, 135, 135, 135, 135, 135, 135, 135, 135, 135, 135, 135, 135, 135, 135]"
26_72_458,"[198, 198, 198, 198, 198, 198, 198, 198, 198, 198, 198, 198, 198, 198, 198, 198, 198, 198, 198, 198]",[26],[72],"[0, 1, 2, 3, 4, 6, 11, 12, 13, 15, 16, 18, 19, 22, 23]","[198, 198, 198, 198, 198, 198, 198, 198, 198, 198, 198, 198, 198, 198, 198, 198, 198, 198, 198, 198]","[198, 198, 198, 198, 198, 198, 198, 198, 198, 198, 198, 198, 198, 198, 198, 198, 198, 198, 198, 198]"
38_45_459,"[93, 194, 194, 194, 194, 194, 194, 194, 194, 194, 194, 194, 194, 194, 194, 194, 194, 194, 194, 194]",[38],[45],"[0, 2, 12, 13, 14, 15, 16, 17, 18, 19, 20, 21, 22, 23]","[93, 194, 194, 194, 194, 194, 194, 194, 194, 194, 194, 194, 194, 194, 194, 194, 194, 194, 194, 194]","[93, 194, 194, 194, 194, 194, 194, 194, 194, 194, 194, 194, 194, 194, 194, 194, 194, 194, 194, 194]"
0_49_460,"[176, 176, 176, 176, 176, 176, 176, 176, 176, 176, 176, 176, 176, 176, 176, 176, 176, 176, 176, 176]",[0],[49],"[1, 10, 11, 12, 15, 21]","[176, 176, 176, 176, 176, 176, 176, 176, 176, 176, 176, 176, 176, 176, 176, 176, 176, 176, 176, 176]","[176, 176, 176, 176, 176, 176, 176, 176, 176, 176, 176, 176, 176, 176, 176, 176, 176, 176, 176, 176]"
11_45_461,"[43, 43, 57, 137, 137, 209, 250, 250, 264, 269, 269, 292, 292, 293, 293, 293, 293, 329, 361, 361]",[11],[45],"[1, 3, 4, 5, 7, 10, 11, 12, 13, 15, 16, 17, 19, 20, 21, 22]","[43, 43, 57, 137, 137, 209, 250, 250, 264, 269, 269, 292, 292, 293, 293, 293, 293, 329, 361, 361]","[43, 43, 57, 137, 137, 209, 250, 250, 264, 269, 269, 292, 292, 293, 293, 293, 293, 329, 361, 361]"
8_44_462,"[37, 89, 157, 182, 189, 215, 295, 324, 355, 370, 487, 534, 534, 534, 534, 534, 534, 534, 534, 534]",[8],[44],"[0, 2, 3, 5, 7, 8, 12, 13, 14, 15, 16, 17, 18, 19, 20, 21, 22, 23]","[37, 89, 157, 182, 189, 215, 295, 324, 355, 370, 487, 534, 534, 534, 534, 534, 534, 534, 534, 534]","[37, 89, 157, 182, 189, 215, 295, 324, 355, 370, 487, 534, 534, 534, 534, 534, 534, 534, 534, 534]"
79_45_463,"[10, 66, 109, 152, 152, 164, 164, 242, 242, 294, 333, 336, 340, 345, 375, 386, 397, 412, 429, 496]",[79],[45],"[0, 1, 2, 3, 4, 12, 13, 14, 15, 16, 17, 18, 19, 21, 22, 23]","[10, 66, 109, 152, 152, 164, 164, 242, 242, 294, 333, 336, 340, 345, 375, 386, 397, 412, 429, 496]","[10, 66, 109, 152, 152, 164, 164, 242, 242, 294, 333, 336, 340, 345, 375, 386, 397, 412, 429, 496]"
11_35_464,"[222, 222, 276, 276, 276, 641, 739, 739, 788, 788, 788, 788, 788, 788, 788, 788, 788, 788, 788, 788]",[11],[35],"[1, 2, 3, 10, 11, 12, 13, 14, 15, 16, 17, 18, 19, 20, 21, 22]","[222, 222, 276, 276, 276, 641, 739, 739, 788, 788, 788, 788, 788, 788, 788, 788, 788, 788, 788, 788]","[222, 222, 276, 276, 276, 641, 739, 739, 788, 788, 788, 788, 788, 788, 788, 788, 788, 788, 788, 788]"
30_55_465,"[139, 316, 740, 924, 924, 924, 924, 924, 924, 924, 924, 924, 924, 924, 924, 924, 924, 924, 924, 924]",[30],[55],"[0, 1, 2, 3, 4, 5, 6, 7, 8, 15, 16, 17, 18, 19, 20, 21, 22, 23]","[139, 316, 740, 924, 924, 924, 924, 924, 924, 924, 924, 924, 924, 924, 924, 924, 924, 924, 924, 924]","[139, 316, 740, 924, 924, 924, 924, 924, 924, 924, 924, 924, 924, 924, 924, 924, 924, 924, 924, 924]"
8_93_466,"[174, 174, 174, 174, 174, 174, 174, 174, 174, 174, 174, 174, 174, 174, 174, 174, 174, 174, 174, 174]",[8],[93],"[0, 1, 2, 3, 4, 5, 6, 12, 13, 14, 16, 17, 18, 19, 21, 23]","[174, 174, 174, 174, 174, 174, 174, 174, 174, 174, 174, 174, 174, 174, 174, 174, 174, 174, 174, 174]","[174, 174, 174, 174, 174, 174, 174, 174, 174, 174, 174, 174, 174, 174, 174, 174, 174, 174, 174, 174]"
21_45_467,"[452, 452, 452, 452, 452, 452, 452, 452, 452, 452, 452, 452, 452, 452, 452, 452, 452, 452, 452, 452]",[21],[45],"[12, 13, 14, 15, 16, 17, 18, 19, 20, 21, 22]","[452, 452, 452, 452, 452, 452, 452, 452, 452, 452, 452, 452, 452, 452, 452, 452, 452, 452, 452, 452]","[452, 452, 452, 452, 452, 452, 452, 452, 452, 452, 452, 452, 452, 452, 452, 452, 452, 452, 452, 452]"
21_45_468,"[595, 595, 595, 595, 595, 595, 595, 595, 595, 595, 595, 595, 595, 595, 595, 595, 595, 595, 595, 595]",[21],[45],"[0, 1, 10, 11, 12, 13, 14, 16, 17, 18, 19, 21, 22]","[595, 595, 595, 595, 595, 595, 595, 595, 595, 595, 595, 595, 595, 595, 595, 595, 595, 595, 595, 595]","[595, 595, 595, 595, 595, 595, 595, 595, 595, 595, 595, 595, 595, 595, 595, 595, 595, 595, 595, 595]"
21_44_469,"[712, 712, 712, 712, 712, 712, 780, 780, 780, 780, 780, 780, 780, 780, 780, 780, 780, 780, 780, 780]",[21],[44],"[0, 1, 2, 3, 4, 8, 12, 13, 14, 15, 16, 17, 18, 19, 20, 21]","[712, 712, 712, 712, 712, 712, 780, 780, 780, 780, 780, 780, 780, 780, 780, 780, 780, 780, 780, 780]","[712, 712, 712, 712, 712, 712, 780, 780, 780, 780, 780, 780, 780, 780, 780, 780, 780, 780, 780, 780]"
80_44_470,"[26, 45, 48, 54, 78, 99, 106, 106, 120, 125, 131, 197, 197, 206, 285, 290, 290, 290, 334, 355]",[80],[44],"[0, 15, 16, 17, 18, 19, 20, 21, 22, 23]","[26, 45, 48, 54, 78, 99, 106, 106, 120, 125, 131, 197, 197, 206, 285, 290, 290, 290, 334, 355]","[26, 45, 48, 54, 78, 99, 106, 106, 120, 125, 131, 197, 197, 206, 285, 290, 290, 290, 334, 355]"
22_45_471,"[201, 201, 201, 201, 201, 201, 201, 201, 201, 201, 201, 201, 201, 201, 201, 201, 201, 201, 201, 201]",[22],[45],"[0, 1, 13, 14, 15, 16, 20, 21, 22, 23]","[201, 201, 201, 201, 201, 201, 201, 201, 201, 201, 201, 201, 201, 201, 201, 201, 201, 201, 201, 201]","[201, 201, 201, 201, 201, 201, 201, 201, 201, 201, 201, 201, 201, 201, 201, 201, 201, 201, 201, 201]"
10_3_472,"[478, 611, 965, 1038, 1038, 1038, 1038, 1038, 1038, 1038, 1038, 1038, 1038, 1038, 1038, 1038, 1038, 1038, 1038, 1038]",[10],[3],"[5, 10, 11, 12, 13, 14, 16, 17, 18, 22, 23]","[478, 611, 965, 1038, 1038, 1038, 1038, 1038, 1038, 1038, 1038, 1038, 1038, 1038, 1038, 1038, 1038, 1038, 1038, 1038]","[478, 611, 965, 1038, 1038, 1038, 1038, 1038, 1038, 1038, 1038, 1038, 1038, 1038, 1038, 1038, 1038, 1038, 1038, 1038]"
22_34_473,"[55, 55, 55, 55, 55, 55, 55, 55, 55, 55, 55, 131, 199, 381, 381, 381, 381, 381, 381, 381]",[22],[34],"[0, 1, 2, 3, 11, 13, 14, 16, 17, 18, 19, 20, 21, 22, 23]","[55, 55, 55, 55, 55, 55, 55, 55, 55, 55, 55, 131, 199, 381, 381, 381, 381, 381, 381, 381]","[55, 55, 55, 55, 55, 55, 55, 55, 55, 55, 55, 131, 199, 381, 381, 381, 381, 381, 381, 381]"
21_44_474,"[493, 493, 493, 493, 493, 493, 493, 493, 493, 493, 493, 493, 493, 493, 493, 493, 493, 493, 493, 493]",[21],[44],"[12, 13, 14, 15, 16, 17, 18, 19, 20, 21]","[493, 493, 493, 493, 493, 493, 493, 493, 493, 493, 493, 493, 493, 493, 493, 493, 493, 493, 493, 493]","[493, 493, 493, 493, 493, 493, 493, 493, 493, 493, 493, 493, 493, 493, 493, 493, 493, 493, 493, 493]"
22_46_475,"[18, 18, 18, 18, 18, 18, 18, 18, 18, 18, 18, 18, 18, 18, 18, 18, 18, 18, 18, 18]",[22],[46],"[0, 2, 10, 11, 12, 13, 14, 15, 16, 17, 18, 19, 21, 23]","[18, 18, 18, 18, 18, 18, 18, 18, 18, 18, 18, 18, 18, 18, 18, 18, 18, 18, 18, 18]","[18, 18, 18, 18, 18, 18, 18, 18, 18, 18, 18, 18, 18, 18, 18, 18, 18, 18, 18, 18]"
16_44_476,"[693, 693, 693, 693, 693, 693, 693, 693, 693, 693, 693, 693, 693, 693, 693, 693, 693, 693, 693, 693]",[16],[44],"[0, 1, 2, 3, 4, 5, 6, 7, 8, 9, 12, 13, 14, 16, 17, 18, 21, 22, 23]","[693, 693, 693, 693, 693, 693, 693, 693, 693, 693, 693, 693, 693, 693, 693, 693, 693, 693, 693, 693]","[693, 693, 693, 693, 693, 693, 693, 693, 693, 693, 693, 693, 693, 693, 693, 693, 693, 693, 693, 693]"
38_14_477,"[609, 822, 822, 822, 822, 822, 822, 822, 822, 822, 822, 822, 822, 822, 822, 822, 822, 822, 822, 822]",[38],[14],"[1, 2, 5, 10, 13, 14, 15, 16, 17, 18, 19, 20, 21, 22, 23]","[609, 822, 822, 822, 822, 822, 822, 822, 822, 822, 822, 822, 822, 822, 822, 822, 822, 822, 822, 822]","[609, 822, 822, 822, 822, 822, 822, 822, 822, 822, 822, 822, 822, 822, 822, 822, 822, 822, 822, 822]"
46_55_478,"[719, 719, 719, 719, 719, 719, 719, 719, 719, 719, 719, 719, 719, 719, 719, 719, 719, 719, 719, 719]",[46],[55],"[0, 1, 2, 3, 4, 5, 6, 7, 8, 9, 10, 11, 12, 13, 14, 20, 21, 22, 23]","[719, 719, 719, 719, 719, 719, 719, 719, 719, 719, 719, 719, 719, 719, 719, 719, 719, 719, 719, 719]","[719, 719, 719, 719, 719, 719, 719, 719, 719, 719, 719, 719, 719, 719, 719, 719, 719, 719, 719, 719]"
6_41_479,"[40, 40, 77, 148, 157, 226, 236, 236, 293, 293, 309, 318, 319, 329, 336, 338, 397, 429, 435, 535]",[6],[41],"[0, 1, 2, 5, 11, 17, 18, 19, 21, 22, 23]","[40, 40, 77, 148, 157, 226, 236, 236, 293, 293, 309, 318, 319, 329, 336, 338, 397, 429, 435, 535]","[40, 40, 77, 148, 157, 226, 236, 236, 293, 293, 309, 318, 319, 329, 336, 338, 397, 429, 435, 535]"
12_16_480,"[867, 867, 867, 867, 867, 867, 867, 867, 867, 867, 867, 867, 867, 867, 867, 867, 867, 867, 867, 867]",[12],[16],"[1, 2, 4, 5, 9, 10, 11, 15, 16, 17, 18, 19, 20, 21, 23]","[867, 867, 867, 867, 867, 867, 867, 867, 867, 867, 867, 867, 867, 867, 867, 867, 867, 867, 867, 867]","[867, 867, 867, 867, 867, 867, 867, 867, 867, 867, 867, 867, 867, 867, 867, 867, 867, 867, 867, 867]"
16_81_481,"[255, 255, 255, 255, 255, 255, 255, 255, 255, 255, 255, 255, 255, 255, 255, 255, 255, 255, 255, 255]",[16],[81],"[0, 1, 2, 3, 4, 5, 6, 7, 12, 13, 14, 16, 20, 23]","[255, 255, 255, 255, 255, 255, 255, 255, 255, 255, 255, 255, 255, 255, 255, 255, 255, 255, 255, 255]","[255, 255, 255, 255, 255, 255, 255, 255, 255, 255, 255, 255, 255, 255, 255, 255, 255, 255, 255, 255]"
67_93_482,"[174, 174, 174, 174, 174, 174, 174, 174, 174, 174, 174, 174, 174, 174, 174, 174, 174, 174, 174, 174]",[67],[93],"[0, 1, 2, 3, 4, 5, 6, 9, 11, 12, 13, 14, 15, 17, 18, 20, 21, 22, 23]","[174, 174, 174, 174, 174, 174, 174, 174, 174, 174, 174, 174, 174, 174, 174, 174, 174, 174, 174, 174]","[174, 174, 174, 174, 174, 174, 174, 174, 174, 174, 174, 174, 174, 174, 174, 174, 174, 174, 174, 174]"
81_44_483,"[4, 278, 348, 348, 348, 348, 348, 348, 348, 348, 348, 348, 348, 348, 348, 348, 348, 348, 348, 348]",[81],[44],"[11, 12, 13, 14, 15, 16, 17, 18, 19, 20, 21, 22, 23]","[4, 278, 348, 348, 348, 348, 348, 348, 348, 348, 348, 348, 348, 348, 348, 348, 348, 348, 348, 348]","[4, 278, 348, 348, 348, 348, 348, 348, 348, 348, 348, 348, 348, 348, 348, 348, 348, 348, 348, 348]"
18_53_484,"[178, 207, 383, 383, 393, 431, 431, 431, 431, 431, 431, 431, 431, 431, 431, 431, 431, 431, 432, 515]",[18],[53],"[0, 1, 2, 4, 10, 12, 13, 14, 16, 17, 18, 19, 20, 21, 22, 23]","[178, 207, 383, 383, 393, 431, 431, 431, 431, 431, 431, 431, 431, 431, 431, 431, 431, 431, 432, 515]","[178, 207, 383, 383, 393, 431, 431, 431, 431, 431, 431, 431, 431, 431, 431, 431, 431, 431, 432, 515]"
65_45_485,"[62, 62, 62, 62, 62, 62, 62, 62, 62, 62, 62, 62, 62, 62, 867, 867, 867, 867, 867, 867]",[65],[45],"[0, 1, 2, 3, 4, 5, 6, 7, 8, 14, 15, 20, 21, 22, 23]","[62, 62, 62, 62, 62, 62, 62, 62, 62, 62, 62, 62, 62, 62, 867, 867, 867, 867, 867, 867]","[62, 62, 62, 62, 62, 62, 62, 62, 62, 62, 62, 62, 62, 62, 867, 867, 867, 867, 867, 867]"
21_44_486,"[398, 398, 398, 398, 398, 398, 398, 398, 398, 398, 398, 398, 398, 398, 398, 398, 398, 398, 398, 398]",[21],[44],"[12, 13, 14, 15, 16, 17, 20]","[398, 398, 398, 398, 398, 398, 398, 398, 398, 398, 398, 398, 398, 398, 398, 398, 398, 398, 398, 398]","[398, 398, 398, 398, 398, 398, 398, 398, 398, 398, 398, 398, 398, 398, 398, 398, 398, 398, 398, 398]"
40_45_487,"[284, 284, 312, 312, 312, 312, 312, 312, 312, 407, 407, 407, 407, 407, 407, 407, 407, 407, 407, 407]",[40],[45],"[0, 12, 13, 14, 15, 16, 17, 20, 21, 22, 23]","[284, 284, 312, 312, 312, 312, 312, 312, 312, 407, 407, 407, 407, 407, 407, 407, 407, 407, 407, 407]","[284, 284, 312, 312, 312, 312, 312, 312, 312, 407, 407, 407, 407, 407, 407, 407, 407, 407, 407, 407]"
21_44_488,"[176, 176, 176, 176, 176, 176, 176, 176, 176, 176, 176, 176, 176, 176, 176, 176, 176, 176, 176, 176]",[21],[44],"[12, 13, 18]","[176, 176, 176, 176, 176, 176, 176, 176, 176, 176, 176, 176, 176, 176, 176, 176, 176, 176, 176, 176]","[176, 176, 176, 176, 176, 176, 176, 176, 176, 176, 176, 176, 176, 176, 176, 176, 176, 176, 176, 176]"
25_35_489,"[293, 293, 293, 293, 293, 293, 293, 293, 293, 293, 293, 293, 293, 293, 293, 293, 293, 293, 293, 293]",[25],[35],"[0, 2, 3, 4, 5, 6, 7, 8, 9, 16, 17, 19, 20, 21, 22]","[293, 293, 293, 293, 293, 293, 293, 293, 293, 293, 293, 293, 293, 293, 293, 293, 293, 293, 293, 293]","[293, 293, 293, 293, 293, 293, 293, 293, 293, 293, 293, 293, 293, 293, 293, 293, 293, 293, 293, 293]"
4_93_490,"[174, 174, 174, 174, 174, 174, 174, 174, 174, 174, 174, 174, 174, 174, 174, 174, 174, 174, 174, 174]",[4],[93],"[0, 1, 2, 3, 4, 5, 6, 9, 11, 12, 13, 14, 15, 16, 17, 21, 22, 23]","[174, 174, 174, 174, 174, 174, 174, 174, 174, 174, 174, 174, 174, 174, 174, 174, 174, 174, 174, 174]","[174, 174, 174, 174, 174, 174, 174, 174, 174, 174, 174, 174, 174, 174, 174, 174, 174, 174, 174, 174]"
30_44_491,"[19, 19, 19, 48, 48, 72, 97, 124, 139, 139, 139, 139, 139, 139, 140, 189, 239, 251, 257, 274]",[30],[44],"[0, 2, 3, 4, 5, 6, 19, 20, 21, 22, 23]","[19, 19, 19, 48, 48, 72, 97, 124, 139, 139, 139, 139, 139, 139, 140, 189, 239, 251, 257, 274]","[19, 19, 19, 48, 48, 72, 97, 124, 139, 139, 139, 139, 139, 139, 140, 189, 239, 251, 257, 274]"
25_55_492,"[551, 551, 551, 551, 551, 551, 551, 551, 551, 551, 551, 551, 551, 551, 551, 551, 551, 551, 551, 551]",[25],[55],"[0, 1, 2, 3, 4, 5, 6, 7, 11, 18, 19, 20, 21, 22, 23]","[551, 551, 551, 551, 551, 551, 551, 551, 551, 551, 551, 551, 551, 551, 551, 551, 551, 551, 551, 551]","[551, 551, 551, 551, 551, 551, 551, 551, 551, 551, 551, 551, 551, 551, 551, 551, 551, 551, 551, 551]"
21_45_493,"[1010, 1010, 1010, 1010, 1010, 1010, 1010, 1010, 1010, 1010, 1010, 1010, 1010, 1010, 1010, 1010, 1010, 1010, 1010, 1010]",[21],[45],"[11, 12, 13, 14, 15]","[1010, 1010, 1010, 1010, 1010, 1010, 1010, 1010, 1010, 1010, 1010, 1010, 1010, 1010, 1010, 1010, 1010, 1010, 1010, 1010]","[1010, 1010, 1010, 1010, 1010, 1010, 1010, 1010, 1010, 1010, 1010, 1010, 1010, 1010, 1010, 1010, 1010, 1010, 1010, 1010]"
23_44_494,"[177, 177, 177, 177, 177, 177, 177, 177, 177, 177, 177, 177, 177, 177, 177, 177, 177, 177, 177, 177]",[23],[44],"[0, 1, 3, 4, 6, 11, 12, 15, 16, 17, 21, 22, 23]","[177, 177, 177, 177, 177, 177, 177, 177, 177, 177, 177, 177, 177, 177, 177, 177, 177, 177, 177, 177]","[177, 177, 177, 177, 177, 177, 177, 177, 177, 177, 177, 177, 177, 177, 177, 177, 177, 177, 177, 177]"
67_76_495,"[183, 772, 772, 772, 772, 772, 772, 772, 772, 772, 772, 772, 772, 772, 772, 772, 772, 772, 772, 772]",[67],[76],"[10, 11, 12, 16, 17, 18]","[183, 772, 772, 772, 772, 772, 772, 772, 772, 772, 772, 772, 772, 772, 772, 772, 772, 772, 772, 772]","[183, 772, 772, 772, 772, 772, 772, 772, 772, 772, 772, 772, 772, 772, 772, 772, 772, 772, 772, 772]"
27_85_496,"[1050, 1050, 1050, 1050, 1050, 1050, 1050, 1050, 1050, 1050, 1050, 1050, 1050, 1050, 1050, 1050, 1050, 1050, 1050, 1050]",[27],[85],"[12, 13, 14, 15, 16, 19, 20]","[1050, 1050, 1050, 1050, 1050, 1050, 1050, 1050, 1050, 1050, 1050, 1050, 1050, 1050, 1050, 1050, 1050, 1050, 1050, 1050]","[1050, 1050, 1050, 1050, 1050, 1050, 1050, 1050, 1050, 1050, 1050, 1050, 1050, 1050, 1050, 1050, 1050, 1050, 1050, 1050]"
11_24_497,"[29, 346, 361, 361, 361, 361, 361, 514, 967, 967, 967, 967, 967, 967, 967, 967, 967, 967, 967, 967]",[11],[24],"[10, 11, 12, 15, 19]","[29, 346, 361, 361, 361, 361, 361, 514, 967, 967, 967, 967, 967, 967, 967, 967, 967, 967, 967, 967]","[29, 346, 361, 361, 361, 361, 361, 514, 967, 967, 967, 967, 967, 967, 967, 967, 967, 967, 967, 967]"
21_44_498,"[307, 307, 307, 307, 307, 307, 307, 307, 307, 307, 307, 307, 307, 307, 307, 307, 307, 307, 307, 307]",[21],[44],"[13, 14, 15, 16, 17]","[307, 307, 307, 307, 307, 307, 307, 307, 307, 307, 307, 307, 307, 307, 307, 307, 307, 307, 307, 307]","[307, 307, 307, 307, 307, 307, 307, 307, 307, 307, 307, 307, 307, 307, 307, 307, 307, 307, 307, 307]"
24_44_499,"[278, 291, 291, 347, 347, 347, 347, 347, 348, 348, 348, 348, 348, 348, 348, 348, 348, 348, 348, 348]",[24],[44],"[1, 3, 9, 12, 13, 14, 16, 17, 18, 19, 21, 23]","[278, 291, 291, 347, 347, 347, 347, 347, 348, 348, 348, 348, 348, 348, 348, 348, 348, 348, 348, 348]","[278, 291, 291, 347, 347, 347, 347, 347, 348, 348, 348, 348, 348, 348, 348, 348, 348, 348, 348, 348]"
21_45_500,"[542, 542, 542, 542, 542, 542, 542, 542, 542, 542, 542, 542, 542, 542, 542, 542, 542, 542, 542, 542]",[21],[45],"[11, 12, 13, 14, 15, 16, 17, 19]","[542, 542, 542, 542, 542, 542, 542, 542, 542, 542, 542, 542, 542, 542, 542, 542, 542, 542, 542, 542]","[542, 542, 542, 542, 542, 542, 542, 542, 542, 542, 542, 542, 542, 542, 542, 542, 542, 542, 542, 542]"
41_41_501,"[280, 280, 280, 280, 280, 280, 280, 280, 280, 280, 280, 280, 280, 280, 280, 280, 280, 280, 280, 280]",[41],[41],"[0, 3, 4, 5, 6, 7, 8, 9, 11, 12, 14, 15, 16, 17, 18, 20, 21, 22, 23]","[280, 280, 280, 280, 280, 280, 280, 280, 280, 280, 280, 280, 280, 280, 280, 280, 280, 280, 280, 280]","[280, 280, 280, 280, 280, 280, 280, 280, 280, 280, 280, 280, 280, 280, 280, 280, 280, 280, 280, 280]"
16_57_502,"[453, 453, 453, 453, 453, 453, 453, 453, 453, 453, 453, 453, 453, 453, 453, 453, 453, 453, 453, 453]",[16],[57],"[1, 2, 3, 4, 5, 17, 19, 20, 22, 23]","[453, 453, 453, 453, 453, 453, 453, 453, 453, 453, 453, 453, 453, 453, 453, 453, 453, 453, 453, 453]","[453, 453, 453, 453, 453, 453, 453, 453, 453, 453, 453, 453, 453, 453, 453, 453, 453, 453, 453, 453]"
11_46_503,"[135, 161, 161, 758, 758, 758, 758, 837, 903, 903, 903, 903, 903, 903, 903, 903, 903, 903, 903, 903]",[11],[46],"[1, 9, 10, 11, 15, 16, 17, 18, 19, 21, 22]","[135, 161, 161, 758, 758, 758, 758, 837, 903, 903, 903, 903, 903, 903, 903, 903, 903, 903, 903, 903]","[135, 161, 161, 758, 758, 758, 758, 837, 903, 903, 903, 903, 903, 903, 903, 903, 903, 903, 903, 903]"
62_45_504,"[4, 41, 45, 47, 58, 106, 106, 106, 145, 152, 164, 179, 283, 300, 300, 348, 364, 400, 437, 494]",[62],[45],"[0, 1, 12, 13, 14, 15, 16, 17, 18, 19, 20, 21, 22, 23]","[4, 41, 45, 47, 58, 106, 106, 106, 145, 152, 164, 179, 283, 300, 300, 348, 364, 400, 437, 494]","[4, 41, 45, 47, 58, 106, 106, 106, 145, 152, 164, 179, 283, 300, 300, 348, 364, 400, 437, 494]"
25_45_505,"[394, 394, 394, 394, 394, 394, 394, 394, 394, 394, 394, 394, 394, 394, 394, 394, 394, 394, 394, 394]",[25],[45],"[2, 3, 4, 5, 6, 7, 9, 10, 11, 12, 13, 14, 15, 16, 21, 22, 23]","[394, 394, 394, 394, 394, 394, 394, 394, 394, 394, 394, 394, 394, 394, 394, 394, 394, 394, 394, 394]","[394, 394, 394, 394, 394, 394, 394, 394, 394, 394, 394, 394, 394, 394, 394, 394, 394, 394, 394, 394]"
49_85_506,"[864, 864, 864, 864, 864, 864, 864, 864, 864, 864, 864, 864, 864, 864, 864, 864, 864, 864, 864, 864]",[49],[85],"[2, 13, 14, 15, 16, 17, 19, 20, 21, 23]","[864, 864, 864, 864, 864, 864, 864, 864, 864, 864, 864, 864, 864, 864, 864, 864, 864, 864, 864, 864]","[864, 864, 864, 864, 864, 864, 864, 864, 864, 864, 864, 864, 864, 864, 864, 864, 864, 864, 864, 864]"
21_45_507,"[361, 367, 455, 455, 455, 455, 455, 455, 455, 455, 455, 455, 455, 455, 455, 455, 455, 455, 455, 455]",[21],[45],"[12, 13, 14, 15, 16, 18, 19, 20, 21]","[361, 367, 455, 455, 455, 455, 455, 455, 455, 455, 455, 455, 455, 455, 455, 455, 455, 455, 455, 455]","[361, 367, 455, 455, 455, 455, 455, 455, 455, 455, 455, 455, 455, 455, 455, 455, 455, 455, 455, 455]"
32_66_508,"[392, 553, 599, 599, 599, 599, 599, 599, 599, 599, 599, 599, 599, 599, 599, 599, 599, 599, 599, 599]",[32],[66],"[0, 1, 2, 3, 4, 8, 10, 11, 12, 13, 14, 18, 20, 21, 22, 23]","[392, 553, 599, 599, 599, 599, 599, 599, 599, 599, 599, 599, 599, 599, 599, 599, 599, 599, 599, 599]","[392, 553, 599, 599, 599, 599, 599, 599, 599, 599, 599, 599, 599, 599, 599, 599, 599, 599, 599, 599]"
22_44_509,"[4, 88, 88, 88, 88, 88, 88, 88, 88, 88, 88, 88, 88, 88, 88, 88, 88, 88, 247, 575]",[22],[44],"[0, 3, 4, 12, 13, 15, 16, 17, 18, 19, 20, 21, 22, 23]","[4, 88, 88, 88, 88, 88, 88, 88, 88, 88, 88, 88, 88, 88, 88, 88, 88, 88, 247, 575]","[4, 88, 88, 88, 88, 88, 88, 88, 88, 88, 88, 88, 88, 88, 88, 88, 88, 88, 247, 575]"
46_26_510,"[806, 806, 806, 806, 806, 806, 806, 806, 806, 806, 806, 806, 806, 806, 806, 806, 806, 806, 806, 806]",[46],[26],"[0, 1, 2, 3, 4, 5, 13, 16, 17, 18, 19, 20, 21, 22, 23]","[806, 806, 806, 806, 806, 806, 806, 806, 806, 806, 806, 806, 806, 806, 806, 806, 806, 806, 806, 806]","[806, 806, 806, 806, 806, 806, 806, 806, 806, 806, 806, 806, 806, 806, 806, 806, 806, 806, 806, 806]"
22_37_511,"[49, 49, 49, 49, 49, 49, 49, 49, 49, 49, 49, 49, 49, 49, 49, 49, 49, 49, 49, 49]",[22],[37],"[2, 9, 10, 11, 12, 13, 14, 15, 18, 21, 22, 23]","[49, 49, 49, 49, 49, 49, 49, 49, 49, 49, 49, 49, 49, 49, 49, 49, 49, 49, 49, 49]","[49, 49, 49, 49, 49, 49, 49, 49, 49, 49, 49, 49, 49, 49, 49, 49, 49, 49, 49, 49]"
15_45_512,"[21, 21, 44, 74, 137, 160, 180, 196, 208, 209, 242, 303, 303, 303, 303, 313, 352, 352, 501, 501]",[15],[45],"[0, 1, 2, 4, 12, 14, 15, 16, 17, 18, 19, 20, 21, 22, 23]","[21, 21, 44, 74, 137, 160, 180, 196, 208, 209, 242, 303, 303, 303, 303, 313, 352, 352, 501, 501]","[21, 21, 44, 74, 137, 160, 180, 196, 208, 209, 242, 303, 303, 303, 303, 313, 352, 352, 501, 501]"
11_35_513,"[222, 361, 361, 361, 361, 361, 361, 361, 361, 361, 361, 361, 361, 361, 361, 361, 361, 361, 361, 361]",[11],[35],"[0, 1, 3, 5, 9, 10, 11, 12, 13, 16, 18, 19, 20, 21, 22, 23]","[222, 361, 361, 361, 361, 361, 361, 361, 361, 361, 361, 361, 361, 361, 361, 361, 361, 361, 361, 361]","[222, 361, 361, 361, 361, 361, 361, 361, 361, 361, 361, 361, 361, 361, 361, 361, 361, 361, 361, 361]"
67_29_514,"[9, 9, 9, 9, 9, 9, 9, 9, 9, 9, 9, 9, 9, 9, 9, 9, 9, 9, 9, 9]",[67],[29],"[0, 3, 4, 11, 12, 13, 14, 17, 18, 19, 20, 22, 23]","[9, 9, 9, 9, 9, 9, 9, 9, 9, 9, 9, 9, 9, 9, 9, 9, 9, 9, 9, 9]","[9, 9, 9, 9, 9, 9, 9, 9, 9, 9, 9, 9, 9, 9, 9, 9, 9, 9, 9, 9]"
18_72_515,"[20, 20, 20, 61, 61, 61, 61, 61, 61, 61, 61, 61, 61, 61, 61, 61, 61, 61, 61, 61]",[18],[72],"[0, 1, 2, 4, 5, 6, 7, 8, 14, 15, 16, 17, 18, 19, 20, 21, 22, 23]","[20, 20, 20, 61, 61, 61, 61, 61, 61, 61, 61, 61, 61, 61, 61, 61, 61, 61, 61, 61]","[20, 20, 20, 61, 61, 61, 61, 61, 61, 61, 61, 61, 61, 61, 61, 61, 61, 61, 61, 61]"
22_45_516,"[16, 297, 297, 297, 297, 297, 297, 297, 297, 297, 297, 297, 297, 297, 297, 297, 297, 297, 297, 297]",[22],[45],"[0, 1, 10, 11, 12, 13, 14, 15, 17, 18, 19, 20, 21, 22, 23]","[16, 297, 297, 297, 297, 297, 297, 297, 297, 297, 297, 297, 297, 297, 297, 297, 297, 297, 297, 297]","[16, 297, 297, 297, 297, 297, 297, 297, 297, 297, 297, 297, 297, 297, 297, 297, 297, 297, 297, 297]"
25_57_517,"[453, 453, 453, 453, 453, 453, 453, 453, 453, 453, 453, 453, 453, 453, 453, 453, 453, 453, 453, 453]",[25],[57],"[12, 13, 14, 15, 16, 17, 21]","[453, 453, 453, 453, 453, 453, 453, 453, 453, 453, 453, 453, 453, 453, 453, 453, 453, 453, 453, 453]","[453, 453, 453, 453, 453, 453, 453, 453, 453, 453, 453, 453, 453, 453, 453, 453, 453, 453, 453, 453]"
11_14_518,"[361, 361, 764, 764, 764, 764, 764, 764, 764, 764, 764, 764, 764, 764, 764, 764, 764, 764, 764, 764]",[11],[14],"[0, 1, 3, 9, 10, 11, 12, 14, 15, 16, 19, 21, 22, 23]","[361, 361, 764, 764, 764, 764, 764, 764, 764, 764, 764, 764, 764, 764, 764, 764, 764, 764, 764, 764]","[361, 361, 764, 764, 764, 764, 764, 764, 764, 764, 764, 764, 764, 764, 764, 764, 764, 764, 764, 764]"
13_44_519,"[35, 51, 88, 97, 108, 110, 124, 126, 133, 133, 139, 164, 242, 265, 318, 318, 343, 361, 361, 362]",[13],[44],"[0, 1, 2, 13, 14, 15, 16, 17, 18, 19, 20, 21, 22, 23]","[35, 51, 88, 97, 108, 110, 124, 126, 133, 133, 139, 164, 242, 265, 318, 318, 343, 361, 361, 362]","[35, 51, 88, 97, 108, 110, 124, 126, 133, 133, 139, 164, 242, 265, 318, 318, 343, 361, 361, 362]"
16_16_520,"[867, 867, 867, 867, 867, 867, 867, 867, 867, 867, 867, 867, 867, 867, 867, 867, 867, 867, 867, 867]",[16],[16],"[1, 2, 4, 5, 9, 10, 11, 15, 16, 17, 18, 19, 20, 21, 22, 23]","[867, 867, 867, 867, 867, 867, 867, 867, 867, 867, 867, 867, 867, 867, 867, 867, 867, 867, 867, 867]","[867, 867, 867, 867, 867, 867, 867, 867, 867, 867, 867, 867, 867, 867, 867, 867, 867, 867, 867, 867]"
22_34_521,"[79, 79, 79, 79, 79, 79, 79, 79, 79, 79, 79, 79, 79, 79, 79, 79, 79, 79, 79, 79]",[22],[34],"[0, 1, 11, 12, 13, 14, 15, 16, 18, 20, 21, 22, 23]","[79, 79, 79, 79, 79, 79, 79, 79, 79, 79, 79, 79, 79, 79, 79, 79, 79, 79, 79, 79]","[79, 79, 79, 79, 79, 79, 79, 79, 79, 79, 79, 79, 79, 79, 79, 79, 79, 79, 79, 79]"
21_44_522,"[176, 176, 176, 176, 176, 176, 176, 176, 176, 176, 176, 176, 176, 176, 176, 176, 176, 176, 176, 176]",[21],[44],"[12, 13, 18]","[176, 176, 176, 176, 176, 176, 176, 176, 176, 176, 176, 176, 176, 176, 176, 176, 176, 176, 176, 176]","[176, 176, 176, 176, 176, 176, 176, 176, 176, 176, 176, 176, 176, 176, 176, 176, 176, 176, 176, 176]"
0_97_523,"[50, 50, 50, 50, 50, 50, 50, 50, 50, 50, 50, 50, 50, 50, 50, 50, 50, 50, 50, 50]",[0],[97],"[1, 2, 3, 11, 12, 13, 18, 21, 22, 23]","[50, 50, 50, 50, 50, 50, 50, 50, 50, 50, 50, 50, 50, 50, 50, 50, 50, 50, 50, 50]","[50, 50, 50, 50, 50, 50, 50, 50, 50, 50, 50, 50, 50, 50, 50, 50, 50, 50, 50, 50]"
82_66_524,"[265, 265, 265, 265, 265, 265, 265, 265, 265, 265, 265, 265, 265, 265, 265, 265, 265, 265, 265, 265]",[82],[66],"[0, 1, 2, 3, 4, 5, 6, 7, 8, 9, 10, 12, 13, 14, 15, 17, 18, 19, 20, 21]","[265, 265, 265, 265, 265, 265, 265, 265, 265, 265, 265, 265, 265, 265, 265, 265, 265, 265, 265, 265]","[265, 265, 265, 265, 265, 265, 265, 265, 265, 265, 265, 265, 265, 265, 265, 265, 265, 265, 265, 265]"
74_55_525,"[705, 924, 924, 924, 924, 924, 924, 924, 924, 924, 924, 924, 924, 924, 924, 924, 924, 924, 924, 924]",[74],[55],"[14, 15, 16, 17, 19, 20, 22, 23]","[705, 924, 924, 924, 924, 924, 924, 924, 924, 924, 924, 924, 924, 924, 924, 924, 924, 924, 924, 924]","[705, 924, 924, 924, 924, 924, 924, 924, 924, 924, 924, 924, 924, 924, 924, 924, 924, 924, 924, 924]"
16_26_526,"[669, 669, 669, 669, 669, 669, 669, 669, 669, 669, 669, 669, 669, 669, 669, 669, 669, 669, 669, 669]",[16],[26],"[1, 3, 4, 5, 6, 15, 16, 17, 18, 19, 20, 21, 22, 23]","[669, 669, 669, 669, 669, 669, 669, 669, 669, 669, 669, 669, 669, 669, 669, 669, 669, 669, 669, 669]","[669, 669, 669, 669, 669, 669, 669, 669, 669, 669, 669, 669, 669, 669, 669, 669, 669, 669, 669, 669]"
41_54_527,"[469, 469, 469, 469, 469, 469, 469, 469, 469, 469, 469, 469, 469, 469, 469, 469, 469, 469, 469, 469]",[41],[54],"[12, 13, 14, 15, 16, 17, 18, 19, 20, 21]","[469, 469, 469, 469, 469, 469, 469, 469, 469, 469, 469, 469, 469, 469, 469, 469, 469, 469, 469, 469]","[469, 469, 469, 469, 469, 469, 469, 469, 469, 469, 469, 469, 469, 469, 469, 469, 469, 469, 469, 469]"
30_72_528,"[34, 34, 34, 34, 34, 34, 34, 34, 34, 34, 34, 34, 34, 34, 34, 34, 34, 34, 34, 34]",[30],[72],"[3, 4, 5, 6, 7, 23]","[34, 34, 34, 34, 34, 34, 34, 34, 34, 34, 34, 34, 34, 34, 34, 34, 34, 34, 34, 34]","[34, 34, 34, 34, 34, 34, 34, 34, 34, 34, 34, 34, 34, 34, 34, 34, 34, 34, 34, 34]"
12_55_529,"[551, 551, 551, 551, 551, 551, 551, 551, 551, 551, 551, 551, 551, 551, 551, 551, 551, 551, 551, 551]",[12],[55],"[10, 11, 12, 13, 14, 15, 16, 17, 18, 21, 22, 23]","[551, 551, 551, 551, 551, 551, 551, 551, 551, 551, 551, 551, 551, 551, 551, 551, 551, 551, 551, 551]","[551, 551, 551, 551, 551, 551, 551, 551, 551, 551, 551, 551, 551, 551, 551, 551, 551, 551, 551, 551]"
0_24_530,"[238, 261, 276, 276, 313, 361, 361, 361, 361, 361, 361, 361, 361, 361, 361, 361, 361, 361, 361, 361]",[0],[24],"[0, 3, 4, 5, 9, 10, 11, 12, 13, 14, 15, 16, 17, 18, 19, 23]","[238, 261, 276, 276, 313, 361, 361, 361, 361, 361, 361, 361, 361, 361, 361, 361, 361, 361, 361, 361]","[238, 261, 276, 276, 313, 361, 361, 361, 361, 361, 361, 361, 361, 361, 361, 361, 361, 361, 361, 361]"
8_28_531,"[1051, 1051, 1051, 1051, 1051, 1051, 1051, 1051, 1051, 1051, 1051, 1051, 1051, 1051, 1051, 1051, 1051, 1051, 1051, 1051]",[8],[28],"[0, 1, 2, 3, 4, 6, 7, 11, 12, 13, 14, 15, 20, 22, 23]","[1051, 1051, 1051, 1051, 1051, 1051, 1051, 1051, 1051, 1051, 1051, 1051, 1051, 1051, 1051, 1051, 1051, 1051, 1051, 1051]","[1051, 1051, 1051, 1051, 1051, 1051, 1051, 1051, 1051, 1051, 1051, 1051, 1051, 1051, 1051, 1051, 1051, 1051, 1051, 1051]"
16_54_532,"[463, 463, 463, 463, 463, 463, 463, 463, 463, 463, 463, 463, 463, 463, 463, 463, 463, 463, 463, 463]",[16],[54],"[3, 4, 6, 9, 10, 11, 12, 13, 14, 16, 17, 18, 21, 22]","[463, 463, 463, 463, 463, 463, 463, 463, 463, 463, 463, 463, 463, 463, 463, 463, 463, 463, 463, 463]","[463, 463, 463, 463, 463, 463, 463, 463, 463, 463, 463, 463, 463, 463, 463, 463, 463, 463, 463, 463]"
83_55_533,"[684, 684, 684, 684, 684, 684, 684, 684, 684, 684, 684, 684, 684, 684, 684, 684, 684, 684, 684, 684]",[83],[55],"[1, 2, 13, 14, 15, 16, 17, 18, 19, 20, 21]","[684, 684, 684, 684, 684, 684, 684, 684, 684, 684, 684, 684, 684, 684, 684, 684, 684, 684, 684, 684]","[684, 684, 684, 684, 684, 684, 684, 684, 684, 684, 684, 684, 684, 684, 684, 684, 684, 684, 684, 684]"
22_46_534,"[268, 268, 268, 268, 268, 268, 268, 268, 268, 268, 268, 268, 268, 268, 268, 268, 828, 828, 828, 828]",[22],[46],"[0, 1, 2, 10, 12, 14, 15, 16, 17, 18, 19, 20, 21, 22, 23]","[268, 268, 268, 268, 268, 268, 268, 268, 268, 268, 268, 268, 268, 268, 268, 268, 828, 828, 828, 828]","[268, 268, 268, 268, 268, 268, 268, 268, 268, 268, 268, 268, 268, 268, 268, 268, 828, 828, 828, 828]"
16_55_535,"[372, 372, 372, 372, 372, 372, 372, 372, 372, 372, 372, 372, 372, 372, 372, 372, 372, 372, 372, 372]",[16],[55],"[0, 1, 2, 3, 4, 5, 7, 9, 10, 11, 12, 13, 14, 15, 16, 17, 18, 19, 20, 21]","[372, 372, 372, 372, 372, 372, 372, 372, 372, 372, 372, 372, 372, 372, 372, 372, 372, 372, 372, 372]","[372, 372, 372, 372, 372, 372, 372, 372, 372, 372, 372, 372, 372, 372, 372, 372, 372, 372, 372, 372]"
1_18_536,"[37, 46, 67, 81, 145, 283, 295, 295, 308, 308, 308, 327, 328, 349, 349, 349, 349, 349, 349, 349]",[1],[18],"[0, 1, 3, 4, 5, 6, 8, 9, 10, 11, 12, 13, 14, 15, 16, 17, 19, 20, 21, 22]","[37, 46, 67, 81, 145, 283, 295, 295, 308, 308, 308, 327, 328, 349, 349, 349, 349, 349, 349, 349]","[37, 46, 67, 81, 145, 283, 295, 295, 308, 308, 308, 327, 328, 349, 349, 349, 349, 349, 349, 349]"
22_45_537,"[241, 241, 241, 241, 241, 241, 241, 241, 241, 241, 241, 241, 241, 241, 241, 241, 241, 241, 241, 241]",[22],[45],"[2, 14, 15, 16, 17, 18, 19, 20]","[241, 241, 241, 241, 241, 241, 241, 241, 241, 241, 241, 241, 241, 241, 241, 241, 241, 241, 241, 241]","[241, 241, 241, 241, 241, 241, 241, 241, 241, 241, 241, 241, 241, 241, 241, 241, 241, 241, 241, 241]"
84_34_538,"[210, 699, 699, 699, 699, 699, 699, 699, 699, 699, 699, 699, 699, 699, 699, 699, 699, 699, 699, 699]",[84],[34],"[0, 1, 2, 3, 4, 15, 16, 17, 18, 19, 20, 21, 22, 23]","[210, 699, 699, 699, 699, 699, 699, 699, 699, 699, 699, 699, 699, 699, 699, 699, 699, 699, 699, 699]","[210, 699, 699, 699, 699, 699, 699, 699, 699, 699, 699, 699, 699, 699, 699, 699, 699, 699, 699, 699]"
27_85_539,"[1050, 1050, 1050, 1050, 1050, 1050, 1050, 1050, 1050, 1050, 1050, 1050, 1050, 1050, 1050, 1050, 1050, 1050, 1050, 1050]",[27],[85],"[12, 13, 14, 15, 16, 19]","[1050, 1050, 1050, 1050, 1050, 1050, 1050, 1050, 1050, 1050, 1050, 1050, 1050, 1050, 1050, 1050, 1050, 1050, 1050, 1050]","[1050, 1050, 1050, 1050, 1050, 1050, 1050, 1050, 1050, 1050, 1050, 1050, 1050, 1050, 1050, 1050, 1050, 1050, 1050, 1050]"
22_46_540,"[135, 135, 135, 135, 135, 135, 135, 135, 135, 135, 135, 135, 135, 135, 135, 135, 135, 135, 135, 135]",[22],[46],"[0, 1, 2, 3, 11, 12, 13, 14, 19, 20, 21, 22, 23]","[135, 135, 135, 135, 135, 135, 135, 135, 135, 135, 135, 135, 135, 135, 135, 135, 135, 135, 135, 135]","[135, 135, 135, 135, 135, 135, 135, 135, 135, 135, 135, 135, 135, 135, 135, 135, 135, 135, 135, 135]"
52_34_541,"[7, 7, 126, 168, 214, 354, 355, 364, 394, 460, 460, 460, 460, 460, 460, 460, 460, 460, 460, 460]",[52],[34],"[0, 2, 4, 6, 14, 15, 16, 17, 18, 19, 20, 21, 22, 23]","[7, 7, 126, 168, 214, 354, 355, 364, 394, 460, 460, 460, 460, 460, 460, 460, 460, 460, 460, 460]","[7, 7, 126, 168, 214, 354, 355, 364, 394, 460, 460, 460, 460, 460, 460, 460, 460, 460, 460, 460]"
16_16_542,"[867, 867, 867, 867, 867, 867, 867, 867, 867, 867, 867, 867, 867, 867, 867, 867, 867, 867, 867, 867]",[16],[16],"[1, 2, 4, 5, 9, 10, 11, 15, 16, 17, 18, 19, 22, 23]","[867, 867, 867, 867, 867, 867, 867, 867, 867, 867, 867, 867, 867, 867, 867, 867, 867, 867, 867, 867]","[867, 867, 867, 867, 867, 867, 867, 867, 867, 867, 867, 867, 867, 867, 867, 867, 867, 867, 867, 867]"
0_41_543,"[8, 8, 8, 77, 77, 82, 82, 82, 82, 82, 82, 82, 82, 82, 82, 82, 82, 82, 82, 82]",[0],[41],"[2, 3, 9, 10, 12, 13, 15, 19, 20, 21, 22, 23]","[8, 8, 8, 77, 77, 82, 82, 82, 82, 82, 82, 82, 82, 82, 82, 82, 82, 82, 82, 82]","[8, 8, 8, 77, 77, 82, 82, 82, 82, 82, 82, 82, 82, 82, 82, 82, 82, 82, 82, 82]"
20_46_544,"[48, 64, 81, 135, 135, 135, 135, 135, 135, 193, 193, 312, 313, 328, 345, 345, 345, 386, 440, 450]",[20],[46],"[0, 1, 2, 3, 4, 15, 16, 17, 18, 19, 20, 21, 22, 23]","[48, 64, 81, 135, 135, 135, 135, 135, 135, 193, 193, 312, 313, 328, 345, 345, 345, 386, 440, 450]","[48, 64, 81, 135, 135, 135, 135, 135, 135, 193, 193, 312, 313, 328, 345, 345, 345, 386, 440, 450]"
16_15_545,"[701, 701, 701, 701, 701, 701, 701, 701, 701, 701, 701, 701, 701, 701, 701, 701, 701, 701, 701, 701]",[16],[15],"[0, 1, 2, 3, 4, 5, 6, 7, 8, 9, 17, 18, 20, 21, 22, 23]","[701, 701, 701, 701, 701, 701, 701, 701, 701, 701, 701, 701, 701, 701, 701, 701, 701, 701, 701, 701]","[701, 701, 701, 701, 701, 701, 701, 701, 701, 701, 701, 701, 701, 701, 701, 701, 701, 701, 701, 701]"
85_54_546,"[0, 35, 40, 83, 108, 120, 139, 152, 152, 182, 224, 311, 326, 337, 337, 356, 370, 428, 430, 464]",[85],[54],"[0, 1, 2, 3, 4, 14, 22, 23]","[0, 35, 40, 83, 108, 120, 139, 152, 152, 182, 224, 311, 326, 337, 337, 356, 370, 428, 430, 464]","[0, 35, 40, 83, 108, 120, 139, 152, 152, 182, 224, 311, 326, 337, 337, 356, 370, 428, 430, 464]"
16_72_547,"[698, 698, 698, 698, 698, 698, 698, 698, 698, 698, 698, 698, 698, 698, 698, 698, 698, 698, 698, 698]",[16],[72],"[0, 1, 2, 4, 11, 12, 13, 14, 15, 16, 18, 19, 20, 21, 22, 23]","[698, 698, 698, 698, 698, 698, 698, 698, 698, 698, 698, 698, 698, 698, 698, 698, 698, 698, 698, 698]","[698, 698, 698, 698, 698, 698, 698, 698, 698, 698, 698, 698, 698, 698, 698, 698, 698, 698, 698, 698]"
71_44_548,"[394, 394, 394, 394, 394, 394, 394, 394, 394, 394, 394, 394, 394, 394, 394, 394, 394, 394, 394, 394]",[71],[44],"[0, 1, 3, 4, 5, 7, 8, 10, 11, 12, 13, 14, 15, 17, 18, 19, 23]","[394, 394, 394, 394, 394, 394, 394, 394, 394, 394, 394, 394, 394, 394, 394, 394, 394, 394, 394, 394]","[394, 394, 394, 394, 394, 394, 394, 394, 394, 394, 394, 394, 394, 394, 394, 394, 394, 394, 394, 394]"
41_65_549,"[102, 102, 863, 863, 863, 863, 863, 863, 863, 863, 863, 863, 863, 863, 863, 863, 863, 863, 863, 863]",[41],[65],"[12, 13, 14, 15, 17, 19]","[102, 102, 863, 863, 863, 863, 863, 863, 863, 863, 863, 863, 863, 863, 863, 863, 863, 863, 863, 863]","[102, 102, 863, 863, 863, 863, 863, 863, 863, 863, 863, 863, 863, 863, 863, 863, 863, 863, 863, 863]"
21_34_550,"[403, 823, 823, 823, 823, 823, 823, 823, 823, 823, 823, 823, 823, 823, 823, 823, 823, 823, 823, 823]",[21],[34],"[0, 10, 11, 12, 13]","[403, 823, 823, 823, 823, 823, 823, 823, 823, 823, 823, 823, 823, 823, 823, 823, 823, 823, 823, 823]","[403, 823, 823, 823, 823, 823, 823, 823, 823, 823, 823, 823, 823, 823, 823, 823, 823, 823, 823, 823]"
38_37_551,"[49, 49, 49, 49, 49, 49, 49, 49, 49, 49, 49, 49, 49, 49, 49, 49, 49, 49, 472, 495]",[38],[37],"[10, 11, 12, 13, 14, 15, 21, 22, 23]","[49, 49, 49, 49, 49, 49, 49, 49, 49, 49, 49, 49, 49, 49, 49, 49, 49, 49, 472, 495]","[49, 49, 49, 49, 49, 49, 49, 49, 49, 49, 49, 49, 49, 49, 49, 49, 49, 49, 472, 495]"
4_83_552,"[623, 623, 623, 623, 654, 654, 654, 654, 766, 777, 812, 812, 812, 812, 812, 812, 812, 812, 827, 827]",[4],[83],"[1, 6, 9, 10, 11, 12, 13, 14, 15, 18, 20, 21, 22, 23]","[623, 623, 623, 623, 654, 654, 654, 654, 766, 777, 812, 812, 812, 812, 812, 812, 812, 812, 827, 827]","[623, 623, 623, 623, 654, 654, 654, 654, 766, 777, 812, 812, 812, 812, 812, 812, 812, 812, 827, 827]"
16_25_553,"[794, 794, 794, 794, 794, 794, 794, 794, 794, 794, 794, 794, 794, 794, 794, 794, 794, 794, 794, 794]",[16],[25],"[0, 1, 2, 3, 4, 5, 6, 15, 17, 18, 19, 20, 21, 22, 23]","[794, 794, 794, 794, 794, 794, 794, 794, 794, 794, 794, 794, 794, 794, 794, 794, 794, 794, 794, 794]","[794, 794, 794, 794, 794, 794, 794, 794, 794, 794, 794, 794, 794, 794, 794, 794, 794, 794, 794, 794]"
16_2_554,"[530, 530, 530, 530, 530, 530, 530, 530, 530, 530, 530, 530, 530, 530, 530, 530, 530, 530, 530, 530]",[16],[2],"[0, 2, 4, 15, 17, 18, 19, 20, 21, 22, 23]","[530, 530, 530, 530, 530, 530, 530, 530, 530, 530, 530, 530, 530, 530, 530, 530, 530, 530, 530, 530]","[530, 530, 530, 530, 530, 530, 530, 530, 530, 530, 530, 530, 530, 530, 530, 530, 530, 530, 530, 530]"
18_25_555,"[20, 24, 59, 103, 104, 110, 115, 117, 134, 187, 194, 194, 313, 313, 313, 361, 361, 361, 384, 401]",[18],[25],"[0, 1, 2, 12, 13, 14, 15, 16, 17, 18, 19, 20, 21, 22, 23]","[20, 24, 59, 103, 104, 110, 115, 117, 134, 187, 194, 194, 313, 313, 313, 361, 361, 361, 384, 401]","[20, 24, 59, 103, 104, 110, 115, 117, 134, 187, 194, 194, 313, 313, 313, 361, 361, 361, 384, 401]"
46_25_556,"[478, 478, 478, 478, 478, 478, 478, 478, 478, 478, 478, 478, 478, 478, 478, 478, 478, 478, 478, 478]",[46],[25],"[0, 1, 2, 3, 4, 5, 6, 7, 8, 10, 15, 18, 20, 21, 22, 23]","[478, 478, 478, 478, 478, 478, 478, 478, 478, 478, 478, 478, 478, 478, 478, 478, 478, 478, 478, 478]","[478, 478, 478, 478, 478, 478, 478, 478, 478, 478, 478, 478, 478, 478, 478, 478, 478, 478, 478, 478]"
21_76_557,"[366, 366, 366, 366, 366, 366, 366, 366, 366, 366, 366, 366, 366, 366, 366, 366, 366, 366, 366, 366]",[21],[76],"[0, 1, 2, 10, 11, 13, 14, 15, 16, 19, 21, 22, 23]","[366, 366, 366, 366, 366, 366, 366, 366, 366, 366, 366, 366, 366, 366, 366, 366, 366, 366, 366, 366]","[366, 366, 366, 366, 366, 366, 366, 366, 366, 366, 366, 366, 366, 366, 366, 366, 366, 366, 366, 366]"
22_44_558,"[88, 301, 301, 301, 301, 301, 301, 301, 301, 301, 301, 301, 301, 301, 301, 301, 301, 301, 301, 301]",[22],[44],"[0, 1, 8, 11, 12, 13, 14, 15, 16, 17, 18, 19, 20, 21, 22, 23]","[88, 301, 301, 301, 301, 301, 301, 301, 301, 301, 301, 301, 301, 301, 301, 301, 301, 301, 301, 301]","[88, 301, 301, 301, 301, 301, 301, 301, 301, 301, 301, 301, 301, 301, 301, 301, 301, 301, 301, 301]"
38_45_559,"[37, 37, 37, 37, 37, 37, 37, 37, 37, 37, 37, 37, 37, 37, 37, 37, 37, 37, 37, 37]",[38],[45],"[2, 13, 14, 15, 16, 17, 19, 20, 21, 23]","[37, 37, 37, 37, 37, 37, 37, 37, 37, 37, 37, 37, 37, 37, 37, 37, 37, 37, 37, 37]","[37, 37, 37, 37, 37, 37, 37, 37, 37, 37, 37, 37, 37, 37, 37, 37, 37, 37, 37, 37]"
7_34_560,"[17, 17, 17, 17, 17, 17, 17, 17, 17, 17, 17, 17, 17, 17, 17, 17, 17, 17, 17, 17]",[7],[34],"[0, 1, 2, 3, 5, 6, 8, 10, 11, 12, 13, 14, 15, 18, 19, 20, 21, 22, 23]","[17, 17, 17, 17, 17, 17, 17, 17, 17, 17, 17, 17, 17, 17, 17, 17, 17, 17, 17, 17]","[17, 17, 17, 17, 17, 17, 17, 17, 17, 17, 17, 17, 17, 17, 17, 17, 17, 17, 17, 17]"
65_55_561,"[636, 636, 636, 989, 989, 989, 989, 989, 989, 989, 989, 989, 989, 989, 989, 989, 989, 989, 989, 989]",[65],[55],"[1, 4, 5, 7, 9, 12, 13, 14, 15, 16, 17, 18, 19, 20, 21, 22]","[636, 636, 636, 989, 989, 989, 989, 989, 989, 989, 989, 989, 989, 989, 989, 989, 989, 989, 989, 989]","[636, 636, 636, 989, 989, 989, 989, 989, 989, 989, 989, 989, 989, 989, 989, 989, 989, 989, 989, 989]"
46_55_562,"[813, 813, 813, 813, 813, 813, 813, 813, 813, 813, 813, 813, 813, 813, 813, 813, 813, 813, 813, 813]",[46],[55],"[0, 1, 3, 5, 7, 11, 12, 13, 14, 15, 16, 17, 18, 19, 20, 21, 22, 23]","[813, 813, 813, 813, 813, 813, 813, 813, 813, 813, 813, 813, 813, 813, 813, 813, 813, 813, 813, 813]","[813, 813, 813, 813, 813, 813, 813, 813, 813, 813, 813, 813, 813, 813, 813, 813, 813, 813, 813, 813]"
21_44_563,"[629, 629, 629, 629, 629, 629, 629, 629, 629, 629, 629, 629, 629, 629, 629, 629, 629, 629, 629, 629]",[21],[44],"[13, 14, 15]","[629, 629, 629, 629, 629, 629, 629, 629, 629, 629, 629, 629, 629, 629, 629, 629, 629, 629, 629, 629]","[629, 629, 629, 629, 629, 629, 629, 629, 629, 629, 629, 629, 629, 629, 629, 629, 629, 629, 629, 629]"
41_84_564,"[680, 941, 941, 941, 941, 941, 941, 941, 941, 941, 941, 941, 941, 941, 941, 941, 941, 941, 941, 941]",[41],[84],"[0, 12, 13, 14, 15, 16, 17, 18, 19, 21, 22]","[680, 941, 941, 941, 941, 941, 941, 941, 941, 941, 941, 941, 941, 941, 941, 941, 941, 941, 941, 941]","[680, 941, 941, 941, 941, 941, 941, 941, 941, 941, 941, 941, 941, 941, 941, 941, 941, 941, 941, 941]"
12_65_565,"[171, 171, 171, 171, 171, 171, 171, 171, 171, 171, 269, 269, 269, 269, 269, 269, 269, 269, 269, 269]",[12],[65],"[0, 1, 2, 11, 12, 21, 22, 23]","[171, 171, 171, 171, 171, 171, 171, 171, 171, 171, 269, 269, 269, 269, 269, 269, 269, 269, 269, 269]","[171, 171, 171, 171, 171, 171, 171, 171, 171, 171, 269, 269, 269, 269, 269, 269, 269, 269, 269, 269]"
16_55_566,"[130, 130, 130, 130, 130, 130, 130, 130, 130, 130, 130, 130, 130, 130, 130, 130, 130, 130, 130, 130]",[16],[55],"[0, 1, 2, 3, 4, 11, 12, 13, 14, 15, 16, 17, 18, 19, 20, 21, 22, 23]","[130, 130, 130, 130, 130, 130, 130, 130, 130, 130, 130, 130, 130, 130, 130, 130, 130, 130, 130, 130]","[130, 130, 130, 130, 130, 130, 130, 130, 130, 130, 130, 130, 130, 130, 130, 130, 130, 130, 130, 130]"
21_34_567,"[338, 338, 338, 338, 338, 338, 338, 338, 338, 338, 338, 338, 338, 338, 338, 338, 338, 338, 338, 338]",[21],[34],"[8, 9, 10, 11, 13, 16, 18, 20]","[338, 338, 338, 338, 338, 338, 338, 338, 338, 338, 338, 338, 338, 338, 338, 338, 338, 338, 338, 338]","[338, 338, 338, 338, 338, 338, 338, 338, 338, 338, 338, 338, 338, 338, 338, 338, 338, 338, 338, 338]"
16_58_568,"[380, 380, 380, 380, 380, 380, 380, 380, 380, 380, 380, 380, 380, 380, 380, 380, 380, 380, 380, 380]",[16],[58],"[0, 14, 15, 16, 17, 18, 19, 20, 21, 22, 23]","[380, 380, 380, 380, 380, 380, 380, 380, 380, 380, 380, 380, 380, 380, 380, 380, 380, 380, 380, 380]","[380, 380, 380, 380, 380, 380, 380, 380, 380, 380, 380, 380, 380, 380, 380, 380, 380, 380, 380, 380]"
16_55_569,"[893, 893, 893, 893, 893, 893, 893, 893, 893, 893, 893, 893, 893, 893, 893, 893, 893, 893, 893, 893]",[16],[55],"[1, 2, 3, 4, 5, 7, 12, 13, 14, 15, 16, 19, 20, 21, 22, 23]","[893, 893, 893, 893, 893, 893, 893, 893, 893, 893, 893, 893, 893, 893, 893, 893, 893, 893, 893, 893]","[893, 893, 893, 893, 893, 893, 893, 893, 893, 893, 893, 893, 893, 893, 893, 893, 893, 893, 893, 893]"
67_51_570,"[396, 396, 396, 396, 396, 396, 396, 396, 396, 396, 396, 396, 396, 396, 396, 396, 396, 396, 396, 396]",[67],[51],"[11, 12, 13, 19, 23]","[396, 396, 396, 396, 396, 396, 396, 396, 396, 396, 396, 396, 396, 396, 396, 396, 396, 396, 396, 396]","[396, 396, 396, 396, 396, 396, 396, 396, 396, 396, 396, 396, 396, 396, 396, 396, 396, 396, 396, 396]"
38_24_571,"[967, 967, 967, 967, 967, 967, 967, 967, 967, 967, 967, 967, 967, 967, 967, 967, 967, 967, 967, 967]",[38],[24],"[10, 11, 12, 18]","[967, 967, 967, 967, 967, 967, 967, 967, 967, 967, 967, 967, 967, 967, 967, 967, 967, 967, 967, 967]","[967, 967, 967, 967, 967, 967, 967, 967, 967, 967, 967, 967, 967, 967, 967, 967, 967, 967, 967, 967]"
7_37_572,"[53, 306, 308, 308, 308, 362, 366, 443, 746, 806, 917, 975, 975, 1006, 1006, 1033, 1033, 1033, 1033, 1033]",[7],[37],"[0, 1, 2, 3, 4, 5, 6, 7, 8, 10, 13, 14, 15, 16, 17, 18, 19, 20, 21, 22]","[53, 306, 308, 308, 308, 362, 366, 443, 746, 806, 917, 975, 975, 1006, 1006, 1033, 1033, 1033, 1033, 1033]","[53, 306, 308, 308, 308, 362, 366, 443, 746, 806, 917, 975, 975, 1006, 1006, 1033, 1033, 1033, 1033, 1033]"
24_34_573,"[24, 40, 72, 103, 119, 179, 199, 229, 250, 305, 381, 381, 381, 400, 400, 400, 498, 498, 529, 637]",[24],[34],"[0, 2, 12, 13, 14, 15, 16, 17, 18, 19, 21, 22, 23]","[24, 40, 72, 103, 119, 179, 199, 229, 250, 305, 381, 381, 381, 400, 400, 400, 498, 498, 529, 637]","[24, 40, 72, 103, 119, 179, 199, 229, 250, 305, 381, 381, 381, 400, 400, 400, 498, 498, 529, 637]"
30_44_574,"[110, 166, 320, 320, 421, 445, 531, 538, 538, 538, 538, 538, 538, 538, 538, 538, 538, 572, 644, 644]",[30],[44],"[0, 1, 2, 3, 4, 5, 6, 7, 21, 22, 23]","[110, 166, 320, 320, 421, 445, 531, 538, 538, 538, 538, 538, 538, 538, 538, 538, 538, 572, 644, 644]","[110, 166, 320, 320, 421, 445, 531, 538, 538, 538, 538, 538, 538, 538, 538, 538, 538, 572, 644, 644]"
0_35_575,"[276, 276, 276, 293, 293, 293, 361, 361, 361, 361, 361, 361, 361, 361, 361, 361, 361, 361, 361, 361]",[0],[35],"[0, 1, 2, 3, 4, 5, 6, 9, 10, 11, 12, 13, 14, 15, 16, 17, 18, 19, 20, 21]","[276, 276, 276, 293, 293, 293, 361, 361, 361, 361, 361, 361, 361, 361, 361, 361, 361, 361, 361, 361]","[276, 276, 276, 293, 293, 293, 361, 361, 361, 361, 361, 361, 361, 361, 361, 361, 361, 361, 361, 361]"
38_44_576,"[869, 869, 869, 869, 869, 869, 869, 869, 869, 869, 869, 869, 869, 869, 869, 869, 869, 869, 869, 869]",[38],[44],"[11, 12]","[869, 869, 869, 869, 869, 869, 869, 869, 869, 869, 869, 869, 869, 869, 869, 869, 869, 869, 869, 869]","[869, 869, 869, 869, 869, 869, 869, 869, 869, 869, 869, 869, 869, 869, 869, 869, 869, 869, 869, 869]"
16_48_577,"[415, 415, 415, 415, 415, 415, 415, 415, 415, 415, 415, 415, 415, 415, 415, 415, 415, 415, 415, 415]",[16],[48],"[1, 2, 3, 4, 5, 6, 7, 11, 12, 13, 14, 15, 16, 20, 23]","[415, 415, 415, 415, 415, 415, 415, 415, 415, 415, 415, 415, 415, 415, 415, 415, 415, 415, 415, 415]","[415, 415, 415, 415, 415, 415, 415, 415, 415, 415, 415, 415, 415, 415, 415, 415, 415, 415, 415, 415]"
26_44_578,"[413, 413, 413, 413, 413, 413, 413, 413, 413, 413, 413, 413, 413, 413, 413, 413, 413, 413, 413, 413]",[26],[44],"[12, 13, 14, 15, 16, 17, 18, 19, 20, 21, 22]","[413, 413, 413, 413, 413, 413, 413, 413, 413, 413, 413, 413, 413, 413, 413, 413, 413, 413, 413, 413]","[413, 413, 413, 413, 413, 413, 413, 413, 413, 413, 413, 413, 413, 413, 413, 413, 413, 413, 413, 413]"
86_66_579,"[751, 751, 751, 751, 751, 751, 751, 751, 751, 751, 751, 751, 751, 751, 751, 751, 751, 751, 751, 751]",[86],[66],"[11, 12, 13, 14]","[751, 751, 751, 751, 751, 751, 751, 751, 751, 751, 751, 751, 751, 751, 751, 751, 751, 751, 751, 751]","[751, 751, 751, 751, 751, 751, 751, 751, 751, 751, 751, 751, 751, 751, 751, 751, 751, 751, 751, 751]"
14_34_580,"[236, 236, 236, 236, 236, 236, 236, 236, 236, 236, 236, 236, 236, 236, 236, 236, 236, 236, 236, 236]",[14],[34],"[9, 10, 11, 12, 14]","[236, 236, 236, 236, 236, 236, 236, 236, 236, 236, 236, 236, 236, 236, 236, 236, 236, 236, 236, 236]","[236, 236, 236, 236, 236, 236, 236, 236, 236, 236, 236, 236, 236, 236, 236, 236, 236, 236, 236, 236]"
87_55_581,"[166, 166, 166, 166, 166, 166, 166, 166, 166, 166, 166, 166, 166, 166, 166, 166, 166, 166, 166, 166]",[87],[55],"[12, 13, 14, 15, 16]","[166, 166, 166, 166, 166, 166, 166, 166, 166, 166, 166, 166, 166, 166, 166, 166, 166, 166, 166, 166]","[166, 166, 166, 166, 166, 166, 166, 166, 166, 166, 166, 166, 166, 166, 166, 166, 166, 166, 166, 166]"
30_33_582,"[324, 494, 539, 781, 781, 999, 999, 999, 999, 999, 999, 999, 999, 999, 999, 999, 999, 999, 999, 999]",[30],[33],"[0, 1, 2, 3, 4, 5, 6, 7, 20, 22, 23]","[324, 494, 539, 781, 781, 999, 999, 999, 999, 999, 999, 999, 999, 999, 999, 999, 999, 999, 999, 999]","[324, 494, 539, 781, 781, 999, 999, 999, 999, 999, 999, 999, 999, 999, 999, 999, 999, 999, 999, 999]"
0_7_583,"[742, 742, 742, 742, 742, 742, 742, 742, 742, 742, 742, 742, 742, 742, 742, 742, 742, 742, 742, 742]",[0],[7],"[4, 10, 11, 12, 13, 14, 18, 20]","[742, 742, 742, 742, 742, 742, 742, 742, 742, 742, 742, 742, 742, 742, 742, 742, 742, 742, 742, 742]","[742, 742, 742, 742, 742, 742, 742, 742, 742, 742, 742, 742, 742, 742, 742, 742, 742, 742, 742, 742]"
21_44_584,"[204, 204, 204, 204, 204, 204, 204, 204, 204, 204, 204, 204, 204, 204, 204, 204, 204, 204, 204, 204]",[21],[44],"[0, 13, 14, 15, 16, 17, 18, 19, 20, 22]","[204, 204, 204, 204, 204, 204, 204, 204, 204, 204, 204, 204, 204, 204, 204, 204, 204, 204, 204, 204]","[204, 204, 204, 204, 204, 204, 204, 204, 204, 204, 204, 204, 204, 204, 204, 204, 204, 204, 204, 204]"
27_51_585,"[317, 396, 454, 454, 454, 454, 631, 631, 631, 631, 631, 631, 631, 631, 631, 631, 631, 631, 631, 631]",[27],[51],"[0, 3, 4, 12, 13, 15, 16, 17, 18, 19, 20, 22, 23]","[317, 396, 454, 454, 454, 454, 631, 631, 631, 631, 631, 631, 631, 631, 631, 631, 631, 631, 631, 631]","[317, 396, 454, 454, 454, 454, 631, 631, 631, 631, 631, 631, 631, 631, 631, 631, 631, 631, 631, 631]"
27_46_586,"[476, 476, 476, 476, 476, 476, 476, 476, 476, 476, 476, 476, 476, 476, 476, 476, 476, 476, 476, 476]",[27],[46],"[12, 13, 14, 19]","[476, 476, 476, 476, 476, 476, 476, 476, 476, 476, 476, 476, 476, 476, 476, 476, 476, 476, 476, 476]","[476, 476, 476, 476, 476, 476, 476, 476, 476, 476, 476, 476, 476, 476, 476, 476, 476, 476, 476, 476]"
21_44_587,"[108, 108, 108, 108, 108, 108, 108, 108, 108, 108, 108, 108, 108, 108, 108, 108, 108, 108, 108, 108]",[21],[44],"[13, 14, 15, 16, 17, 19, 21, 22, 23]","[108, 108, 108, 108, 108, 108, 108, 108, 108, 108, 108, 108, 108, 108, 108, 108, 108, 108, 108, 108]","[108, 108, 108, 108, 108, 108, 108, 108, 108, 108, 108, 108, 108, 108, 108, 108, 108, 108, 108, 108]"
18_62_588,"[14, 52, 71, 71, 71, 178, 178, 178, 178, 178, 178, 178, 220, 396, 431, 462, 462, 462, 485, 535]",[18],[62],"[0, 1, 2, 3, 13, 14, 15, 16, 17, 18, 19, 20, 21, 22, 23]","[14, 52, 71, 71, 71, 178, 178, 178, 178, 178, 178, 178, 220, 396, 431, 462, 462, 462, 485, 535]","[14, 52, 71, 71, 71, 178, 178, 178, 178, 178, 178, 178, 220, 396, 431, 462, 462, 462, 485, 535]"
3_34_589,"[170, 196, 318, 333, 361, 361, 361, 361, 399, 462, 462, 462, 648, 648, 648, 697, 750, 833, 872, 872]",[3],[34],"[1, 2, 3, 4, 7, 9, 10, 11, 12, 14, 15, 16, 17, 18, 19, 20, 21, 22, 23]","[170, 196, 318, 333, 361, 361, 361, 361, 399, 462, 462, 462, 648, 648, 648, 697, 750, 833, 872, 872]","[170, 196, 318, 333, 361, 361, 361, 361, 399, 462, 462, 462, 648, 648, 648, 697, 750, 833, 872, 872]"
55_34_590,"[338, 338, 338, 338, 338, 338, 338, 338, 338, 338, 338, 338, 338, 338, 338, 338, 338, 338, 338, 338]",[55],[34],"[8, 9, 11, 19, 21]","[338, 338, 338, 338, 338, 338, 338, 338, 338, 338, 338, 338, 338, 338, 338, 338, 338, 338, 338, 338]","[338, 338, 338, 338, 338, 338, 338, 338, 338, 338, 338, 338, 338, 338, 338, 338, 338, 338, 338, 338]"
41_34_591,"[97, 110, 225, 225, 225, 242, 242, 275, 543, 681, 681, 681, 681, 681, 681, 681, 681, 681, 681, 681]",[41],[34],"[0, 1, 2, 4, 13, 14, 15, 16, 17, 18, 19, 20, 21, 22, 23]","[97, 110, 225, 225, 225, 242, 242, 275, 543, 681, 681, 681, 681, 681, 681, 681, 681, 681, 681, 681]","[97, 110, 225, 225, 225, 242, 242, 275, 543, 681, 681, 681, 681, 681, 681, 681, 681, 681, 681, 681]"
88_62_592,"[626, 626, 626, 626, 626, 626, 626, 626, 626, 626, 626, 626, 626, 626, 626, 626, 626, 626, 626, 626]",[88],[62],"[12, 13, 14, 15, 16, 17, 18, 19, 20, 21, 22]","[626, 626, 626, 626, 626, 626, 626, 626, 626, 626, 626, 626, 626, 626, 626, 626, 626, 626, 626, 626]","[626, 626, 626, 626, 626, 626, 626, 626, 626, 626, 626, 626, 626, 626, 626, 626, 626, 626, 626, 626]"
3_58_593,"[876, 876, 876, 876, 876, 876, 876, 876, 876, 876, 876, 876, 876, 876, 876, 876, 876, 876, 876, 876]",[3],[58],"[0, 1, 2, 7, 9, 10, 11, 12, 16, 18, 19, 21, 22, 23]","[876, 876, 876, 876, 876, 876, 876, 876, 876, 876, 876, 876, 876, 876, 876, 876, 876, 876, 876, 876]","[876, 876, 876, 876, 876, 876, 876, 876, 876, 876, 876, 876, 876, 876, 876, 876, 876, 876, 876, 876]"
11_34_594,"[178, 208, 277, 277, 520, 520, 520, 520, 520, 520, 520, 520, 520, 527, 716, 744, 744, 744, 789, 811]",[11],[34],"[0, 3, 4, 9, 12, 13, 15, 17, 18, 19, 20, 21, 22, 23]","[178, 208, 277, 277, 520, 520, 520, 520, 520, 520, 520, 520, 520, 527, 716, 744, 744, 744, 789, 811]","[178, 208, 277, 277, 520, 520, 520, 520, 520, 520, 520, 520, 520, 527, 716, 744, 744, 744, 789, 811]"
36_44_595,"[19, 33, 289, 320, 320, 320, 320, 320, 320, 320, 320, 320, 320, 320, 320, 320, 320, 320, 320, 320]",[36],[44],"[0, 1, 2, 3, 4, 5, 6, 12, 18, 19, 20, 21, 22, 23]","[19, 33, 289, 320, 320, 320, 320, 320, 320, 320, 320, 320, 320, 320, 320, 320, 320, 320, 320, 320]","[19, 33, 289, 320, 320, 320, 320, 320, 320, 320, 320, 320, 320, 320, 320, 320, 320, 320, 320, 320]"
38_44_596,"[160, 304, 552, 552, 552, 552, 552, 552, 552, 552, 552, 552, 552, 552, 984, 984, 984, 984, 984, 984]",[38],[44],"[10, 11, 12, 13, 14, 16, 21]","[160, 304, 552, 552, 552, 552, 552, 552, 552, 552, 552, 552, 552, 552, 984, 984, 984, 984, 984, 984]","[160, 304, 552, 552, 552, 552, 552, 552, 552, 552, 552, 552, 552, 552, 984, 984, 984, 984, 984, 984]"
86_51_597,"[14, 14, 14, 14, 14, 14, 14, 14, 14, 14, 14, 14, 14, 14, 14, 14, 14, 14, 14, 14]",[86],[51],"[1, 10, 11, 12, 13, 14, 16, 20, 22, 23]","[14, 14, 14, 14, 14, 14, 14, 14, 14, 14, 14, 14, 14, 14, 14, 14, 14, 14, 14, 14]","[14, 14, 14, 14, 14, 14, 14, 14, 14, 14, 14, 14, 14, 14, 14, 14, 14, 14, 14, 14]"
7_46_598,"[486, 818, 818, 818, 818, 818, 818, 818, 818, 818, 818, 818, 818, 818, 818, 818, 818, 818, 818, 818]",[7],[46],"[0, 1, 8, 10, 13, 16, 18, 19, 20, 21, 22, 23]","[486, 818, 818, 818, 818, 818, 818, 818, 818, 818, 818, 818, 818, 818, 818, 818, 818, 818, 818, 818]","[486, 818, 818, 818, 818, 818, 818, 818, 818, 818, 818, 818, 818, 818, 818, 818, 818, 818, 818, 818]"
89_34_599,"[40, 98, 152, 152, 251, 291, 346, 346, 346, 416, 479, 479, 479, 479, 479, 479, 479, 479, 479, 479]",[89],[34],"[0, 1, 2, 3, 6, 16, 17, 18, 19, 21, 22, 23]","[40, 98, 152, 152, 251, 291, 346, 346, 346, 416, 479, 479, 479, 479, 479, 479, 479, 479, 479, 479]","[40, 98, 152, 152, 251, 291, 346, 346, 346, 416, 479, 479, 479, 479, 479, 479, 479, 479, 479, 479]"
